condition,seed,step,population,meanEnergy,ruleDiversity,lineageDiversity,scarcityActive,forage_weight,hazard_avoidance,exploration,reproduction_threshold
stable_mutable,13001,0,72,6.97597020509163,0.10759151959564262,0.9999999999999998,False,0.483892653066144,0.47360993443085303,0.4308403258376267,0.4216966843585382
stable_mutable,13001,5,78,7.066893721275654,0.10844900001511318,0.993781296139378,False,0.49205120392756346,0.4752473066479905,0.43003445161428816,0.4150918417813006
stable_mutable,13001,10,89,7.100706299310664,0.1067603660113487,0.9848980649752135,False,0.5006116023694458,0.47743244332036666,0.42792995976933235,0.41129504811141404
stable_mutable,13001,15,95,6.8457143225120936,0.10649804577939433,0.9748159015934597,False,0.5076966012140373,0.4785939930625267,0.42936980126456437,0.41226691264542054
stable_mutable,13001,20,99,6.6513925317035225,0.10601049448888356,0.9717247561568373,False,0.5068015695751337,0.47473662586484755,0.4325276545946364,0.41085064873275157
stable_mutable,13001,25,100,6.502178606386487,0.10567114858887822,0.9706371533416519,False,0.5079698986333002,0.47533592187140783,0.43256156265873125,0.4107510973744683
stable_mutable,13001,30,103,6.27342583144319,0.10630281310411711,0.964946365772108,False,0.5124258150423769,0.4747426447621533,0.43143921071334057,0.4085432110210049
stable_mutable,13001,35,107,5.957970660174284,0.10668985602754937,0.9621559296722969,False,0.5133816632218672,0.47488117482222025,0.4297115306351839,0.4065644962668809
stable_mutable,13001,40,107,5.7376435573705455,0.10668985602754937,0.9621559296722969,False,0.5133816632218672,0.47488117482222025,0.4297115306351839,0.4065644962668809
stable_mutable,13001,45,109,5.404705143473837,0.10701344002643363,0.9597479105043275,False,0.5152168881395753,0.4731347781408787,0.42916135714203524,0.4052945775220165
stable_mutable,13001,50,109,5.1975950517307155,0.10701344002643363,0.9597479105043275,False,0.5152168881395753,0.4731347781408787,0.42916135714203524,0.4052945775220165
stable_mutable,13001,55,108,5.026688371008669,0.10679066597119394,0.9563222902901524,False,0.5175171273770128,0.4736727578930809,0.42947887191533385,0.40596755262396844
stable_mutable,13001,60,102,5.099660235969963,0.10473797145502209,0.9411667933567026,False,0.5274133348595145,0.4722116059956648,0.4308752066191837,0.4076894181797475
stable_mutable,13001,65,100,5.001731440689361,0.10409614636258845,0.9381958960713863,False,0.5295339418984624,0.47004209386468127,0.4271425284642433,0.40630515534211264
stable_mutable,13001,70,100,4.810731440689361,0.10490374938208259,0.9266829472979413,False,0.5318220256993981,0.4692458532157611,0.42861924326851414,0.4062791883755444
stable_mutable,13001,75,97,4.767955547102432,0.10507445532082625,0.9209488804453844,False,0.5335840448704099,0.4673041388074318,0.4266830430652877,0.4064323138666702
stable_mutable,13001,80,94,4.74001795818017,0.10527132023177731,0.9088558387521758,False,0.5381321319816135,0.46580564463254437,0.42690846311196995,0.4066641468681504
stable_mutable,13001,85,93,4.623674065257376,0.10416593156022602,0.9047045705327895,False,0.5366537717896366,0.4637153217361683,0.4296162103790633,0.40768430008737083
stable_mutable,13001,90,90,4.5976934229881765,0.10480364039518811,0.8954678065054418,False,0.5393451516855036,0.46212520498729276,0.42936155640023177,0.40696023562067485
stable_mutable,13001,95,86,4.694488167746439,0.10336310812029242,0.8813178984713241,False,0.5439738991375502,0.4585467653851765,0.4298183857544711,0.4070982954350497
stable_mutable,13001,100,86,4.576011423560392,0.10379049736201558,0.8625204733985843,False,0.5489873453888464,0.4495382370220691,0.4358427464176465,0.4081037550227352
stable_mutable,13001,105,85,4.506199793249338,0.10354537937139226,0.8576794331456792,False,0.5509511314769036,0.4480209773191626,0.4346752162903918,0.4072608291464043
stable_mutable,13001,110,80,4.67217158032742,0.10481611541905034,0.8458680951062229,False,0.5504611458851467,0.4452033375791582,0.43542869327782174,0.40661897885883935
stable_mutable,13001,115,77,4.767622072028488,0.10347217864386811,0.8367965597697617,False,0.5555404251892276,0.44284401707651194,0.43405978755879443,0.4074342170231639
stable_mutable,13001,120,76,4.775582888765705,0.10379309784978025,0.8356511466389934,False,0.5566448432237412,0.44171725370314757,0.43490452827598464,0.4066694280426914
stable_mutable,13001,125,76,4.707161836134126,0.10379309784978025,0.8356511466389934,False,0.5566448432237412,0.44171725370314757,0.43490452827598464,0.4066694280426914
stable_mutable,13001,129,76,4.656174994028862,0.10364533550519944,0.8259919722185887,False,0.5618858854230457,0.4438325903659497,0.4332072266171729,0.4056654556384359
stable_mutable,13001,130,75,4.70511332728258,0.10355756858041915,0.820406208559041,False,0.5631381356126681,0.44420497825231925,0.4309293780998391,0.40700937454917896
stable_mutable,13001,135,77,4.525370123976539,0.10403934196224629,0.8065608095230715,False,0.5644219825525072,0.4425774172397651,0.4281256579885654,0.4028486123014219
stable_mutable,13001,140,76,4.512254678239387,0.10449984425700115,0.8066274199766688,False,0.5645928841377484,0.44257258210068373,0.42690865305501946,0.40184015886940366
stable_mutable,13001,145,76,4.439052046660438,0.10397468613033509,0.812363981935355,False,0.5645809488213743,0.4398635843367063,0.4269572332021524,0.4033818654091947
stable_mutable,13001,150,74,4.497521777651261,0.1046207644132969,0.8050957428134196,False,0.5660460183381462,0.43807733814169053,0.4257736907312233,0.40256593493497184
stable_mutable,13001,155,72,4.567245484808241,0.10427523495191375,0.8032929493451728,False,0.5666192482355347,0.43474193149243867,0.42515082342300387,0.4054607237953546
stable_mutable,13001,160,71,4.6049588014956795,0.10434921902726896,0.8018176024292961,False,0.5687653514144205,0.4347160069406221,0.4250784763345632,0.4037341809497162
stable_mutable,13001,165,71,4.57221232262244,0.10434921902726896,0.8018176024292961,False,0.5687653514144205,0.4347160069406221,0.4250784763345632,0.4037341809497162
stable_mutable,13001,170,69,4.67405615806077,0.10460277178146445,0.7894867522791751,False,0.5695301178604333,0.43178164639096817,0.42481905833623546,0.399764407639146
stable_mutable,13001,175,69,4.649540216031784,0.1051401895904239,0.7883352455622284,False,0.5671921885575936,0.42634831009405105,0.4240727318392332,0.401893524013174
stable_mutable,13001,180,66,4.851759922821108,0.10588546154498545,0.7843625238498968,False,0.5686708088413149,0.42229061160537434,0.4228116975558911,0.40264408059934026
stable_mutable,13001,185,66,4.87168188677341,0.1043796851307755,0.7736838528514153,False,0.5736843337908706,0.42641886601586565,0.42369744042920693,0.396202803287029
stable_mutable,13001,190,65,4.948400069646847,0.1040156514670197,0.7669451281673627,False,0.5727641391045463,0.425242609047013,0.42092996753140766,0.3938378145314041
stable_mutable,13001,195,64,5.018670695735079,0.10394989785982503,0.7710644084345996,False,0.5710437927679454,0.4237639172789845,0.4206830234233568,0.39628586352326417
stable_mutable,13001,200,66,4.926438250409772,0.10320454636971824,0.7687331212158035,False,0.5705820540808251,0.4241012256734584,0.4200393918360407,0.39619643915203795
stable_mutable,13001,205,66,4.933559462530985,0.10305723019902688,0.7539988917255197,False,0.5709465061972456,0.42632790225252054,0.41907273156711644,0.394837372110302
stable_mutable,13001,210,66,4.964629843137044,0.10344452888755469,0.7482316305571326,False,0.5729209367510413,0.42625188578629897,0.417931535902454,0.3905189476487461
stable_mutable,13001,215,66,5.006448024955226,0.10290621549399641,0.7386540510227357,False,0.572054387169755,0.42478710576743234,0.41571809709296503,0.3889061764391094
stable_mutable,13001,220,63,4.903658430826898,0.10496414387265741,0.7092128660370524,False,0.578934582587729,0.41914262209695563,0.4060484099340491,0.38951485761239596
stable_mutable,13001,225,58,4.995058364518873,0.10648204517349966,0.6751994335523229,False,0.5842103474635197,0.4205207930900471,0.4059913511110485,0.38515019292172303
stable_mutable,13001,230,54,5.117210835964719,0.10737273030491948,0.6539189640678322,False,0.586933436431352,0.41797569956438996,0.4120785527743525,0.3820613153393594
stable_mutable,13001,235,48,5.161009690460312,0.10771723711928913,0.6172211286899099,False,0.5989843872766082,0.4228069465493771,0.4047021742805603,0.3753598521274357
stable_mutable,13001,240,42,5.37989812243084,0.1051299506686543,0.559909768670631,False,0.6054738015975418,0.4211895916591862,0.39455068975666924,0.3633230054781993
stable_mutable,13001,245,41,5.438247013221837,0.10425752058806545,0.5524288566912007,False,0.6071745733124132,0.4213915033506934,0.39759913740954306,0.3629038764362548
stable_mutable,13001,250,38,5.7392013338946555,0.10594043720010214,0.5546308461704152,False,0.6049265259056001,0.41610268661995475,0.3981852959229101,0.3694727249934208
stable_mutable,13001,255,35,5.564278199588487,0.10884127556363815,0.5522653056500666,False,0.596604412516049,0.40538154884619654,0.3927275525051461,0.3746758522161073
stable_mutable,13001,259,34,5.896041676046974,0.11049510033662605,0.550411693779256,False,0.5991817179166312,0.4053436410868171,0.38151895306697103,0.37437923855253386
scarcity_mutable,13001,0,72,6.97597020509163,0.10759151959564262,0.9999999999999998,False,0.483892653066144,0.47360993443085303,0.4308403258376267,0.4216966843585382
scarcity_mutable,13001,5,78,7.066893721275654,0.10844900001511318,0.993781296139378,False,0.49205120392756346,0.4752473066479905,0.43003445161428816,0.4150918417813006
scarcity_mutable,13001,10,89,7.100706299310664,0.1067603660113487,0.9848980649752135,False,0.5006116023694458,0.47743244332036666,0.42792995976933235,0.41129504811141404
scarcity_mutable,13001,15,95,6.8457143225120936,0.10649804577939433,0.9748159015934597,False,0.5076966012140373,0.4785939930625267,0.42936980126456437,0.41226691264542054
scarcity_mutable,13001,20,99,6.6513925317035225,0.10601049448888356,0.9717247561568373,False,0.5068015695751337,0.47473662586484755,0.4325276545946364,0.41085064873275157
scarcity_mutable,13001,25,100,6.502178606386487,0.10567114858887822,0.9706371533416519,False,0.5079698986333002,0.47533592187140783,0.43256156265873125,0.4107510973744683
scarcity_mutable,13001,30,103,6.27342583144319,0.10630281310411711,0.964946365772108,False,0.5124258150423769,0.4747426447621533,0.43143921071334057,0.4085432110210049
scarcity_mutable,13001,35,107,5.957970660174284,0.10668985602754937,0.9621559296722969,False,0.5133816632218672,0.47488117482222025,0.4297115306351839,0.4065644962668809
scarcity_mutable,13001,40,107,5.7376435573705455,0.10668985602754937,0.9621559296722969,False,0.5133816632218672,0.47488117482222025,0.4297115306351839,0.4065644962668809
scarcity_mutable,13001,45,109,5.404705143473837,0.10701344002643363,0.9597479105043275,False,0.5152168881395753,0.4731347781408787,0.42916135714203524,0.4052945775220165
scarcity_mutable,13001,50,109,5.1975950517307155,0.10701344002643363,0.9597479105043275,False,0.5152168881395753,0.4731347781408787,0.42916135714203524,0.4052945775220165
scarcity_mutable,13001,55,108,5.026688371008669,0.10679066597119394,0.9563222902901524,False,0.5175171273770128,0.4736727578930809,0.42947887191533385,0.40596755262396844
scarcity_mutable,13001,60,102,5.099660235969963,0.10473797145502209,0.9411667933567026,False,0.5274133348595145,0.4722116059956648,0.4308752066191837,0.4076894181797475
scarcity_mutable,13001,65,100,5.001731440689361,0.10409614636258845,0.9381958960713863,False,0.5295339418984624,0.47004209386468127,0.4271425284642433,0.40630515534211264
scarcity_mutable,13001,70,100,4.810731440689361,0.10490374938208259,0.9266829472979413,False,0.5318220256993981,0.4692458532157611,0.42861924326851414,0.4062791883755444
scarcity_mutable,13001,75,97,4.767955547102432,0.10507445532082625,0.9209488804453844,False,0.5335840448704099,0.4673041388074318,0.4266830430652877,0.4064323138666702
scarcity_mutable,13001,80,94,4.74001795818017,0.10527132023177731,0.9088558387521758,False,0.5381321319816135,0.46580564463254437,0.42690846311196995,0.4066641468681504
scarcity_mutable,13001,85,93,4.623674065257376,0.10416593156022602,0.9047045705327895,False,0.5366537717896366,0.4637153217361683,0.4296162103790633,0.40768430008737083
scarcity_mutable,13001,90,90,4.5976934229881765,0.10480364039518811,0.8954678065054418,False,0.5393451516855036,0.46212520498729276,0.42936155640023177,0.40696023562067485
scarcity_mutable,13001,95,86,4.694488167746439,0.10336310812029242,0.8813178984713241,False,0.5439738991375502,0.4585467653851765,0.4298183857544711,0.4070982954350497
scarcity_mutable,13001,100,86,4.576011423560392,0.10379049736201558,0.8625204733985843,False,0.5489873453888464,0.4495382370220691,0.4358427464176465,0.4081037550227352
scarcity_mutable,13001,105,85,4.506199793249338,0.10354537937139226,0.8576794331456792,False,0.5509511314769036,0.4480209773191626,0.4346752162903918,0.4072608291464043
scarcity_mutable,13001,110,80,4.67217158032742,0.10481611541905034,0.8458680951062229,False,0.5504611458851467,0.4452033375791582,0.43542869327782174,0.40661897885883935
scarcity_mutable,13001,115,77,4.767622072028488,0.10347217864386811,0.8367965597697617,False,0.5555404251892276,0.44284401707651194,0.43405978755879443,0.4074342170231639
scarcity_mutable,13001,120,76,4.775582888765705,0.10379309784978025,0.8356511466389934,False,0.5566448432237412,0.44171725370314757,0.43490452827598464,0.4066694280426914
scarcity_mutable,13001,125,76,4.707161836134126,0.10379309784978025,0.8356511466389934,False,0.5566448432237412,0.44171725370314757,0.43490452827598464,0.4066694280426914
scarcity_mutable,13001,129,76,4.656174994028862,0.10364533550519944,0.8259919722185887,False,0.5618858854230457,0.4438325903659497,0.4332072266171729,0.4056654556384359
scarcity_mutable,13001,130,75,4.629139993949246,0.10355756858041915,0.820406208559041,True,0.5631381356126681,0.44420497825231925,0.4309293780998391,0.40700937454917896
scarcity_mutable,13001,135,70,4.504291593517051,0.1052789434492896,0.8081518532841863,True,0.5638173082793443,0.4393452685512761,0.42716843005185073,0.40587218354484467
scarcity_mutable,13001,140,70,4.07229159351705,0.1052789434492896,0.8081518532841863,True,0.5638173082793443,0.4393452685512761,0.42716843005185073,0.40587218354484467
scarcity_mutable,13001,145,66,3.879721697682507,0.10349353520353778,0.7942880999773547,True,0.5654456630428772,0.4385755335120974,0.4264075685373235,0.4010530720118999
scarcity_mutable,13001,150,63,3.6302142128102455,0.10296015867765715,0.7980033064907079,True,0.5643388549304228,0.43540160245631465,0.42914793199103574,0.40087229149891557
scarcity_mutable,13001,155,59,3.44268297300077,0.10348339923267742,0.7765811493839699,True,0.5718158914260744,0.4292641416832548,0.42568344939497565,0.4004749618017318
scarcity_mutable,13001,160,57,3.1563385159130792,0.10383290087719031,0.7623118349120239,True,0.5746797454820695,0.43100929503727303,0.42926495355448546,0.39797533983778466
scarcity_mutable,13001,165,53,2.988733875604634,0.10292750726620338,0.7314826802604916,True,0.5758806273767592,0.43465784995052126,0.4337105306463455,0.3917301092272599
scarcity_mutable,13001,170,50,2.7723520009409124,0.10170411815527647,0.7259536492870047,True,0.574899799789952,0.43385832213066566,0.4321044520255295,0.39223360322644624
scarcity_mutable,13001,175,46,2.635254745523614,0.10258348014632016,0.7141929247818153,True,0.5772352087295302,0.42823270291144455,0.425804722467949,0.3893100228111951
scarcity_mutable,13001,180,42,2.5215540215758785,0.10271315700410928,0.6756787146657183,True,0.5828824654620238,0.4241095181854066,0.42918320556491824,0.38540966305501784
scarcity_mutable,13001,185,36,2.6041832833051957,0.10139215518476583,0.6712568089402112,True,0.5767131182716598,0.4227398431982132,0.4209309300089046,0.3963915402198035
scarcity_mutable,13001,190,33,2.5286626692812737,0.10345207971402212,0.6492900662754717,True,0.5826716017508349,0.41999027901435493,0.428568438145544,0.3961528612208
scarcity_mutable,13001,195,28,2.7043173111957897,0.10310781003144255,0.6242901209741356,True,0.5865547113602425,0.41604985882039613,0.4172774184521582,0.40137045668051424
scarcity_mutable,13001,200,27,2.635794544943782,0.10418145989297088,0.6220561540052684,True,0.5851813867664816,0.4116566600166746,0.4165870094687522,0.40138804719073967
scarcity_mutable,13001,205,25,2.6436798685392864,0.10506554161744407,0.6132108880930003,True,0.591526214639174,0.4182305098289102,0.41097305354758107,0.40102877935472264
scarcity_mutable,13001,210,23,2.6630774223253133,0.10529290065352989,0.6150947678473518,True,0.5915229837573912,0.41359083362837307,0.418528309123683,0.4025743400522883
scarcity_mutable,13001,215,22,2.660110265158283,0.1064160040936974,0.61406822823743,True,0.5927872385489743,0.41216935449465614,0.41386304115678646,0.39772521013768425
scarcity_mutable,13001,220,20,2.649404271348477,0.10815059810241048,0.6032371696604587,True,0.5958047103456832,0.4087122032073244,0.41611462522579645,0.39620636401520687
scarcity_mutable,13001,225,19,2.3984255487878734,0.10916923273083808,0.5861252065835142,True,0.5890344203501168,0.40953735022201965,0.41577857497316334,0.39065702792941653
scarcity_mutable,13001,230,16,2.1323935191856056,0.11261938705903533,0.5470082698267876,True,0.5807695990649178,0.40416009894220983,0.4015930024026499,0.39389460116057173
scarcity_mutable,13001,235,11,1.9482943228948875,0.11674471561030891,0.5017557351632711,True,0.6082061995392057,0.40329831483671724,0.3973107062815837,0.38038322128241425
scarcity_mutable,13001,240,8,2.342839887218179,0.10386097396048527,0.4457104420810863,True,0.6120152481326127,0.4122569266891035,0.36573693613554104,0.36303512203005983
scarcity_mutable,13001,245,7,2.866531299677925,0.10188279037876688,0.4086987501069862,True,0.6126283155314712,0.4206937099152879,0.39814279016961784,0.373589381799753
scarcity_mutable,13001,250,7,3.047388442535067,0.10188279037876688,0.4086987501069862,True,0.6126283155314712,0.4206937099152879,0.39814279016961784,0.373589381799753
scarcity_mutable,13001,255,4,3.618113774436395,0.09009668729352523,0.32415304878624457,True,0.5989585851863108,0.3588865296631127,0.3801635101591552,0.3515700081963867
scarcity_mutable,13001,259,3,4.612985405915203,0.09299280020067721,0.25688521341031656,True,0.6166304910961672,0.3670895916585671,0.338808977897211,0.349210292235922
scarcity_frozen,13001,0,72,6.97597020509163,0.10759151959564262,0.9999999999999998,False,0.483892653066144,0.47360993443085303,0.4308403258376267,0.4216966843585382
scarcity_frozen,13001,5,79,6.990730509613938,0.10708131532047098,0.9929724521564699,False,0.4909298004199682,0.47467071865196503,0.4310788690203407,0.4159228364009435
scarcity_frozen,13001,10,88,7.065107695215147,0.10494491595515176,0.9865949726306101,False,0.4962537347661813,0.4746864146776689,0.428984856627539,0.4117524076534775
scarcity_frozen,13001,15,93,6.965209432031536,0.10473158745922682,0.9792160067389141,False,0.5026554060792588,0.47484781722686703,0.42955382364640987,0.41045145998859534
scarcity_frozen,13001,20,98,6.7462701752952325,0.10339018720473456,0.9732317010020712,False,0.5049514729890181,0.4748652414262421,0.43005246612375697,0.41063337086335683
scarcity_frozen,13001,25,99,6.586257345241745,0.1032574768647039,0.9720940327657279,False,0.5055453761840082,0.47643296740603425,0.43002569983478917,0.41020403578256814
scarcity_frozen,13001,30,101,6.255935417613194,0.10296612611523144,0.9699562029904586,False,0.5053131706869277,0.4767619578227533,0.4289807404546602,0.40876323999248204
scarcity_frozen,13001,35,101,6.024499774048835,0.10296612611523144,0.9699562029904586,False,0.5053131706869277,0.4767619578227533,0.4289807404546602,0.40876323999248204
scarcity_frozen,13001,40,101,5.838608684939926,0.10296612611523144,0.9699562029904586,False,0.5053131706869277,0.4767619578227533,0.4289807404546602,0.40876323999248204
scarcity_frozen,13001,45,104,5.507735357489734,0.1028619075666187,0.9705993660373247,False,0.5048665533916523,0.4744198696988795,0.43038678211694814,0.40969701829733624
scarcity_frozen,13001,50,105,5.258518830275544,0.10308144971125519,0.9683640728310877,False,0.5065617891178937,0.47485281267508866,0.43044723552961206,0.4080538341140508
scarcity_frozen,13001,55,104,5.0869130827809625,0.10284715446145132,0.9649740008218876,False,0.508867276989255,0.47542800351905073,0.43078932662484115,0.4087792241871552
scarcity_frozen,13001,60,103,4.902951073875924,0.10284932629395821,0.9615399310180002,False,0.5106659620098385,0.47474680912572603,0.43069890400226535,0.4080761289132985
scarcity_frozen,13001,65,104,4.658163082780962,0.10312818615515972,0.9599167262554066,False,0.512134363289537,0.4753796226315705,0.42877964068956825,0.40858599585193434
scarcity_frozen,13001,70,103,4.526980200089515,0.10401907370464841,0.9502964668997069,False,0.5154396740977821,0.47452840362000853,0.4288170221060073,0.4068615254444199
scarcity_frozen,13001,75,102,4.496019221659019,0.10435753000621056,0.9467070892229609,False,0.5157689668236515,0.4737361215124731,0.4286385283603315,0.40757993606159626
scarcity_frozen,13001,80,102,4.297195692247253,0.10337440304619273,0.9343903063296278,False,0.5204470745003973,0.4737418885819131,0.42732860126461647,0.4057913442567437
scarcity_frozen,13001,85,97,4.31132742896103,0.10128330485378353,0.9183994544198065,False,0.5241705838571253,0.4744575942952264,0.4279816737226036,0.40401578632181295
scarcity_frozen,13001,90,91,4.4298635990996615,0.10086360855880472,0.8970561153834498,False,0.5278624307256259,0.4683835856825148,0.43321145386919174,0.4016041995271991
scarcity_frozen,13001,95,87,4.488046662224349,0.0986881995820745,0.8741622664203674,False,0.5334510788508962,0.46209697242220577,0.43672400425919367,0.400497019907541
scarcity_frozen,13001,100,83,4.579951079680944,0.10062519573141823,0.8657187163994976,False,0.5422107030800255,0.46195108928175094,0.4374522891447182,0.4003585466470638
scarcity_frozen,13001,105,81,4.5872288841175095,0.10196968160239918,0.8448861882533927,False,0.5444900626198208,0.4608690738368747,0.4384842488329551,0.3974876862979196
scarcity_frozen,13001,110,79,4.6070017672597245,0.10079777507789803,0.8344160400689509,False,0.5527711364492844,0.45942182218638783,0.43452543892005874,0.3988114493663811
scarcity_frozen,13001,115,77,4.643229743189854,0.1009705276229099,0.823555762195431,False,0.5544574822852528,0.458885361667657,0.4379996174488717,0.39985969925284703
scarcity_frozen,13001,120,78,4.510752438789985,0.10018580785571601,0.8139004057407145,False,0.558670811261276,0.45891683928542965,0.43546955327333253,0.4005378030694945
scarcity_frozen,13001,125,76,4.560793292442352,0.10050989180580101,0.8040466102344311,False,0.5580913779246905,0.45183851693183036,0.4376578090386467,0.4020416121974626
scarcity_frozen,13001,129,74,4.633270624670524,0.10009287074496166,0.7965535772827412,False,0.5611888338065492,0.45372672102294614,0.43390579900423987,0.4026124973490368
scarcity_frozen,13001,130,74,4.545324678724578,0.10009287074496166,0.7965535772827412,True,0.5611888338065492,0.45372672102294614,0.43390579900423987,0.4026124973490368
scarcity_frozen,13001,135,70,4.358644946080267,0.10056959648673697,0.782577609663409,True,0.5644224260702392,0.44808579470531346,0.43245135732293694,0.40110809091722094
scarcity_frozen,13001,140,68,4.055691091553216,0.10080566317558387,0.7695985033271723,True,0.566389328918298,0.44766051047095495,0.4283395409731303,0.4018640399105183
scarcity_frozen,13001,145,64,3.8718561597752927,0.09942883758030982,0.7519878430061546,True,0.5735341967864569,0.446670993139863,0.4241271266885246,0.3984344292321524
scarcity_frozen,13001,150,61,3.6429005656751916,0.09713141415412094,0.7402817674607962,True,0.5764815273084151,0.4503511631665771,0.42207163555404875,0.39331756426585873
scarcity_frozen,13001,155,56,3.5364569847533356,0.09746779978773162,0.7194538863172832,True,0.5801918946824467,0.44736146789259806,0.4212697261056682,0.3908836586502544
scarcity_frozen,13001,160,53,3.340413115965788,0.09847545567630406,0.7195558831044502,True,0.5778155820541256,0.4455309103769867,0.4170821930260638,0.3919423348318628
scarcity_frozen,13001,165,52,3.014679768195899,0.09910998495421727,0.7223371398234308,True,0.5787501307355456,0.4466301497338318,0.4162488378615492,0.39329211345531034
scarcity_frozen,13001,170,48,2.8720214155455586,0.0985935759114325,0.7096319816981613,True,0.5873969477990257,0.4456709414966198,0.4079850202885207,0.39072405094249424
scarcity_frozen,13001,175,47,2.5597182116209956,0.09825727813579471,0.7117388544329317,True,0.585780293601165,0.4436520378320041,0.41174862668866447,0.38922664158953824
scarcity_frozen,13001,180,45,2.290555273470818,0.09731590821805,0.7081089650410677,True,0.5842269650234174,0.4413504832797009,0.41261333531095706,0.3866040658888936
scarcity_frozen,13001,185,42,2.103139393004449,0.09878594686265914,0.6914999514722607,True,0.585851866442489,0.44425611072529897,0.4078830249681782,0.38969609834973745
scarcity_frozen,13001,190,34,2.251132134887854,0.09847562144332186,0.6934203917731876,True,0.5762547146397186,0.4309587919415227,0.4172202055076589,0.399778578030348
scarcity_frozen,13001,195,30,2.263481038206238,0.09721046379174102,0.6574739176217979,True,0.5801579538115451,0.43751513723832486,0.4273735102028754,0.3916414333892865
scarcity_frozen,13001,200,29,2.0863863224084125,0.09779540750318158,0.6601911207992509,True,0.5799820627126772,0.4385214426425148,0.4316514417110312,0.3946779843051012
scarcity_frozen,13001,205,27,2.036101220364593,0.0976134657994552,0.6535416948830562,True,0.5762105094415061,0.4359538756870734,0.42591907820437586,0.3957514728132306
scarcity_frozen,13001,210,24,2.1248888729101703,0.0945998492806666,0.6248679751060635,True,0.587042037953241,0.4435900806217705,0.42843220598242593,0.39739328012923414
scarcity_frozen,13001,215,23,2.0551899891236562,0.09588842144421451,0.6238688333311686,True,0.5895560808807607,0.44599093352615016,0.42704157747814764,0.40068195116039257
scarcity_frozen,13001,220,19,1.6645676676170964,0.09736937276823562,0.6138071305263578,True,0.5912052078534025,0.44222102485312714,0.4307402829552099,0.40117871302105934
scarcity_frozen,13001,225,14,1.7981048178017136,0.09842547442469117,0.5388822322540581,True,0.6060089998687677,0.45791244343407744,0.4242131976939541,0.39422154008457483
scarcity_frozen,13001,230,12,2.0358714874353385,0.10023455121503536,0.5270127540655205,True,0.6115578561077765,0.45565145242026733,0.4288375072814396,0.4023098675837497
scarcity_frozen,13001,235,9,2.455784205469353,0.08716158242604478,0.47775342139993937,True,0.6077345227820953,0.4481390836442923,0.4424725726360783,0.3889424344961503
scarcity_frozen,13001,240,7,3.2755056278751122,0.07375905943857153,0.4086987501069862,True,0.5844857700783149,0.45473531354742874,0.457960541039173,0.3655637421254775
scarcity_frozen,13001,245,5,3.4593718790251726,0.06857775843360238,0.3763300355100876,True,0.5517616984788019,0.4333158899465558,0.44400315707643123,0.37670389990476505
scarcity_frozen,13001,250,5,3.4849718790251716,0.06857775843360238,0.3763300355100876,True,0.5517616984788019,0.4333158899465558,0.44400315707643123,0.37670389990476505
scarcity_frozen,13001,255,4,3.882580848781471,0.07071130209137129,0.32415304878624457,True,0.5660180219889626,0.42619538704068316,0.42753078218825136,0.3706207511658882
scarcity_frozen,13001,259,3,4.1209877983753165,0.07719471918736927,0.25688521341031656,True,0.5782843457785214,0.4388036947805644,0.4165688223907267,0.3869097194169871
stable_mutable,13007,0,72,7.008733113441236,0.09734954450013544,0.9999999999999998,False,0.4660443629341295,0.4546232932346695,0.42477432636025436,0.43407962471598166
stable_mutable,13007,5,78,7.141956004301772,0.09694469906888614,0.993781296139378,False,0.469701793141268,0.4497289331402761,0.4213708596561737,0.43676992951979
stable_mutable,13007,10,84,7.32580438494688,0.09963876723603785,0.9897370123035472,False,0.4773111439828343,0.44074536251836655,0.4240553058352081,0.4346092074076058
stable_mutable,13007,15,93,6.763683530489655,0.0975031349249594,0.9792160067389143,False,0.4810056469087016,0.43809298198126295,0.4253586512429669,0.43690623481461865
stable_mutable,13007,20,95,6.433237561426714,0.09730037282222735,0.9748159015934597,False,0.4827938580537601,0.4363292474238653,0.42500678086134985,0.43536014991611455
stable_mutable,13007,25,97,6.140078024077708,0.09794762217094603,0.971517863032836,False,0.4826921975659185,0.4358065581097656,0.4242914492517522,0.43644721289880783
stable_mutable,13007,30,97,5.8712635910880175,0.09794762217094603,0.971517863032836,False,0.4826921975659185,0.4358065581097656,0.4242914492517522,0.43644721289880783
stable_mutable,13007,35,98,5.589567023832013,0.09837176483298013,0.9703617268225088,False,0.4845605371580843,0.43586625287109587,0.42373178111879906,0.43836383289754366
stable_mutable,13007,40,99,5.326440084197348,0.09924180890084157,0.9692530482243431,False,0.4872472374764336,0.43393181421715127,0.4241971288809266,0.43873121300727164
stable_mutable,13007,45,99,5.088813821571083,0.09924180890084157,0.9692530482243431,False,0.4872472374764336,0.43393181421715127,0.4241971288809266,0.43873121300727164
stable_mutable,13007,50,101,4.8025501815399725,0.09836137566938202,0.9657998380344405,False,0.4870188224964919,0.4336113353909356,0.42407158557468044,0.4384669411644639
stable_mutable,13007,55,102,4.615368317015069,0.09805827668638134,0.9640583099825348,False,0.4874846550680957,0.4331720520988523,0.424155648368071,0.43945511285304983
stable_mutable,13007,60,99,4.601339074096334,0.0970197028563641,0.9431011522383392,False,0.49825878252128475,0.4262676805860267,0.4238915998604589,0.43401144104256806
stable_mutable,13007,65,94,4.564442216335501,0.09647278885714006,0.9239957156189741,False,0.5030728305323111,0.4222581234505344,0.42801408419384024,0.4332559008695506
stable_mutable,13007,70,93,4.354059874575666,0.09564116198543207,0.9137165107808924,False,0.5038900062555572,0.41782381505838817,0.42930675498790305,0.4314591952785011
stable_mutable,13007,75,89,4.333069307140866,0.09566099094599874,0.8941197841212514,False,0.5070989571198592,0.41354507318771605,0.4276948772862947,0.42515547808087406
stable_mutable,13007,80,85,4.433314921594552,0.09395371637912016,0.8645317007132242,False,0.5091893611732771,0.406605391048278,0.42071402433724675,0.42393948530852543
stable_mutable,13007,85,80,4.516994604194212,0.09513433150548031,0.8394635207840245,False,0.5137857412402559,0.4056472588669518,0.42088284273038185,0.4221322257438884
stable_mutable,13007,90,77,4.494474913448531,0.09533491649166925,0.8164812473593211,False,0.5215810629342491,0.40443474366442184,0.41943359785457596,0.4270637245483326
stable_mutable,13007,95,72,4.751730893549125,0.09513962619122557,0.789525723875379,False,0.5248341037948911,0.3962265101714272,0.4243860798249986,0.4224051870727975
stable_mutable,13007,100,69,4.869849628051259,0.0931804004065028,0.770423081516691,False,0.530419127574694,0.39676794593195897,0.42117038190834655,0.4222851503451025
stable_mutable,13007,105,69,4.73325542515271,0.0931804004065028,0.770423081516691,False,0.530419127574694,0.39676794593195897,0.42117038190834655,0.4222851503451025
stable_mutable,13007,110,68,4.733000357875543,0.0928984570949839,0.759250774366597,False,0.5297724929899891,0.393087350438834,0.42065247998340793,0.42047896667728246
stable_mutable,13007,115,65,4.910615266700568,0.09304404058717491,0.7472063345364885,False,0.5328574562446491,0.39088738749589486,0.42201084224306346,0.4222552539802059
stable_mutable,13007,120,62,5.153721424766725,0.09098401379382987,0.7417203382966792,False,0.5345567341552896,0.38994705070514235,0.41635000280131707,0.4270235935945109
stable_mutable,13007,125,60,5.2473454722589485,0.09155136134678121,0.7168587225798738,False,0.5368166378818662,0.3893081998517796,0.4158165992039754,0.4285647418363453
stable_mutable,13007,129,59,5.280212751449778,0.09223154495680733,0.7177668489623246,False,0.5377636803942255,0.3895421071747995,0.4156879212062764,0.4282030651846316
stable_mutable,13007,130,59,5.267755124331134,0.09223154495680733,0.7177668489623246,False,0.5377636803942255,0.3895421071747995,0.4156879212062764,0.4282030651846316
stable_mutable,13007,135,59,5.205466988737912,0.09223154495680733,0.7177668489623246,False,0.5377636803942255,0.3895421071747995,0.4156879212062764,0.4282030651846316
stable_mutable,13007,140,57,5.334693900623453,0.09217695617947601,0.7014338748264612,False,0.5385041270576199,0.3842916491353223,0.4169820582737176,0.43051535531760965
stable_mutable,13007,145,57,5.2903956550094176,0.09217695617947601,0.7014338748264612,False,0.5385041270576199,0.3842916491353223,0.4169820582737176,0.43051535531760965
stable_mutable,13007,150,56,5.419868148848871,0.09266408137870975,0.702331233866916,False,0.5391784122987948,0.38295709909148495,0.41597731163375296,0.43153852017650635
stable_mutable,13007,155,56,5.542636005991729,0.09274479907098912,0.6903442004255853,False,0.5404377983492443,0.3808631829106995,0.4187780889681014,0.4327464882765918
stable_mutable,13007,160,55,5.736502115191577,0.09182373891966823,0.6720064736270943,False,0.5448392566702258,0.3787359047912623,0.42415260698336094,0.432211644079498
stable_mutable,13007,165,54,5.8596780802877175,0.09143167906092792,0.6628082419313504,False,0.5446546016978439,0.3748331207694251,0.42377650304580616,0.4326980663468229
stable_mutable,13007,170,54,5.922641043250679,0.09143167906092792,0.6628082419313504,False,0.5446546016978439,0.3748331207694251,0.42377650304580616,0.4326980663468229
stable_mutable,13007,175,55,5.928442996646122,0.09107214236338253,0.6614166055681611,False,0.5478660314376026,0.3728229263612857,0.42565501880438406,0.43690162655990195
stable_mutable,13007,180,57,5.796743242377836,0.09044783045833805,0.654783212640126,False,0.5492295887936622,0.3744216914518677,0.42231230807420855,0.4356279291461447
stable_mutable,13007,185,60,5.451406080258944,0.0909716522911474,0.6573874096496601,False,0.5532148635965652,0.37266810516341536,0.42197165945613424,0.43335292227513766
stable_mutable,13007,190,59,5.479060887042992,0.09137360635624926,0.6538671492684158,False,0.554915361478194,0.37195884607329127,0.4209644608569842,0.4334269744742767
stable_mutable,13007,195,60,5.429576538925608,0.09098722581002819,0.6501210978353242,False,0.5545773824856339,0.3707454988790159,0.42114878197417716,0.4352402114596587
stable_mutable,13007,200,59,5.5052184951785845,0.0909639362951456,0.6523610834221127,False,0.5545294748646223,0.372794693938686,0.41918216976079803,0.43430815594854766
stable_mutable,13007,205,60,5.468964853592273,0.09042905078264572,0.6482497692916266,False,0.5530734387993598,0.37212053908740433,0.41928057121197165,0.4338331333423927
stable_mutable,13007,210,59,5.599761404745736,0.089114359187685,0.625439158891153,False,0.5560724659843249,0.36967026245645246,0.41898837096246117,0.435811851324002
stable_mutable,13007,215,59,5.708711322033872,0.0888078056589513,0.622181058695822,False,0.5554536564418757,0.3701714136080146,0.41735601698224006,0.4329823476001204
stable_mutable,13007,220,55,5.814617163636335,0.08879285088226589,0.6053720439721049,False,0.5558910742392789,0.3657821598284145,0.418882126360233,0.4372791742439325
stable_mutable,13007,225,52,5.871293944615356,0.08973824296030104,0.606460413481799,False,0.5565578115152227,0.3659394569225757,0.4196184219452871,0.4351954512060251
stable_mutable,13007,230,51,5.946515394509774,0.08676407409167872,0.595695488924934,False,0.559294238863467,0.3611501393046467,0.41562774427546617,0.4359960668097159
stable_mutable,13007,235,49,5.909740512653032,0.0861582107894605,0.5731300801846346,False,0.5573183855505346,0.3581946645134427,0.4181625607595769,0.440442701568755
stable_mutable,13007,240,43,5.6286538865116,0.08449640162925771,0.5167246613382405,False,0.563515832718285,0.3524812225173177,0.42259179049410284,0.43763221722395024
stable_mutable,13007,245,42,5.722547291428544,0.08533210548071249,0.5236404161228959,False,0.5624109314681124,0.35026075270462725,0.426322173395747,0.4405140378343628
stable_mutable,13007,250,35,5.849068223268545,0.08353162340931355,0.5021191928724559,False,0.5634874519452212,0.35595146875558703,0.42105912226340153,0.4435666182504358
stable_mutable,13007,255,32,5.905244369199974,0.08291403724878474,0.46673748336939813,False,0.5711223600798742,0.3559620121270556,0.41690770075354766,0.43815942860035906
stable_mutable,13007,259,31,5.788956768206427,0.08712778145860187,0.4710474059224476,False,0.5742279985146869,0.3511104820264064,0.4204549443318702,0.43490440332070907
scarcity_mutable,13007,0,72,7.008733113441236,0.09734954450013544,0.9999999999999998,False,0.4660443629341295,0.4546232932346695,0.42477432636025436,0.43407962471598166
scarcity_mutable,13007,5,78,7.141956004301772,0.09694469906888614,0.993781296139378,False,0.469701793141268,0.4497289331402761,0.4213708596561737,0.43676992951979
scarcity_mutable,13007,10,84,7.32580438494688,0.09963876723603785,0.9897370123035472,False,0.4773111439828343,0.44074536251836655,0.4240553058352081,0.4346092074076058
scarcity_mutable,13007,15,93,6.763683530489655,0.0975031349249594,0.9792160067389143,False,0.4810056469087016,0.43809298198126295,0.4253586512429669,0.43690623481461865
scarcity_mutable,13007,20,95,6.433237561426714,0.09730037282222735,0.9748159015934597,False,0.4827938580537601,0.4363292474238653,0.42500678086134985,0.43536014991611455
scarcity_mutable,13007,25,97,6.140078024077708,0.09794762217094603,0.971517863032836,False,0.4826921975659185,0.4358065581097656,0.4242914492517522,0.43644721289880783
scarcity_mutable,13007,30,97,5.8712635910880175,0.09794762217094603,0.971517863032836,False,0.4826921975659185,0.4358065581097656,0.4242914492517522,0.43644721289880783
scarcity_mutable,13007,35,98,5.589567023832013,0.09837176483298013,0.9703617268225088,False,0.4845605371580843,0.43586625287109587,0.42373178111879906,0.43836383289754366
scarcity_mutable,13007,40,99,5.326440084197348,0.09924180890084157,0.9692530482243431,False,0.4872472374764336,0.43393181421715127,0.4241971288809266,0.43873121300727164
scarcity_mutable,13007,45,99,5.088813821571083,0.09924180890084157,0.9692530482243431,False,0.4872472374764336,0.43393181421715127,0.4241971288809266,0.43873121300727164
scarcity_mutable,13007,50,101,4.8025501815399725,0.09836137566938202,0.9657998380344405,False,0.4870188224964919,0.4336113353909356,0.42407158557468044,0.4384669411644639
scarcity_mutable,13007,55,102,4.615368317015069,0.09805827668638134,0.9640583099825348,False,0.4874846550680957,0.4331720520988523,0.424155648368071,0.43945511285304983
scarcity_mutable,13007,60,99,4.601339074096334,0.0970197028563641,0.9431011522383392,False,0.49825878252128475,0.4262676805860267,0.4238915998604589,0.43401144104256806
scarcity_mutable,13007,65,94,4.564442216335501,0.09647278885714006,0.9239957156189741,False,0.5030728305323111,0.4222581234505344,0.42801408419384024,0.4332559008695506
scarcity_mutable,13007,70,93,4.354059874575666,0.09564116198543207,0.9137165107808924,False,0.5038900062555572,0.41782381505838817,0.42930675498790305,0.4314591952785011
scarcity_mutable,13007,75,89,4.333069307140866,0.09566099094599874,0.8941197841212514,False,0.5070989571198592,0.41354507318771605,0.4276948772862947,0.42515547808087406
scarcity_mutable,13007,80,85,4.433314921594552,0.09395371637912016,0.8645317007132242,False,0.5091893611732771,0.406605391048278,0.42071402433724675,0.42393948530852543
scarcity_mutable,13007,85,80,4.516994604194212,0.09513433150548031,0.8394635207840245,False,0.5137857412402559,0.4056472588669518,0.42088284273038185,0.4221322257438884
scarcity_mutable,13007,90,77,4.494474913448531,0.09533491649166925,0.8164812473593211,False,0.5215810629342491,0.40443474366442184,0.41943359785457596,0.4270637245483326
scarcity_mutable,13007,95,72,4.751730893549125,0.09513962619122557,0.789525723875379,False,0.5248341037948911,0.3962265101714272,0.4243860798249986,0.4224051870727975
scarcity_mutable,13007,100,69,4.869849628051259,0.0931804004065028,0.770423081516691,False,0.530419127574694,0.39676794593195897,0.42117038190834655,0.4222851503451025
scarcity_mutable,13007,105,69,4.73325542515271,0.0931804004065028,0.770423081516691,False,0.530419127574694,0.39676794593195897,0.42117038190834655,0.4222851503451025
scarcity_mutable,13007,110,68,4.733000357875543,0.0928984570949839,0.759250774366597,False,0.5297724929899891,0.393087350438834,0.42065247998340793,0.42047896667728246
scarcity_mutable,13007,115,65,4.910615266700568,0.09304404058717491,0.7472063345364885,False,0.5328574562446491,0.39088738749589486,0.42201084224306346,0.4222552539802059
scarcity_mutable,13007,120,62,5.153721424766725,0.09098401379382987,0.7417203382966792,False,0.5345567341552896,0.38994705070514235,0.41635000280131707,0.4270235935945109
scarcity_mutable,13007,125,60,5.2473454722589485,0.09155136134678121,0.7168587225798738,False,0.5368166378818662,0.3893081998517796,0.4158165992039754,0.4285647418363453
scarcity_mutable,13007,129,59,5.280212751449778,0.09223154495680733,0.7177668489623246,False,0.5377636803942255,0.3895421071747995,0.4156879212062764,0.4282030651846316
scarcity_mutable,13007,130,59,5.1918737683989304,0.09223154495680733,0.7177668489623246,True,0.5377636803942255,0.3895421071747995,0.4156879212062764,0.4282030651846316
scarcity_mutable,13007,135,58,4.858750902336843,0.09218592192844166,0.7097064073634395,True,0.5381207547387044,0.38648818332095713,0.41520545134817577,0.4290653207321615
scarcity_mutable,13007,140,56,4.644919720277444,0.09065123339539528,0.6987275998289197,True,0.5370919587676781,0.3871822283716408,0.4158670402818159,0.43507657187725574
scarcity_mutable,13007,145,55,4.290227351555215,0.0901227630396981,0.6901051449271082,True,0.5369117933817301,0.3853693398703591,0.41237621370530664,0.43414785542005285
scarcity_mutable,13007,150,50,4.266724550399978,0.08942693096364354,0.6625764802623476,True,0.5460080808085993,0.3807554473009118,0.40961189804606396,0.4408080759303444
scarcity_mutable,13007,155,48,4.06660057333331,0.08967073791676117,0.6425245243672332,True,0.5495584650307379,0.3766127281026091,0.4119898282135335,0.44170601117156033
scarcity_mutable,13007,160,46,3.823220190007626,0.0905665552824756,0.6427923581067808,True,0.5536354822279894,0.37535021688348325,0.41231593880835715,0.44389987974643136
scarcity_mutable,13007,165,44,3.611402925917066,0.08991063236270293,0.628290570382004,True,0.5561060785037507,0.3715728343114763,0.41629868776829376,0.43881517395455744
scarcity_mutable,13007,170,44,3.262880198644338,0.08991063236270293,0.628290570382004,True,0.5561060785037507,0.3715728343114763,0.41629868776829376,0.43881517395455744
scarcity_mutable,13007,175,43,2.970420407962763,0.09068182388192458,0.6316490728559845,True,0.5579578088253041,0.37200054288081896,0.4167714624562799,0.43939191823721013
scarcity_mutable,13007,180,41,2.7661921351804604,0.09208053138518527,0.6226927360764692,True,0.558293116830779,0.37154916601707155,0.41936230812738423,0.4356161279668026
scarcity_mutable,13007,185,37,2.6895573389837555,0.09198695447494204,0.6137907367020873,True,0.565821200133977,0.37856084062092793,0.41705807686933677,0.4309795738899117
scarcity_mutable,13007,190,33,2.71056450249694,0.08468040303707684,0.5768227667554058,True,0.5692729939698303,0.37112533272392706,0.41238646129433043,0.4403041119460677
scarcity_mutable,13007,195,30,2.6364283234133024,0.08341850923823228,0.5479930487200784,True,0.5784925964750757,0.37159030202955257,0.40854738636083093,0.44345734689514865
scarcity_mutable,13007,200,28,2.643976815085683,0.08333963757204835,0.551764783435002,True,0.5777308859500738,0.36846578122803625,0.4124127953285396,0.4393759799789506
scarcity_mutable,13007,205,28,2.4401911007999684,0.08333963757204835,0.551764783435002,True,0.5777308859500738,0.36846578122803625,0.4124127953285396,0.4393759799789506
scarcity_mutable,13007,210,24,2.569040137599966,0.0780802094819307,0.5362700891532569,True,0.5715242748213178,0.3525789666604009,0.42167461969670383,0.4210851905456521
scarcity_mutable,13007,215,23,2.4802742861912694,0.07946961481376799,0.5367384107133905,True,0.5726380489793106,0.35190657148524546,0.42246796030996236,0.4234120783332865
scarcity_mutable,13007,220,21,2.51017410011425,0.07978302508479031,0.5496641319291451,True,0.5702592388698532,0.3496163784036729,0.43463145450762997,0.4278060658710176
scarcity_mutable,13007,225,16,2.834747746399961,0.08490450167514166,0.5393614234106339,True,0.565215065949769,0.34638003550913016,0.42657035371064805,0.42459627957917473
scarcity_mutable,13007,230,16,2.7423727463999596,0.08490450167514166,0.5393614234106339,True,0.565215065949769,0.34638003550913016,0.42657035371064805,0.42459627957917473
scarcity_mutable,13007,235,15,2.7774642628266246,0.07942924316192515,0.517007596481092,True,0.5597095655295337,0.3418345717284179,0.43406926352996056,0.43962070007316956
scarcity_mutable,13007,240,12,2.702759661866626,0.07184227119573282,0.4357786966474208,True,0.5710023081902235,0.3206383276190748,0.4462824709533178,0.43958559963579535
scarcity_mutable,13007,245,11,2.908603267490869,0.0725127265284729,0.431696131505912,True,0.5598445224573445,0.32200889995645277,0.4433081413121156,0.4408706811541105
scarcity_mutable,13007,250,8,2.04308605279996,0.0753385303170935,0.36467217988452516,True,0.5673843917695889,0.3327058753632091,0.44968345683288413,0.4462140330103662
scarcity_mutable,13007,255,6,1.6373154837332942,0.07440035528421586,0.364936229672398,True,0.5697742799402863,0.3320719563350111,0.447284746654578,0.44705804550938383
scarcity_mutable,13007,259,3,2.2854425941332983,0.06619976664959784,0.25688521341031656,True,0.5840735274145595,0.2983320391339591,0.47792429106487777,0.47205113846157537
scarcity_frozen,13007,0,72,7.008733113441236,0.09734954450013544,0.9999999999999998,False,0.4660443629341295,0.4546232932346695,0.42477432636025436,0.43407962471598166
scarcity_frozen,13007,5,78,7.15541754276331,0.09667353204411197,0.993781296139378,False,0.4688828158076174,0.4509809298286673,0.4217717744102555,0.4365358400487631
scarcity_frozen,13007,10,85,7.153383156888681,0.09777978832496274,0.989235457768083,False,0.4746957670801823,0.4465932738919315,0.4228416366618,0.4336665053400279
scarcity_frozen,13007,15,92,6.612636612342802,0.09593101188759903,0.9784715026753119,False,0.4776714355989648,0.44414858374062327,0.42034721381862283,0.4326503993869451
scarcity_frozen,13007,20,93,6.330834068124062,0.09548906457450929,0.9761917328722788,False,0.47740492003962615,0.44382993651202235,0.4210036564313902,0.4326109740443536
scarcity_frozen,13007,25,94,6.059867748250399,0.0954289238660811,0.9748324717960883,False,0.4766680524483071,0.44221077653147656,0.4205910397995127,0.43197861349005084
scarcity_frozen,13007,30,95,5.854869140374082,0.09574580385889528,0.9735280116707391,False,0.4775179038133283,0.4401858524664977,0.42181828046018666,0.43259180162821037
scarcity_frozen,13007,35,97,5.6790470962426545,0.09549758551960745,0.9735983115496173,False,0.47686196229923,0.4393378817797596,0.4218535618712642,0.43193186598020794
scarcity_frozen,13007,40,103,5.29759775083046,0.09476814372376591,0.9651035099303826,False,0.4777006477029756,0.43701110484322014,0.42098288584303145,0.43170265069893143
scarcity_frozen,13007,45,103,5.165316197432402,0.09476814372376591,0.9651035099303826,False,0.4777006477029756,0.43701110484322014,0.42098288584303145,0.43170265069893143
scarcity_frozen,13007,50,106,4.880495927693747,0.09432861899196728,0.9597309783231158,False,0.48071517214614357,0.43599759784593145,0.42034280125243845,0.43377057109935685
scarcity_frozen,13007,55,107,4.569369797528385,0.09456829368105792,0.9589751923163292,False,0.482586086818704,0.43484842248435124,0.4208222884783704,0.43362980987667427
scarcity_frozen,13007,60,103,4.470461828500359,0.09351208654459173,0.944875804263604,False,0.48928574105920664,0.4337445604706554,0.4237775080800858,0.4318998916248886
scarcity_frozen,13007,65,96,4.53711008682851,0.09256769791791725,0.9182944703956333,False,0.49358583328726363,0.4269709496449489,0.4244280154131059,0.4283508068326361
scarcity_frozen,13007,70,92,4.571086612342794,0.09001567856927555,0.8985183111249162,False,0.498921565726274,0.4191592115347396,0.42117399381285503,0.4288951905390545
scarcity_frozen,13007,75,88,4.601342821994738,0.08923864940316233,0.881625156719396,False,0.503612042305106,0.4137295051104371,0.42309667060020095,0.42626527121270696
scarcity_frozen,13007,80,85,4.561919627476905,0.08956576339302211,0.8676807226009765,False,0.5062046940215033,0.4128104073291572,0.425233599588455,0.42656612885544387
scarcity_frozen,13007,85,80,4.685477104194211,0.08765450934997478,0.8428093565397612,False,0.5069371939921165,0.41001792637915085,0.42201109772136236,0.4266791970506937
scarcity_frozen,13007,90,78,4.643573440199192,0.08718294514444164,0.8379515366616466,False,0.5087679431909106,0.409062291746527,0.42246761106577413,0.4256329021935578
scarcity_frozen,13007,95,76,4.6165858991518,0.08750818407428748,0.8271208032498818,False,0.5086797615077242,0.40569841396514944,0.42196360560236323,0.4256401467862466
scarcity_frozen,13007,100,74,4.6025665991288776,0.08660085036493842,0.811709231605769,False,0.5158315890615329,0.4048459376043023,0.4209451129012154,0.4250743456202075
scarcity_frozen,13007,105,72,4.608235226882456,0.08723528838116892,0.8060957758191699,False,0.5158885755998541,0.40337578284754644,0.4188859952516875,0.42326622758219856
scarcity_frozen,13007,110,70,4.625741947650526,0.08664540215629613,0.7973673600861945,False,0.5211927341954965,0.40202750343359694,0.4202156677597698,0.420632996138444
scarcity_frozen,13007,115,67,4.741819945306521,0.0868013330538518,0.7696150561563229,False,0.5202072503228625,0.3951847634148635,0.4157605316010349,0.41620567880905646
scarcity_frozen,13007,120,62,5.066298445257047,0.08754414321573617,0.7551707214482594,False,0.5230138878259248,0.39172935430017686,0.41668225781261914,0.41607319830409234
scarcity_frozen,13007,125,64,4.869292743842763,0.08672857155927241,0.7545222984866653,False,0.5293472370738852,0.39064917438369245,0.4186823275381541,0.41767441797429533
scarcity_frozen,13007,129,63,4.9044085843736,0.08717640959393112,0.752525878896668,False,0.5305609156213997,0.3902703614138981,0.41768686643866465,0.41749490329887246
scarcity_frozen,13007,130,63,4.816646679611695,0.08717640959393112,0.752525878896668,True,0.5305609156213997,0.3902703614138981,0.41768686643866465,0.41749490329887246
scarcity_frozen,13007,135,60,4.614389541333313,0.0866116234909588,0.7303048774562131,True,0.5369786801791143,0.38945399959444255,0.41766755157466406,0.4175911394308337
scarcity_frozen,13007,140,57,4.415728920701734,0.08654669111220169,0.7181371486927919,True,0.5418276799815114,0.38826842464546074,0.417629518363664,0.4205901865273692
scarcity_frozen,13007,145,55,4.137700881454524,0.08572741225852493,0.7015221187742827,True,0.5461555286053453,0.3868576523124,0.4197385491929171,0.421648167739259
scarcity_frozen,13007,150,53,3.952093216603751,0.08512808397766022,0.6900901507187939,True,0.546250935347696,0.3833662832444747,0.41988242100866513,0.4170368940716258
scarcity_frozen,13007,155,52,3.6479911630769,0.08493629816803065,0.681054028307176,True,0.54888269579827,0.38283309496226153,0.42144379735837706,0.41515651919974395
scarcity_frozen,13007,160,49,3.4474033567346702,0.08200138048788934,0.6718064326127172,True,0.5502561718101062,0.3832319330476626,0.4187894774620147,0.4211480028305153
scarcity_frozen,13007,165,49,3.154648254693853,0.08200138048788934,0.6718064326127172,True,0.5502561718101062,0.3832319330476626,0.4187894774620147,0.4211480028305153
scarcity_frozen,13007,170,46,2.976895749565192,0.08167005344661654,0.6485451165712163,True,0.5546657713276724,0.38291592474487934,0.4155824781822883,0.42127513023481
scarcity_frozen,13007,175,43,2.7886797320929975,0.07962727454040369,0.6381796016389223,True,0.558350944336537,0.38208440534477306,0.41416850781420544,0.422611470466957
scarcity_frozen,13007,180,41,2.54265637463412,0.07850040315318438,0.6316451416368445,True,0.558896187502007,0.38487226578745126,0.40875222747712936,0.418805369383776
scarcity_frozen,13007,185,39,2.397048484102539,0.07863753844187346,0.6212995608145457,True,0.5595787250503297,0.38239324251130286,0.40531714999079976,0.41202874091677744
scarcity_frozen,13007,190,37,2.3091708886486226,0.0791920193775624,0.6104839923059127,True,0.5620370956100456,0.37740753452930426,0.4044608825884572,0.41442569864825946
scarcity_frozen,13007,195,31,2.6795944295225538,0.08054016255573505,0.5970481295913904,True,0.5554859838240108,0.3785635823832551,0.41020836607443406,0.4143632165563057
scarcity_frozen,13007,200,27,2.8689767390814525,0.08012474249844681,0.5793194830234675,True,0.5576158049878226,0.3801667347387615,0.40367140154287134,0.4131113138869385
scarcity_frozen,13007,205,27,2.6204952575999716,0.08012474249844681,0.5793194830234675,True,0.5576158049878226,0.3801667347387615,0.40367140154287134,0.4131113138869385
scarcity_frozen,13007,210,27,2.373865627970341,0.08012474249844681,0.5793194830234675,True,0.5576158049878226,0.3801667347387615,0.40367140154287134,0.4131113138869385
scarcity_frozen,13007,215,24,2.3930182366079698,0.08067778804625927,0.5876594258190047,True,0.5564548532973312,0.38505658511278185,0.40533092517858077,0.4147633749249921
scarcity_frozen,13007,220,20,2.31367908392957,0.07733749857176747,0.5139366513715177,True,0.5561858902971741,0.3869164193776603,0.39943553223925876,0.40228946081243794
scarcity_frozen,13007,225,16,2.5045899813119696,0.0797867789426645,0.5114550114453398,True,0.5561641253993078,0.38388753298146705,0.3851591716704664,0.3996236397822793
scarcity_frozen,13007,230,16,2.740339981311968,0.0797867789426645,0.5114550114453398,True,0.5561641253993078,0.38388753298146705,0.3851591716704664,0.3996236397822793
scarcity_frozen,13007,235,13,3.154665823153201,0.08023087402301801,0.46566865542798225,True,0.5510025770482041,0.36593032285866334,0.37825206600731676,0.38653128973386536
scarcity_frozen,13007,240,10,3.7967007700991715,0.06834515488198205,0.39651038612286593,True,0.5343284062360704,0.36585652648571126,0.36517894969995146,0.3990738066878469
scarcity_frozen,13007,245,10,3.736500770099171,0.06834515488198205,0.39651038612286593,True,0.5343284062360704,0.36585652648571126,0.36517894969995146,0.3990738066878469
scarcity_frozen,13007,250,9,3.8217786334435258,0.06751517953133525,0.3561080115091399,True,0.5483494106561191,0.3741040407240439,0.3632857559960677,0.4019521094376197
scarcity_frozen,13007,255,8,4.167146882623969,0.06439951988484392,0.3493784870522176,True,0.5677280473259263,0.3777203113007672,0.3679580957206294,0.4134228190594549
scarcity_frozen,13007,259,8,4.064646882623969,0.06439951988484392,0.3493784870522176,True,0.5677280473259263,0.3777203113007672,0.3679580957206294,0.4134228190594549
stable_mutable,13019,0,72,7.069160148203084,0.09955255080698923,0.9999999999999998,False,0.47909144495173817,0.47012531602800933,0.4455003186278346,0.457859758635923
stable_mutable,13019,5,82,7.104632980381491,0.1018698710967312,0.990879072948948,False,0.48118913919985296,0.46365236759188255,0.4487561223584615,0.4481595688461799
stable_mutable,13019,10,87,7.206614383422287,0.1002073268780026,0.9883614319811516,False,0.4832570809941145,0.46648508413730544,0.44872118759755075,0.4475354627089983
stable_mutable,13019,15,89,6.959749820034891,0.10007440949799654,0.9876474929001227,False,0.4857354687664263,0.4653721865663268,0.4497894981870418,0.44704691428242477
stable_mutable,13019,20,91,6.604907894954623,0.0994011323047415,0.9857359293893846,False,0.48585369227822095,0.4670772674992277,0.4489244462686808,0.44798448900495336
stable_mutable,13019,25,92,6.184727623924972,0.09908217677383191,0.9855183080837088,False,0.48481241004337944,0.46648559819096985,0.44847291837483466,0.4474346495242287
stable_mutable,13019,30,93,5.831037487280027,0.09919731653772206,0.9840171098727282,False,0.486903541946355,0.46716521063338906,0.44929559733868984,0.4478254982444854
stable_mutable,13019,35,94,5.594003790649905,0.09968695035776147,0.9838761909843889,False,0.4845639101284486,0.46639525645578417,0.4513059751704303,0.45132645385544007
stable_mutable,13019,40,93,5.508960168919657,0.09978838824833094,0.9805315932191127,False,0.4841069836422295,0.46805404355582997,0.4511824350165402,0.4520515155465261
stable_mutable,13019,45,93,5.2616043569716044,0.1000257180212306,0.9757304900852988,False,0.48240475501832725,0.4684882093827054,0.45366721842699226,0.45265275302873265
stable_mutable,13019,50,95,4.911616922206708,0.10042214957171727,0.9743643691809428,False,0.4832128848735362,0.46765063926070016,0.45467260984839936,0.45491075230145733
stable_mutable,13019,55,94,4.68654033580338,0.10069619913300815,0.9709276991580523,False,0.4844159816897715,0.46707951769550315,0.4543491296115965,0.45431793762992795
stable_mutable,13019,60,93,4.440542276094656,0.1006629705389997,0.9674438702978689,False,0.4862591190562384,0.4668034355537125,0.45543034646020086,0.4536559766128844
stable_mutable,13019,65,86,4.523778282321193,0.10035589687898207,0.94539466392907,False,0.493477488291092,0.4625699104757158,0.45137745995979406,0.4549789829103283
stable_mutable,13019,70,85,4.383299559784693,0.1007938824373598,0.9353408899775351,False,0.4903262416102211,0.4609375077258992,0.45254848868418046,0.45592596495902654
stable_mutable,13019,75,79,4.5026428181941975,0.0995715104416425,0.9144686103067514,False,0.4964863878891449,0.4609273337246946,0.45396787766885194,0.4528210138270139
stable_mutable,13019,80,76,4.4518224355823985,0.09982706186557141,0.9011834964650004,False,0.4970779775017877,0.46033882300896917,0.4600246092003026,0.45212487149980535
stable_mutable,13019,85,77,4.177145175736645,0.10030719390956681,0.8998888850180483,False,0.4973721426269467,0.4605931697762781,0.4573544016698754,0.44995356223334
stable_mutable,13019,90,72,4.251652370049857,0.09811862059403734,0.876147535568386,False,0.498421941627919,0.4515588983151364,0.45701729797815954,0.45252543224474856
stable_mutable,13019,95,69,4.224526533485766,0.0995676364129496,0.8655089292077454,False,0.49769172434196146,0.44969597075624396,0.45661688895188374,0.45301297209992314
stable_mutable,13019,100,67,4.157333894355273,0.10028720582445673,0.8597516774017606,False,0.49609792774660433,0.4447263912198465,0.45610878474668526,0.4532259035531819
stable_mutable,13019,105,65,4.13119186960958,0.10135760590157528,0.8488679615756807,False,0.4958407284018882,0.44373877680958984,0.4575333935074496,0.45212085063365914
stable_mutable,13019,110,63,4.184244002022893,0.10233059530798878,0.8385259104631674,False,0.4961978573273679,0.4410245775379497,0.45672696441461474,0.4551135696656934
stable_mutable,13019,115,60,4.36445121217103,0.10269775134173967,0.8206049106010372,False,0.5018018345183709,0.4406630716857272,0.4604602888702457,0.45246872334757665
stable_mutable,13019,120,61,4.276910046582739,0.10240604167289544,0.8130410491585046,False,0.5035133837702559,0.44324675247905027,0.46393180668337675,0.4561313622001059
stable_mutable,13019,125,61,4.241144502459109,0.10240604167289544,0.8130410491585046,False,0.5035133837702559,0.44324675247905027,0.46393180668337675,0.4561313622001059
stable_mutable,13019,129,59,4.360412605039093,0.10317182180056096,0.8057167476020541,False,0.5053567133269365,0.4439082322198731,0.4673553104265276,0.4544404925143851
stable_mutable,13019,130,59,4.392022774530617,0.10317182180056096,0.8057167476020541,False,0.5053567133269365,0.4439082322198731,0.4673553104265276,0.4544404925143851
stable_mutable,13019,135,58,4.45510941566525,0.10432958478748375,0.799172683565923,False,0.5070193502469886,0.44197047178691323,0.4720705948869839,0.4568452743249398
stable_mutable,13019,140,59,4.383293892330453,0.10513013281818781,0.7976002342452865,False,0.5141742855450869,0.44049720770940876,0.47964373001649835,0.4531186201706336
stable_mutable,13019,145,60,4.327837558661369,0.10557704829647396,0.7935921565355171,False,0.5156044356840738,0.4390931671237379,0.4837785407134866,0.45281008418890906
stable_mutable,13019,150,59,4.304043777165678,0.10522758236602463,0.7944541722482443,False,0.5160423368760462,0.43957889634481356,0.48657812356396607,0.45592203221904726
stable_mutable,13019,155,58,4.311077365276692,0.10584471606665494,0.7933047715471551,False,0.5157350947377352,0.43773412143099116,0.4865081783084096,0.45603045818690774
stable_mutable,13019,160,55,4.484367834353121,0.10355327338685369,0.7841571116805945,False,0.5211507980286195,0.4359812203792517,0.4927299568110503,0.457556900478551
stable_mutable,13019,165,54,4.5327673991845945,0.10340173009804446,0.7706075802464287,False,0.526259833273609,0.43447106988112444,0.503554364993598,0.46177817270984783
stable_mutable,13019,170,54,4.499132448565083,0.10340173009804446,0.7706075802464287,False,0.526259833273609,0.43447106988112444,0.503554364993598,0.46177817270984783
stable_mutable,13019,175,53,4.564811482184672,0.10296964373969023,0.7631779004760133,False,0.5274449906246351,0.432393205976229,0.5052951996002225,0.4584583789694364
stable_mutable,13019,180,53,4.53569933752945,0.1023327452940206,0.7559960280776447,False,0.5274966482910881,0.43306869676770665,0.5052130152752914,0.4620362811343503
stable_mutable,13019,185,53,4.532882845757463,0.1023327452940206,0.7559960280776447,False,0.5274966482910881,0.43306869676770665,0.5052130152752914,0.4620362811343503
stable_mutable,13019,190,51,4.699922791677333,0.10309657335788627,0.7489970979912752,False,0.5270200004271826,0.4319605718430002,0.5027711418025193,0.45782790311961363
stable_mutable,13019,195,51,4.63573249630291,0.10309657335788627,0.7489970979912752,False,0.5270200004271826,0.4319605718430002,0.5027711418025193,0.45782790311961363
stable_mutable,13019,200,51,4.570483507492588,0.10309657335788627,0.7489970979912752,False,0.5270200004271826,0.4319605718430002,0.5027711418025193,0.45782790311961363
stable_mutable,13019,205,51,4.474760983358815,0.10309657335788627,0.7489970979912752,False,0.5270200004271826,0.4319605718430002,0.5027711418025193,0.45782790311961363
stable_mutable,13019,210,50,4.515372394478261,0.10375963164585342,0.734476250396341,False,0.5277299219155887,0.42742153003410566,0.4995399157986871,0.45990168728783026
stable_mutable,13019,215,50,4.507473820504573,0.10470854348881359,0.7255461985674467,False,0.5318282788418824,0.42567346123238314,0.4955918781496233,0.4585045456936884
stable_mutable,13019,220,38,4.88677708768692,0.10556551721257101,0.6442828358996268,False,0.5194607404158667,0.4037612643165177,0.5126606824306075,0.4625020228455748
stable_mutable,13019,225,34,5.120811721179909,0.10945521745855864,0.6242697875338589,False,0.5196763710599999,0.4051212894807945,0.5134882952411379,0.46411012520514666
stable_mutable,13019,230,32,5.560799953753655,0.10785121072194144,0.5975760824757593,False,0.5198402677053697,0.3969467126469317,0.52226128828204,0.46866464616946624
stable_mutable,13019,235,27,5.977466200897942,0.11243136259391143,0.5304461507906155,False,0.5282698626152056,0.3933015588986851,0.5259969336441999,0.47133770384265966
stable_mutable,13019,240,26,6.004153505259866,0.10982278047570296,0.4953092569753265,False,0.5460788111685917,0.38500821286945175,0.5383966972691026,0.4671437934076518
stable_mutable,13019,245,24,6.320596544701728,0.10745827951963284,0.42379558562633507,False,0.5556706419555276,0.378919752197924,0.5540035788941764,0.484764754318854
stable_mutable,13019,250,23,6.711502577378683,0.11288626462827046,0.4205350040282044,False,0.5478808179294129,0.37989781801971056,0.539775990601561,0.4921194843016781
stable_mutable,13019,255,22,7.228022919101514,0.1136122143249105,0.41622618163825126,False,0.5426807258843223,0.3734493888023349,0.5405344076466779,0.49334076627210627
stable_mutable,13019,259,24,6.728492923179924,0.1120513037075641,0.398570147360362,False,0.5477087687910075,0.37384284991862066,0.539177514892635,0.4920496056974138
scarcity_mutable,13019,0,72,7.069160148203084,0.09955255080698923,0.9999999999999998,False,0.47909144495173817,0.47012531602800933,0.4455003186278346,0.457859758635923
scarcity_mutable,13019,5,82,7.104632980381491,0.1018698710967312,0.990879072948948,False,0.48118913919985296,0.46365236759188255,0.4487561223584615,0.4481595688461799
scarcity_mutable,13019,10,87,7.206614383422287,0.1002073268780026,0.9883614319811516,False,0.4832570809941145,0.46648508413730544,0.44872118759755075,0.4475354627089983
scarcity_mutable,13019,15,89,6.959749820034891,0.10007440949799654,0.9876474929001227,False,0.4857354687664263,0.4653721865663268,0.4497894981870418,0.44704691428242477
scarcity_mutable,13019,20,91,6.604907894954623,0.0994011323047415,0.9857359293893846,False,0.48585369227822095,0.4670772674992277,0.4489244462686808,0.44798448900495336
scarcity_mutable,13019,25,92,6.184727623924972,0.09908217677383191,0.9855183080837088,False,0.48481241004337944,0.46648559819096985,0.44847291837483466,0.4474346495242287
scarcity_mutable,13019,30,93,5.831037487280027,0.09919731653772206,0.9840171098727282,False,0.486903541946355,0.46716521063338906,0.44929559733868984,0.4478254982444854
scarcity_mutable,13019,35,94,5.594003790649905,0.09968695035776147,0.9838761909843889,False,0.4845639101284486,0.46639525645578417,0.4513059751704303,0.45132645385544007
scarcity_mutable,13019,40,93,5.508960168919657,0.09978838824833094,0.9805315932191127,False,0.4841069836422295,0.46805404355582997,0.4511824350165402,0.4520515155465261
scarcity_mutable,13019,45,93,5.2616043569716044,0.1000257180212306,0.9757304900852988,False,0.48240475501832725,0.4684882093827054,0.45366721842699226,0.45265275302873265
scarcity_mutable,13019,50,95,4.911616922206708,0.10042214957171727,0.9743643691809428,False,0.4832128848735362,0.46765063926070016,0.45467260984839936,0.45491075230145733
scarcity_mutable,13019,55,94,4.68654033580338,0.10069619913300815,0.9709276991580523,False,0.4844159816897715,0.46707951769550315,0.4543491296115965,0.45431793762992795
scarcity_mutable,13019,60,93,4.440542276094656,0.1006629705389997,0.9674438702978689,False,0.4862591190562384,0.4668034355537125,0.45543034646020086,0.4536559766128844
scarcity_mutable,13019,65,86,4.523778282321193,0.10035589687898207,0.94539466392907,False,0.493477488291092,0.4625699104757158,0.45137745995979406,0.4549789829103283
scarcity_mutable,13019,70,85,4.383299559784693,0.1007938824373598,0.9353408899775351,False,0.4903262416102211,0.4609375077258992,0.45254848868418046,0.45592596495902654
scarcity_mutable,13019,75,79,4.5026428181941975,0.0995715104416425,0.9144686103067514,False,0.4964863878891449,0.4609273337246946,0.45396787766885194,0.4528210138270139
scarcity_mutable,13019,80,76,4.4518224355823985,0.09982706186557141,0.9011834964650004,False,0.4970779775017877,0.46033882300896917,0.4600246092003026,0.45212487149980535
scarcity_mutable,13019,85,77,4.177145175736645,0.10030719390956681,0.8998888850180483,False,0.4973721426269467,0.4605931697762781,0.4573544016698754,0.44995356223334
scarcity_mutable,13019,90,72,4.251652370049857,0.09811862059403734,0.876147535568386,False,0.498421941627919,0.4515588983151364,0.45701729797815954,0.45252543224474856
scarcity_mutable,13019,95,69,4.224526533485766,0.0995676364129496,0.8655089292077454,False,0.49769172434196146,0.44969597075624396,0.45661688895188374,0.45301297209992314
scarcity_mutable,13019,100,67,4.157333894355273,0.10028720582445673,0.8597516774017606,False,0.49609792774660433,0.4447263912198465,0.45610878474668526,0.4532259035531819
scarcity_mutable,13019,105,65,4.13119186960958,0.10135760590157528,0.8488679615756807,False,0.4958407284018882,0.44373877680958984,0.4575333935074496,0.45212085063365914
scarcity_mutable,13019,110,63,4.184244002022893,0.10233059530798878,0.8385259104631674,False,0.4961978573273679,0.4410245775379497,0.45672696441461474,0.4551135696656934
scarcity_mutable,13019,115,60,4.36445121217103,0.10269775134173967,0.8206049106010372,False,0.5018018345183709,0.4406630716857272,0.4604602888702457,0.45246872334757665
scarcity_mutable,13019,120,61,4.276910046582739,0.10240604167289544,0.8130410491585046,False,0.5035133837702559,0.44324675247905027,0.46393180668337675,0.4561313622001059
scarcity_mutable,13019,125,61,4.241144502459109,0.10240604167289544,0.8130410491585046,False,0.5035133837702559,0.44324675247905027,0.46393180668337675,0.4561313622001059
scarcity_mutable,13019,129,59,4.360412605039093,0.10317182180056096,0.8057167476020541,False,0.5053567133269365,0.4439082322198731,0.4673553104265276,0.4544404925143851
scarcity_mutable,13019,130,59,4.317836333852651,0.10317182180056096,0.8057167476020541,True,0.5053567133269365,0.4439082322198731,0.4673553104265276,0.4544404925143851
scarcity_mutable,13019,135,58,3.998988726010078,0.10432958478748375,0.799172683565923,True,0.5070193502469886,0.44197047178691323,0.4720705948869839,0.4568452743249398
scarcity_mutable,13019,140,58,3.649456608865923,0.10461504260063022,0.8010030920893052,True,0.510275451741046,0.4415994350802053,0.4764609893079101,0.45247391621274297
scarcity_mutable,13019,145,54,3.5000479132263624,0.10576542164599147,0.7935728766689785,True,0.5102161118907674,0.44585722585951976,0.4767389316734108,0.45874941726981855
scarcity_mutable,13019,150,51,3.3069243443266125,0.10554623964762494,0.784733740149295,True,0.5104829897136295,0.44127829361049437,0.48210899219172626,0.45882693936379276
scarcity_mutable,13019,155,46,3.2432211434235745,0.10222922970795734,0.765737454090169,True,0.5209673637296239,0.4416306971777697,0.490558553040211,0.4619181829039398
scarcity_mutable,13019,160,43,3.041362181467989,0.10177729742621203,0.7484712627621628,True,0.5233920426615885,0.4424967654409959,0.4967147311229165,0.46647815325607045
scarcity_mutable,13019,165,38,2.991848988655885,0.09959415465373525,0.7023302892242764,True,0.5193973508113525,0.4315070665761206,0.5134461939162854,0.46960175676076865
scarcity_mutable,13019,170,35,2.940954344622599,0.10148650413535751,0.6831521131413969,True,0.5155833057007511,0.4286687158134622,0.5147634389487895,0.46890086704775974
scarcity_mutable,13019,175,35,2.6915498013578714,0.10148650413535751,0.6831521131413969,True,0.5155833057007511,0.4286687158134622,0.5147634389487895,0.46890086704775974
scarcity_mutable,13019,180,30,2.8470959506347326,0.1043286705688486,0.633215248920404,True,0.521270446172567,0.436591882565379,0.5099821382389046,0.47448468035544666
scarcity_mutable,13019,185,25,3.1506545348377766,0.10440275600581136,0.571134363699878,True,0.5251762591018594,0.43282180752309996,0.5234152897853024,0.4780551944904008
scarcity_mutable,13019,190,26,2.930264787178123,0.10817801588258544,0.5748195583359392,True,0.5291604333645917,0.44157047364323454,0.5157193559290678,0.4721962632935191
scarcity_mutable,13019,195,24,2.857579373312438,0.1108054280942114,0.5540255081310408,True,0.5261815158995237,0.4390909862665397,0.5156986996156062,0.47048176331016806
scarcity_mutable,13019,200,23,2.7389089112825458,0.10960524824600268,0.535852648279569,True,0.5339540829750751,0.4407987961657395,0.5064776348685947,0.47142150796924653
scarcity_mutable,13019,205,19,3.050328808060606,0.1134301695582387,0.5455643834134642,True,0.5284408196576771,0.43884941861217147,0.4863227664833986,0.465953304731368
scarcity_mutable,13019,210,18,3.006130441998391,0.11449649604808296,0.5249817327166212,True,0.5330097336820883,0.4418936575764437,0.48099546408682303,0.4598266391499711
scarcity_mutable,13019,215,17,2.8554559039558325,0.11504514474581864,0.5027421277812788,True,0.5400063392098802,0.43841468696557717,0.47622453904616247,0.4671995613143447
scarcity_mutable,13019,220,12,3.3783943700163785,0.11452028353526988,0.4087659425819005,True,0.491529895089613,0.4061984988528123,0.5088060075755146,0.4746811256563808
scarcity_mutable,13019,225,9,3.5198848015544484,0.11956329826089794,0.34251361788042206,True,0.5055842109501337,0.4203273857205417,0.5251183415377274,0.4695865462528276
scarcity_mutable,13019,230,9,3.421551468221114,0.11956329826089794,0.34251361788042206,True,0.5055842109501337,0.4203273857205417,0.5251183415377274,0.4695865462528276
scarcity_mutable,13019,235,6,4.043179347633612,0.12434353741732371,0.31091072154135735,True,0.5196800457079134,0.4183061171840136,0.5343339269064797,0.45793345357828646
scarcity_mutable,13019,240,5,3.722095959662737,0.11825623076930339,0.3114994257528387,True,0.5556268435437806,0.4385606037841555,0.5467233701445623,0.42689280667405766
scarcity_mutable,13019,245,5,3.490295959662736,0.11825623076930339,0.3114994257528387,True,0.5556268435437806,0.4385606037841555,0.5467233701445623,0.42689280667405766
scarcity_mutable,13019,250,5,3.2012959596627355,0.11825623076930339,0.3114994257528387,True,0.5556268435437806,0.4385606037841555,0.5467233701445623,0.42689280667405766
scarcity_mutable,13019,255,4,3.6927699495784254,0.12581286602362202,0.2431147865896834,True,0.5289628436993739,0.41775993952970014,0.5526315087784561,0.4173031881045074
scarcity_mutable,13019,259,4,3.518769949578424,0.12581286602362202,0.2431147865896834,True,0.5289628436993739,0.41775993952970014,0.5526315087784561,0.4173031881045074
scarcity_frozen,13019,0,72,7.069160148203084,0.09955255080698923,0.9999999999999998,False,0.47909144495173817,0.47012531602800933,0.4455003186278346,0.457859758635923
scarcity_frozen,13019,5,82,7.142906771592751,0.099671215370769,0.990879072948948,False,0.4822473587971982,0.46428438643120423,0.4491734826734504,0.44926806614749787
scarcity_frozen,13019,10,90,7.065863561910515,0.0986261401999137,0.9873463769665942,False,0.4833317447219671,0.46289896212193066,0.44959172368040645,0.4474983041773075
scarcity_frozen,13019,15,92,6.6945900702264085,0.09823017269110255,0.9855183080837088,False,0.4829225879696081,0.4634453553580651,0.4487746015620849,0.4491735086812761
scarcity_frozen,13019,20,93,6.332303572202237,0.09839990746671046,0.9840171098727284,False,0.48299619740388866,0.46287535307550826,0.4473749085617958,0.44723836504395864
scarcity_frozen,13019,25,95,5.94297874626149,0.0984088819513389,0.9824765338149526,False,0.48232815904758475,0.4616225556503364,0.44595637742361455,0.44649982081907136
scarcity_frozen,13019,30,96,5.648811550649775,0.09803712261491784,0.9811316755685976,False,0.48329855729261967,0.46208394947988524,0.44602897780651,0.4466398737735098
scarcity_frozen,13019,35,99,5.3645320645322325,0.09746254100920004,0.9752048125685959,False,0.4859104157057164,0.46249573857507703,0.4483104117636295,0.4467820658120661
scarcity_frozen,13019,40,102,5.060587658700676,0.09801473507105635,0.96905606200814,False,0.48618838180699114,0.4596387557432174,0.4519708837297205,0.4457839893488847
scarcity_frozen,13019,45,101,4.841620823907793,0.09785459850695583,0.9656395821106553,False,0.485251759986903,0.46142762025701556,0.4524739834725503,0.4451440741309462
scarcity_frozen,13019,50,101,4.597685925029159,0.09785459850695583,0.9656395821106553,False,0.485251759986903,0.46142762025701556,0.4524739834725503,0.4451440741309462
scarcity_frozen,13019,55,101,4.3461407570405,0.09785459850695583,0.9656395821106553,False,0.485251759986903,0.46142762025701556,0.4524739834725503,0.4451440741309462
scarcity_frozen,13019,60,98,4.16877925395517,0.09715098948969304,0.9497475883683129,False,0.4890909584748868,0.45776554459402125,0.45548267566906636,0.44493983826848027
scarcity_frozen,13019,65,98,3.9159849970152423,0.09685929822606666,0.9497475883683129,False,0.48962610320016214,0.4592745256994,0.45454843930720823,0.4469705648918101
scarcity_frozen,13019,70,95,3.7659227428860653,0.09631238200750794,0.9285483162842909,False,0.4912605586045226,0.4563841143070773,0.4548826486715011,0.4452618491069891
scarcity_frozen,13019,75,89,3.777479048704419,0.09720513024001506,0.907748677874061,False,0.49430218785544433,0.45340922513933585,0.4528054377581015,0.4464022243426278
scarcity_frozen,13019,80,89,3.6101328420373293,0.09589071278417015,0.8981968845740582,False,0.5005078115522351,0.453437454546421,0.45445916678030257,0.44838880471592635
scarcity_frozen,13019,85,84,3.6286495976354254,0.09440415265822716,0.8795261035396813,False,0.4995753894260345,0.45131313619269475,0.45457600070834786,0.446710257939995
scarcity_frozen,13019,90,78,3.6599830330787744,0.09224779929400632,0.854313583574045,False,0.5001893499178954,0.4488847189467627,0.4546740169707624,0.4425402488331045
scarcity_frozen,13019,95,73,3.6525644939397806,0.09138436554032435,0.8542049554887117,False,0.5043154669195914,0.45363281571634234,0.45783698069781376,0.44236967007277195
scarcity_frozen,13019,100,70,3.6358724603583723,0.09165308924441382,0.8452884473584565,False,0.5064357099897874,0.45129348271269015,0.4599638839116393,0.44105719209604244
scarcity_frozen,13019,105,68,3.6338382280667223,0.09197348424289142,0.8264191222056912,False,0.5090656988968331,0.45085329955903974,0.4625183057709366,0.4409147950685508
scarcity_frozen,13019,110,67,3.7258587157977763,0.09260254728932515,0.811831765919671,False,0.5121512381919961,0.4538878661112906,0.46282028196754865,0.44345404077608624
scarcity_frozen,13019,115,65,3.7444109356213198,0.09103161663650346,0.8044605612600846,False,0.5154349844928104,0.4533242740620146,0.45953670111055983,0.44038193622915023
scarcity_frozen,13019,120,64,3.6663919691975604,0.09103352547672265,0.8032185320894958,False,0.5160635541572235,0.4532563165086027,0.4607943005232717,0.442875723194083
scarcity_frozen,13019,125,65,3.569508062489064,0.09108553500460603,0.7997226043295621,False,0.5172586053038125,0.45432270785105777,0.46242271772702503,0.44474296875906033
scarcity_frozen,13019,129,61,3.7111131555459913,0.09152020744398189,0.781928983160919,False,0.5207619547245825,0.45531680720707546,0.46655004283023443,0.44802511727014777
scarcity_frozen,13019,130,59,3.7374523744904162,0.08986741359469685,0.7680559158285123,True,0.5271920724861742,0.45642283683003704,0.4656063658947607,0.4452845633077216
scarcity_frozen,13019,135,57,3.4205031056990958,0.08895657583565122,0.7591743659473614,True,0.5306004282580594,0.45804881176728296,0.46824658908148414,0.44642276978379647
scarcity_frozen,13019,140,50,3.437423255769169,0.0875738371897058,0.7284006401401739,True,0.5369789781664082,0.46392112743547465,0.4779826695697165,0.4581873659385045
scarcity_frozen,13019,145,46,3.2789538627441037,0.0865948428340211,0.7151254373728834,True,0.5422671535693836,0.466618546319377,0.473177945358578,0.4591501114366256
scarcity_frozen,13019,150,41,3.2450921729324023,0.08446422675976181,0.6869883450881547,True,0.5502192898132198,0.4679196377195906,0.47654697434086735,0.454987474582163
scarcity_frozen,13019,155,37,3.1979856357517034,0.08492057643164105,0.6800205289089417,True,0.5503398071803989,0.4633724195656306,0.47390395414626685,0.45889257382705645
scarcity_frozen,13019,160,36,2.9033704196810444,0.0847015964212994,0.6780540057545701,True,0.5501409997789498,0.46471092448996504,0.4687874843500186,0.4595810668709388
scarcity_frozen,13019,165,35,2.6094925459576452,0.08323601769165878,0.6668991950241636,True,0.5518659350481283,0.4662616611016705,0.47307846525901354,0.46502037876980123
scarcity_frozen,13019,170,32,2.4757758665411758,0.08567454341064418,0.6570953934973985,True,0.5549400148791542,0.4690293088053933,0.4753400164105879,0.4672743906865083
scarcity_frozen,13019,175,25,2.7983228250835235,0.07898717138522886,0.595350784435212,True,0.5659889008209155,0.47952776677348635,0.4807227228051573,0.47446350523016406
scarcity_frozen,13019,180,24,2.568177942795337,0.07711756118441664,0.5792509463970138,True,0.5654428571874615,0.4834374576112115,0.4750551144759627,0.48130224213277234
scarcity_frozen,13019,185,22,2.5643123012312787,0.07763113593517855,0.5587428540703546,True,0.5623788578811303,0.47752199320115946,0.47813011352219914,0.4806388016958893
scarcity_frozen,13019,190,21,2.4002319346232457,0.07713053578048128,0.5400544411611554,True,0.5566782917728813,0.4736727208673419,0.4785568182747789,0.4770318216943073
scarcity_frozen,13019,195,19,2.395677401425694,0.07648007571447549,0.5156247974080345,True,0.5594329067072873,0.47651678694637384,0.4742538757827396,0.48076236750457224
scarcity_frozen,13019,200,18,2.289314064388369,0.07692097928693402,0.5284966280036784,True,0.5575268527084968,0.4739581776784956,0.4691212345058228,0.4761243498705146
scarcity_frozen,13019,205,16,2.313790473636918,0.07388977616234671,0.5104433959264464,True,0.5652678195137616,0.477581143860891,0.48308976557665556,0.4756908189202533
scarcity_frozen,13019,210,16,2.1588529736369173,0.07388977616234671,0.5104433959264464,True,0.5652678195137616,0.477581143860891,0.48308976557665556,0.4756908189202533
scarcity_frozen,13019,215,15,2.130923171879379,0.07498587401362335,0.4861617004979586,True,0.5608497987412925,0.4738481977852703,0.4802830726655174,0.4734472049380106
scarcity_frozen,13019,220,12,2.421261748773346,0.07569344216251164,0.44597449186895927,True,0.5586128310326502,0.4688131757758209,0.4781348275587037,0.47987786514150876
scarcity_frozen,13019,225,10,2.2460642311405947,0.07426452424067626,0.42892569100149036,True,0.5544535696407937,0.4803617728692783,0.4709618702734775,0.4741221057635646
scarcity_frozen,13019,230,8,2.308821831325753,0.07155913565936502,0.38989761815049817,True,0.5617303474833275,0.4800034759906722,0.4847052937320241,0.5000620728396298
scarcity_frozen,13019,235,7,2.3240820929437227,0.06714996104956546,0.3449126656148855,True,0.5763664456845498,0.4960738211153002,0.4861967741021388,0.508659516241145
scarcity_frozen,13019,240,6,2.603366891901015,0.07146873833826894,0.29051913109828054,True,0.5765131215368182,0.4944333974200119,0.49174190075556545,0.5167786182071427
scarcity_frozen,13019,245,6,2.6562002252343477,0.07146873833826894,0.29051913109828054,True,0.5765131215368182,0.4944333974200119,0.49174190075556545,0.5167786182071427
scarcity_frozen,13019,250,4,2.6350246309385454,0.060462233318081614,0.2431147865896834,True,0.5511207312759328,0.4965639967317369,0.5148716783039538,0.5392332012410942
scarcity_frozen,13019,255,4,2.5962746309385434,0.060462233318081614,0.2431147865896834,True,0.5511207312759328,0.4965639967317369,0.5148716783039538,0.5392332012410942
scarcity_frozen,13019,259,4,2.792024630938543,0.060462233318081614,0.2431147865896834,True,0.5511207312759328,0.4965639967317369,0.5148716783039538,0.5392332012410942
stable_mutable,13033,0,72,7.082475274185263,0.10422294690279332,0.9999999999999998,False,0.4763046431113168,0.4877002981558463,0.44030258406406,0.4324797734210608
stable_mutable,13033,5,82,6.96120873784913,0.10737640086041453,0.990879072948948,False,0.4838366181473635,0.4805628696392167,0.4385341312445666,0.4252776272706938
stable_mutable,13033,10,86,6.843357794367003,0.10611884204370822,0.9887775553069339,False,0.4848598233458935,0.47730807019713917,0.43568133150409644,0.42303755726052505
stable_mutable,13033,15,89,6.634871852123072,0.10577809865079643,0.9862727789376682,False,0.48624567545931735,0.4780943685705591,0.43546894657330093,0.4243419854321201
stable_mutable,13033,20,92,6.603136900423404,0.10487289340008218,0.9841884217504646,False,0.487114231567353,0.4763219658594367,0.4349754510943903,0.4275637974211693
stable_mutable,13033,25,95,6.352406261462665,0.10496904501586218,0.9790643964593078,False,0.4881920066584045,0.47092920317856346,0.4344174063299819,0.4282146713292344
stable_mutable,13033,30,98,6.014179528784375,0.10419297088712523,0.9757286304440805,False,0.4877853636216561,0.46989091317218346,0.43477640883990154,0.43036417388749276
stable_mutable,13033,35,99,5.784702957603884,0.10396347302059973,0.974565740698222,False,0.4891617265106084,0.4697407126394566,0.4340957133976504,0.43050337153061097
stable_mutable,13033,40,103,5.5149280656953,0.10304065842913299,0.9700120926385004,False,0.48984106263143445,0.4700728279376114,0.43477131681839876,0.4280613044166859
stable_mutable,13033,45,104,5.315842218909767,0.10320426508762012,0.9683074247834019,False,0.4897084047307908,0.4684004323324781,0.4335746620214701,0.4291714567473726
stable_mutable,13033,50,105,5.101557997605061,0.10283285110683771,0.9685785780045281,False,0.4898417057379515,0.4679321766153963,0.43292071472557403,0.4297072284861158
stable_mutable,13033,55,106,4.846609318041159,0.10283734707194854,0.9664044455406999,False,0.4893320163536213,0.4661763550259175,0.4321387578345985,0.4301498935783389
stable_mutable,13033,60,97,5.060319807063667,0.10099940229859972,0.9341491520623194,False,0.4963133565334492,0.45547303189934446,0.4290862334615372,0.42594006596922873
stable_mutable,13033,65,96,4.9231460444488695,0.10050046160002711,0.924835444995577,False,0.5003430419886254,0.4568630036143613,0.42893272849431074,0.4233987470153584
stable_mutable,13033,70,91,4.997362535489272,0.10037281239676951,0.908064512267073,False,0.5026615181005737,0.45293157890592267,0.427324628483644,0.42642526683055765
stable_mutable,13033,75,88,5.007522679350608,0.09817062663952009,0.8952249941705069,False,0.5078454891668499,0.4513277332384316,0.4226140438067716,0.4246499394994142
stable_mutable,13033,80,84,5.103849176617167,0.09886614008611862,0.8740179078284075,False,0.5134679209670333,0.44619503482449946,0.4259374487518342,0.4268767004439098
stable_mutable,13033,85,82,5.112662571168804,0.09856719666076187,0.8612498557891498,False,0.5125221986842247,0.44908940115559953,0.425819728019999,0.43175361227073505
stable_mutable,13033,90,78,5.263906439953316,0.09793269217346845,0.8491928101819942,False,0.5161836220393147,0.4443115222559202,0.42674303546043446,0.43115861762569196
stable_mutable,13033,95,79,5.095471276584872,0.09887616473545234,0.8438144024904947,False,0.518672904331418,0.4360283625749237,0.42528538859605947,0.43060546544127243
stable_mutable,13033,100,77,5.121782654844388,0.09883017584157777,0.8256003420512297,False,0.5212516222609886,0.436543023847784,0.4235593524991701,0.4343344504598497
stable_mutable,13033,105,76,5.138787389822752,0.09807551154243077,0.8117250668707907,False,0.5226127639446413,0.430109296399363,0.4194436726318025,0.4319722604948674
stable_mutable,13033,110,73,5.283430540806752,0.09620362407239381,0.8020652851559719,False,0.5240227249393901,0.42281543005904787,0.4131599739019222,0.43607439039838924
stable_mutable,13033,115,70,5.468136192555613,0.09470828580969295,0.7928932967394671,False,0.5250016579152607,0.4159908252153915,0.4133916634210257,0.43967543208742793
stable_mutable,13033,120,70,5.426137445480291,0.09470828580969295,0.7928932967394671,False,0.5250016579152607,0.4159908252153915,0.4133916634210257,0.43967543208742793
stable_mutable,13033,125,70,5.401137445480289,0.09470828580969295,0.7928932967394671,False,0.5250016579152607,0.4159908252153915,0.4133916634210257,0.43967543208742793
stable_mutable,13033,129,70,5.385597445480291,0.09649303503668641,0.7900103895090702,False,0.5254774013615392,0.4121897870233749,0.4129775744525995,0.43757761819891905
stable_mutable,13033,130,69,5.4595191475887015,0.09673553871455337,0.7836980519229437,False,0.526202991272829,0.4103567702679744,0.4131499459252975,0.4363658664205336
stable_mutable,13033,135,69,5.4392587417915985,0.09677807555830989,0.7824482564112183,False,0.5264095578791806,0.40805459460801474,0.4100266042142564,0.4338959716557195
stable_mutable,13033,140,69,5.430200770777106,0.09677807555830989,0.7824482564112183,False,0.5264095578791806,0.40805459460801474,0.4100266042142564,0.4338959716557195
stable_mutable,13033,145,68,5.479119194087698,0.0956622809717923,0.7714527900683967,False,0.5238328443298915,0.4030416276256149,0.4053191976471499,0.4355910516172924
stable_mutable,13033,150,66,5.621204386695792,0.09591041121559017,0.7659207324608719,False,0.5218383941331809,0.4022351058497989,0.40663782138774546,0.4347370574462567
stable_mutable,13033,155,64,5.815613898780036,0.09272492047659561,0.7520463110646675,False,0.518719892263214,0.39720682294703885,0.40439239761951934,0.43292487724050427
stable_mutable,13033,160,63,5.936432790716243,0.0931362811367716,0.7448653035983488,False,0.5190332325944351,0.3979379465142606,0.4060146600951787,0.4322918850841716
stable_mutable,13033,165,65,5.778157935617282,0.0940716910292653,0.7413503462732033,False,0.5168742128855766,0.3940641779664551,0.40630627387711094,0.43202696243934396
stable_mutable,13033,170,63,5.988797870081323,0.09175012234781238,0.7097931578510234,False,0.5178956095064283,0.3803680214629745,0.3971900176743779,0.43606975420119254
stable_mutable,13033,175,65,5.82327981418343,0.0916931254503446,0.7079773487031034,False,0.5180858835291872,0.38138089808582715,0.39784525688504485,0.441477686035165
stable_mutable,13033,180,67,5.639866151276451,0.09168211910646967,0.7050572865687958,False,0.5174909944376949,0.37972240587235406,0.39426397333285246,0.4407262081193191
stable_mutable,13033,185,67,5.591884550302377,0.09249595786014383,0.7011634815894047,False,0.5174603192274728,0.37655881169546984,0.39172856359551583,0.4393826522415735
stable_mutable,13033,190,67,5.565010636683842,0.09249595786014383,0.7011634815894047,False,0.5174603192274728,0.37655881169546984,0.39172856359551583,0.4393826522415735
stable_mutable,13033,195,66,5.6454832810000735,0.09268435095818445,0.7048915317871611,False,0.5188988630019135,0.37820383083967407,0.3924342099300413,0.43975874296636047
stable_mutable,13033,200,65,5.737693561433596,0.09301337499504002,0.6987277513075995,False,0.5178197809759595,0.37165110026027137,0.39863727948625843,0.4423620160519427
stable_mutable,13033,205,66,5.644706169302155,0.09436660543301295,0.6969224930763424,False,0.5174265246342268,0.3687562923696814,0.39646205337322105,0.4388122406518947
stable_mutable,13033,210,67,5.527778102308966,0.09393861991445085,0.69522400328287,False,0.5188536445240051,0.3691551771489939,0.39597618425757153,0.43855553779909007
stable_mutable,13033,215,65,5.68865213295783,0.09417285896399345,0.6882784818286005,False,0.5207386714238744,0.3687517043237744,0.39348789700925174,0.43750179762679026
stable_mutable,13033,220,61,5.481765723045929,0.09394025899466332,0.6553266511836765,False,0.52817217410431,0.3645526212454608,0.39212979721121555,0.4335793814485903
stable_mutable,13033,225,57,5.64624822696645,0.09438346205456044,0.6537006964626828,False,0.5265262203829351,0.36001189082153473,0.39267537750004655,0.43450944360729055
stable_mutable,13033,230,52,5.943810194189733,0.09576595298800954,0.6166554758392918,False,0.5329661722578348,0.35742088499275837,0.390909684433768,0.437812876737496
stable_mutable,13033,235,50,5.829851760101321,0.09388593117128584,0.5982889597614512,False,0.5338867228287941,0.35317351902053495,0.3851673567005722,0.43407779940979146
stable_mutable,13033,240,49,5.786473546788253,0.09174191929386769,0.5710489167829904,False,0.5316233978427035,0.34052080063526097,0.38655657016217326,0.4390119309395165
stable_mutable,13033,245,46,5.865662793325194,0.08994850058408144,0.5583217081554911,False,0.535585850397737,0.3396181970566649,0.37667472550926023,0.4425203197267808
stable_mutable,13033,250,44,6.165332933931672,0.08700526129633575,0.5391494730629236,False,0.5377597948848944,0.33669290906451343,0.3833748628950413,0.4482199362140234
stable_mutable,13033,255,42,6.6928513123576,0.08735455494980188,0.5257395880490661,False,0.5403314858076571,0.33405346195388674,0.3833377944380324,0.44956450429102435
stable_mutable,13033,259,41,6.825412312189702,0.08857268993557685,0.5258807714690484,False,0.5380302386359284,0.33384276881220415,0.38146620058328595,0.4485155980186112
scarcity_mutable,13033,0,72,7.082475274185263,0.10422294690279332,0.9999999999999998,False,0.4763046431113168,0.4877002981558463,0.44030258406406,0.4324797734210608
scarcity_mutable,13033,5,82,6.96120873784913,0.10737640086041453,0.990879072948948,False,0.4838366181473635,0.4805628696392167,0.4385341312445666,0.4252776272706938
scarcity_mutable,13033,10,86,6.843357794367003,0.10611884204370822,0.9887775553069339,False,0.4848598233458935,0.47730807019713917,0.43568133150409644,0.42303755726052505
scarcity_mutable,13033,15,89,6.634871852123072,0.10577809865079643,0.9862727789376682,False,0.48624567545931735,0.4780943685705591,0.43546894657330093,0.4243419854321201
scarcity_mutable,13033,20,92,6.603136900423404,0.10487289340008218,0.9841884217504646,False,0.487114231567353,0.4763219658594367,0.4349754510943903,0.4275637974211693
scarcity_mutable,13033,25,95,6.352406261462665,0.10496904501586218,0.9790643964593078,False,0.4881920066584045,0.47092920317856346,0.4344174063299819,0.4282146713292344
scarcity_mutable,13033,30,98,6.014179528784375,0.10419297088712523,0.9757286304440805,False,0.4877853636216561,0.46989091317218346,0.43477640883990154,0.43036417388749276
scarcity_mutable,13033,35,99,5.784702957603884,0.10396347302059973,0.974565740698222,False,0.4891617265106084,0.4697407126394566,0.4340957133976504,0.43050337153061097
scarcity_mutable,13033,40,103,5.5149280656953,0.10304065842913299,0.9700120926385004,False,0.48984106263143445,0.4700728279376114,0.43477131681839876,0.4280613044166859
scarcity_mutable,13033,45,104,5.315842218909767,0.10320426508762012,0.9683074247834019,False,0.4897084047307908,0.4684004323324781,0.4335746620214701,0.4291714567473726
scarcity_mutable,13033,50,105,5.101557997605061,0.10283285110683771,0.9685785780045281,False,0.4898417057379515,0.4679321766153963,0.43292071472557403,0.4297072284861158
scarcity_mutable,13033,55,106,4.846609318041159,0.10283734707194854,0.9664044455406999,False,0.4893320163536213,0.4661763550259175,0.4321387578345985,0.4301498935783389
scarcity_mutable,13033,60,97,5.060319807063667,0.10099940229859972,0.9341491520623194,False,0.4963133565334492,0.45547303189934446,0.4290862334615372,0.42594006596922873
scarcity_mutable,13033,65,96,4.9231460444488695,0.10050046160002711,0.924835444995577,False,0.5003430419886254,0.4568630036143613,0.42893272849431074,0.4233987470153584
scarcity_mutable,13033,70,91,4.997362535489272,0.10037281239676951,0.908064512267073,False,0.5026615181005737,0.45293157890592267,0.427324628483644,0.42642526683055765
scarcity_mutable,13033,75,88,5.007522679350608,0.09817062663952009,0.8952249941705069,False,0.5078454891668499,0.4513277332384316,0.4226140438067716,0.4246499394994142
scarcity_mutable,13033,80,84,5.103849176617167,0.09886614008611862,0.8740179078284075,False,0.5134679209670333,0.44619503482449946,0.4259374487518342,0.4268767004439098
scarcity_mutable,13033,85,82,5.112662571168804,0.09856719666076187,0.8612498557891498,False,0.5125221986842247,0.44908940115559953,0.425819728019999,0.43175361227073505
scarcity_mutable,13033,90,78,5.263906439953316,0.09793269217346845,0.8491928101819942,False,0.5161836220393147,0.4443115222559202,0.42674303546043446,0.43115861762569196
scarcity_mutable,13033,95,79,5.095471276584872,0.09887616473545234,0.8438144024904947,False,0.518672904331418,0.4360283625749237,0.42528538859605947,0.43060546544127243
scarcity_mutable,13033,100,77,5.121782654844388,0.09883017584157777,0.8256003420512297,False,0.5212516222609886,0.436543023847784,0.4235593524991701,0.4343344504598497
scarcity_mutable,13033,105,76,5.138787389822752,0.09807551154243077,0.8117250668707907,False,0.5226127639446413,0.430109296399363,0.4194436726318025,0.4319722604948674
scarcity_mutable,13033,110,73,5.283430540806752,0.09620362407239381,0.8020652851559719,False,0.5240227249393901,0.42281543005904787,0.4131599739019222,0.43607439039838924
scarcity_mutable,13033,115,70,5.468136192555613,0.09470828580969295,0.7928932967394671,False,0.5250016579152607,0.4159908252153915,0.4133916634210257,0.43967543208742793
scarcity_mutable,13033,120,70,5.426137445480291,0.09470828580969295,0.7928932967394671,False,0.5250016579152607,0.4159908252153915,0.4133916634210257,0.43967543208742793
scarcity_mutable,13033,125,70,5.401137445480289,0.09470828580969295,0.7928932967394671,False,0.5250016579152607,0.4159908252153915,0.4133916634210257,0.43967543208742793
scarcity_mutable,13033,129,70,5.385597445480291,0.09649303503668641,0.7900103895090702,False,0.5254774013615392,0.4121897870233749,0.4129775744525995,0.43757761819891905
scarcity_mutable,13033,130,69,5.376939437443773,0.09673553871455337,0.7836980519229437,True,0.526202991272829,0.4103567702679744,0.4131499459252975,0.4363658664205336
scarcity_mutable,13033,135,68,5.019204368176238,0.09671574425686733,0.7858533940860213,True,0.5273482530248443,0.4103330152636715,0.4117717354740435,0.4341581517076177
scarcity_mutable,13033,140,66,4.707412554440536,0.09439036799747502,0.7727886797076057,True,0.5258074554041734,0.40437555807517284,0.40542216766016914,0.4344082763901259
scarcity_mutable,13033,145,61,4.6502660425094335,0.09371433933217362,0.7427253621090799,True,0.526936405496744,0.4009792562835781,0.4049213404219637,0.43149530250695406
scarcity_mutable,13033,150,56,4.636903870332865,0.09250956855869547,0.7183988608263648,True,0.5247094175591293,0.39564071252054006,0.41158813045973414,0.43447166487315503
scarcity_mutable,13033,155,56,4.240653870332863,0.09250956855869547,0.7183988608263648,True,0.5247094175591293,0.39564071252054006,0.41158813045973414,0.43447166487315503
scarcity_mutable,13033,160,53,4.053625596056682,0.09405417468375751,0.7100655287691294,True,0.5239119461057457,0.3913934175047398,0.41024141144570203,0.4336543723538501
scarcity_mutable,13033,165,49,3.979162379408249,0.08964518790378587,0.6738966721762141,True,0.5270124312087958,0.38563709317263245,0.398341629789931,0.4308014179314067
scarcity_mutable,13033,170,48,3.677640762312587,0.08763729530842965,0.664156243131606,True,0.5242489183250955,0.3823065059046636,0.3952493036247052,0.43457192206605993
scarcity_mutable,13033,175,46,3.4586229399741817,0.08809889462241186,0.6712083597965532,True,0.5242910078230922,0.38321094945247025,0.39694398061765157,0.43479884465671825
scarcity_mutable,13033,180,44,3.2439696190639182,0.08963752332750095,0.6772237293309629,True,0.5227055129324708,0.38315341863625907,0.3978501026049883,0.43673728330773876
scarcity_mutable,13033,185,41,3.1104136399710347,0.08915355507152659,0.6583477925884834,True,0.5243566973733188,0.38363610827333,0.39524321951333713,0.4431999167730506
scarcity_mutable,13033,190,39,2.9160788481746787,0.09078819808877651,0.6608203628776714,True,0.5219071045021161,0.38381927990531733,0.3939857720676665,0.4457767566708705
scarcity_mutable,13033,195,36,2.81911242863368,0.08727519528046421,0.6527986993325783,True,0.517301774636853,0.3816045847274181,0.39999159218324387,0.4521890353182197
scarcity_mutable,13033,200,34,2.662707277376838,0.08464835807836855,0.6285438262926968,True,0.5196502095961101,0.37358682193475096,0.40050653687469867,0.4526439482438322
scarcity_mutable,13033,205,32,2.5258732322128914,0.08283622548656511,0.6122470314315945,True,0.5211155680885128,0.3775562372599511,0.40632119848017606,0.461835308879143
scarcity_mutable,13033,210,29,2.5094090088445626,0.08266687964787205,0.6064843232556583,True,0.5161405234531855,0.3665002815647727,0.4052475924329771,0.46433478499706127
scarcity_mutable,13033,215,27,2.4399807932034205,0.0838934173522189,0.6003880805828439,True,0.5171155313859761,0.36321280353982377,0.40329414321368773,0.4700480488377648
scarcity_mutable,13033,220,22,2.410497900965245,0.08406265608274364,0.5790384264087503,True,0.5213940696655313,0.3620449920059325,0.39809263533985545,0.47718488512021406
scarcity_mutable,13033,225,19,2.403379361353784,0.08095451210712078,0.5220642470216377,True,0.5189545351238153,0.3520753335665697,0.39952020525518384,0.4861673839024218
scarcity_mutable,13033,230,18,2.3043448814289955,0.07953583348280747,0.5001760331919153,True,0.5209637576878944,0.35001098173323186,0.4029882266343994,0.49712357897823406
scarcity_mutable,13033,235,14,2.394697658980145,0.07795582565951051,0.4462670754579882,True,0.5181557718320624,0.33548840926206186,0.38383523040826556,0.5077565097576001
scarcity_mutable,13033,240,12,2.6754743769040075,0.07533653119274764,0.4255829014258825,True,0.5240411177082328,0.3230900745602093,0.39346495593235536,0.50807955209943
scarcity_mutable,13033,245,11,2.563648522181164,0.07698617977737926,0.431696131505912,True,0.5289957259947654,0.3280039922913745,0.3989676132205508,0.5071785615404395
scarcity_mutable,13033,250,9,2.824444407110318,0.07556803911030273,0.40571941055855165,True,0.5390542156836085,0.33139478264604433,0.4133784346840362,0.5023628389651307
scarcity_mutable,13033,255,8,3.095311957999111,0.07928857413925143,0.4051913109828057,True,0.5403735047511704,0.3264091065183202,0.416184089321012,0.497051814255292
scarcity_mutable,13033,259,7,2.9461039519989876,0.08009915701599249,0.4086987501069862,True,0.5447759973874616,0.3134786708976239,0.4170637015144082,0.4835190558870669
scarcity_frozen,13033,0,72,7.082475274185263,0.10422294690279332,0.9999999999999998,False,0.4763046431113168,0.4877002981558463,0.44030258406406,0.4324797734210608
scarcity_frozen,13033,5,81,7.1320207769236506,0.10487867690661254,0.9915238482205723,False,0.4824968680053711,0.48172441634848756,0.43522121875826864,0.42291282707933414
scarcity_frozen,13033,10,88,6.999705869359416,0.10484689764138841,0.98659497263061,False,0.4891087719975005,0.4842105522087339,0.4372478926611509,0.424459521033852
scarcity_frozen,13033,15,95,6.595622278985564,0.10443222238353451,0.9769401490263837,False,0.49266446288885735,0.4787367416344467,0.4341329032712265,0.42496198457158296
scarcity_frozen,13033,20,100,6.2243955007644125,0.10326237948342563,0.9706371533416519,False,0.4949783797381147,0.47411228071129274,0.4325930980870355,0.4249982961463257
scarcity_frozen,13033,25,102,5.985584881026252,0.10339396369041493,0.967815510730355,False,0.49575934105108466,0.47100424480004666,0.43103147678545045,0.4232464928230354
scarcity_frozen,13033,30,103,5.743200561792987,0.10344835407621034,0.9668649756599933,False,0.4965156618310158,0.47310556172085194,0.43128593591821246,0.42312409811637586
scarcity_frozen,13033,35,104,5.502064017929592,0.10344009110460181,0.9671309868732244,False,0.4954882008150218,0.4730333684185454,0.4310684845650577,0.42150371443328766
scarcity_frozen,13033,40,106,5.220326960987525,0.10318725974001047,0.9640959636037479,False,0.49533420173980364,0.47235399623070196,0.4299943087966401,0.4195583990014422
scarcity_frozen,13033,45,108,4.904487572821086,0.10247566536484301,0.9636706552473093,False,0.49464632101528566,0.4727174355117473,0.43009458211539126,0.4202405589869918
scarcity_frozen,13033,50,108,4.660506091339605,0.10247566536484301,0.9636706552473093,False,0.49464632101528566,0.4727174355117473,0.43009458211539126,0.4202405589869918
scarcity_frozen,13033,55,109,4.376006035455754,0.10247501936063212,0.9640549780876921,False,0.49451982626153707,0.47119256163522666,0.4312342208751612,0.42062144909438554
scarcity_frozen,13033,60,100,4.5048945786467725,0.09925815497280413,0.9351840433349441,False,0.5017312240153189,0.46235845190771735,0.43028797543526565,0.41701441174493437
scarcity_frozen,13033,65,99,4.329186443077547,0.0989022642468495,0.9250183537185974,False,0.5056154306292343,0.4619344346181108,0.4287394123131691,0.4172706706027265
scarcity_frozen,13033,70,95,4.292746882786076,0.0963840139475139,0.9146186117997452,False,0.5077572589848985,0.4579800039713043,0.42632971115389046,0.41623610919404697
scarcity_frozen,13033,75,90,4.328530598496412,0.09598214990258783,0.8907330281113662,False,0.508739117474505,0.45547763836181615,0.4267711951848078,0.42144873727280296
scarcity_frozen,13033,80,87,4.301642467134026,0.09594476733449857,0.8732490024724442,False,0.5109643331574645,0.45220368092009283,0.42527210956555594,0.42135285245048726
scarcity_frozen,13033,85,85,4.239512925184239,0.09436887427122273,0.8690403416106086,False,0.5086238742463011,0.44670152143399805,0.42155213431244887,0.4226780586554148
scarcity_frozen,13033,90,77,4.532582998083427,0.09413932193614337,0.8324987029434504,False,0.5162252743023031,0.44250544791870144,0.4229393840805553,0.42409563446422144
scarcity_frozen,13033,95,73,4.681767052772929,0.09261648030594122,0.8188675064318377,False,0.5110324472965612,0.43672923942974884,0.42187611218724375,0.42605323335413364
scarcity_frozen,13033,100,71,4.73422077256935,0.09302311183029838,0.8134674873385672,False,0.511736517488248,0.4381885958627231,0.42331415252183346,0.4255091478797309
scarcity_frozen,13033,105,70,4.731479355034625,0.0933724379250936,0.8171223327355377,False,0.510689999402519,0.4386133497086944,0.4245100212366063,0.4261278528777877
scarcity_frozen,13033,110,67,4.890909773916773,0.09269947024350722,0.8104888129934937,False,0.5167142922851546,0.4368048454158166,0.4252662836922342,0.4317168630872133
scarcity_frozen,13033,115,66,4.930941740188239,0.09221461346898975,0.8025023788139657,False,0.5206542826149079,0.4357244809707201,0.42742297466290385,0.43535808876578996
scarcity_frozen,13033,120,65,4.975571613114211,0.09227924630219406,0.7881153767614288,False,0.5246400510058736,0.4315173861549468,0.4258468960368654,0.4323928087025182
scarcity_frozen,13033,125,64,5.031011794569121,0.09263081637854687,0.7815530626957639,False,0.525927368122552,0.4315496714312327,0.4272828895055399,0.4324448344335881
scarcity_frozen,13033,129,63,5.1008869024194246,0.09175815610431155,0.7672392371910611,False,0.5281634121284806,0.427658140922224,0.42798754258040356,0.4339918740316818
scarcity_frozen,13033,130,63,5.015394838927362,0.09175815610431155,0.7672392371910611,True,0.5281634121284806,0.427658140922224,0.42798754258040356,0.4339918740316818
scarcity_frozen,13033,135,62,4.665917336329414,0.08998579180242185,0.7602473202760608,True,0.528152239289699,0.4264423277636247,0.42264449633005696,0.4332196980791549
scarcity_frozen,13033,140,58,4.558361980214203,0.08975856887635085,0.7483149398472886,True,0.5279097499150657,0.42357899451833564,0.41931067004964895,0.4361026048375623
scarcity_frozen,13033,145,55,4.38710536095316,0.08895774406278406,0.7330441345038667,True,0.5289469681291177,0.418126120518095,0.41570682174935103,0.435265081720027
scarcity_frozen,13033,150,52,4.232372362546611,0.08751520089233004,0.7182754585236165,True,0.5318452270937175,0.41267802590298025,0.4095130198412068,0.43399544764223946
scarcity_frozen,13033,155,49,4.078378180661712,0.08691944085982128,0.7050216809957978,True,0.5314014069912932,0.4059634049849339,0.4074667272454975,0.43549111204131924
scarcity_frozen,13033,160,46,3.950772409835302,0.08675829815839162,0.6839265768053676,True,0.5300118071119655,0.40180852526880806,0.40851642717903525,0.43890880405494764
scarcity_frozen,13033,165,45,3.664978837928843,0.0866021788402215,0.6812948683945985,True,0.5333074117936083,0.4059969209885281,0.40844336997721953,0.4358134451142457
scarcity_frozen,13033,170,43,3.460133574576696,0.08213371689421234,0.6609526498528399,True,0.5299380559358693,0.39453250751512664,0.40857360007795696,0.43995356996723123
scarcity_frozen,13033,175,39,3.449622970123025,0.08398936072737886,0.6390226807315106,True,0.5339930378412666,0.39091520495898674,0.4076726476758057,0.441897249731991
scarcity_frozen,13033,180,36,3.393270217633279,0.07997078378454554,0.602171789608717,True,0.5346328787442145,0.37449009488321583,0.40941189107818743,0.43797660076254297
scarcity_frozen,13033,185,36,3.076464662077723,0.07997078378454554,0.602171789608717,True,0.5346328787442145,0.37449009488321583,0.40941189107818743,0.43797660076254297
scarcity_frozen,13033,190,34,2.938689689258766,0.08001091945420721,0.6076151729768285,True,0.5346226123938989,0.37795407403883186,0.4127331545706574,0.4439954404157207
scarcity_frozen,13033,195,29,3.1194370149930424,0.07452827472930255,0.5777283316902108,True,0.5403907494598341,0.3830803578969531,0.42021451869427906,0.45610232418742436
scarcity_frozen,13033,200,29,2.855092187406834,0.07452827472930255,0.5777283316902108,True,0.5403907494598341,0.3830803578969531,0.42021451869427906,0.45610232418742436
scarcity_frozen,13033,205,27,2.815875915851826,0.07582684296641548,0.5454906786209748,True,0.5422641241285057,0.3854363180945167,0.42240616971610295,0.4533042101124895
scarcity_frozen,13033,210,26,2.69864037415382,0.07571971337036586,0.5280057801945678,True,0.5417561297373388,0.3825120226731278,0.4172937579151691,0.45343875207511597
scarcity_frozen,13033,215,23,2.8814713794782336,0.07663582147290265,0.525213557613616,True,0.5403113329484808,0.38069716115206814,0.41915074556352055,0.4570691168766737
scarcity_frozen,13033,220,20,2.970024486399971,0.07282363044362111,0.4998737778916624,True,0.538485061154964,0.37220639040739845,0.4177087631625606,0.44757798772772084
scarcity_frozen,13033,225,18,3.0503768888888607,0.0635267295716877,0.48216753048156846,True,0.5329466074894418,0.36352937789645384,0.40597404352886934,0.4416061302682347
scarcity_frozen,13033,230,15,3.1425696981333058,0.06417365158962485,0.46563055379902857,True,0.5327937743337354,0.35902279205008547,0.4144278912865237,0.4583765389081254
scarcity_frozen,13033,235,12,3.5141914559999736,0.06504191645914059,0.47298724593447966,True,0.5375449104583747,0.3603785406412842,0.40201932971947496,0.45198349980279495
scarcity_frozen,13033,240,12,3.499274789333308,0.06504191645914059,0.47298724593447966,True,0.5375449104583747,0.3603785406412842,0.40201932971947496,0.45198349980279495
scarcity_frozen,13033,245,9,4.423865799111086,0.06338073491541506,0.4417364159792455,True,0.5383253851015598,0.3709039547352071,0.41182264400340296,0.4684058831225673
scarcity_frozen,13033,250,9,4.48442135466664,0.06338073491541506,0.4417364159792455,True,0.5383253851015598,0.3709039547352071,0.41182264400340296,0.4684058831225673
scarcity_frozen,13033,255,4,2.9462179679999716,0.059140771810141726,0.2431147865896834,True,0.5726396250083257,0.39206501402362315,0.4234173230298086,0.4192956934406852
scarcity_frozen,13033,259,4,2.9152179679999715,0.059140771810141726,0.2431147865896834,True,0.5726396250083257,0.39206501402362315,0.4234173230298086,0.4192956934406852
stable_mutable,13049,0,72,7.060815942926578,0.0974650183478989,0.9999999999999998,False,0.48433788851922116,0.47741640676064034,0.4329121139562093,0.43796291957767014
stable_mutable,13049,5,81,6.893223822476084,0.09907237100554435,0.9915238482205723,False,0.48663569720558386,0.4737846617483621,0.4342576136552886,0.4320717104720932
stable_mutable,13049,10,89,7.275012692365872,0.10273992891185726,0.9840053238126368,False,0.4883889372506382,0.4707508221044643,0.42382296741941966,0.43165443599445
stable_mutable,13049,15,94,6.853469464048537,0.10353360546141506,0.9769793176059581,False,0.4867499042525158,0.4719546721954651,0.4263587760415161,0.43272342227181687
stable_mutable,13049,20,96,6.557615933547525,0.10415868354804578,0.9748253160021044,False,0.48723772986390634,0.4681837072498574,0.4269719250223174,0.4315742463963515
stable_mutable,13049,25,98,6.288633975720024,0.10423598047079574,0.973669410993797,False,0.48886496514971123,0.4666572488686697,0.4245336747230931,0.43430633178540384
stable_mutable,13049,30,99,6.031526561823861,0.10479506698632565,0.9711279740609642,False,0.4884095724187931,0.4646139426943031,0.42602378885339565,0.4327537722682167
stable_mutable,13049,35,100,5.754861296205621,0.10479839785415594,0.9700463390667378,False,0.4893920193421613,0.4644027074706207,0.42463569585602784,0.4340504279893967
stable_mutable,13049,40,100,5.558361296205621,0.10479839785415594,0.9700463390667378,False,0.4893920193421613,0.4644027074706207,0.42463569585602784,0.4340504279893967
stable_mutable,13049,45,101,5.285704253668932,0.10521119695035516,0.9671714755687053,False,0.48940085963006985,0.462349746546454,0.42582931736816215,0.4326657151470349
stable_mutable,13049,50,101,5.064664649708533,0.10521119695035516,0.9671714755687053,False,0.48940085963006985,0.462349746546454,0.42582931736816215,0.4326657151470349
stable_mutable,13049,55,101,4.843625045748137,0.10521119695035516,0.9671714755687053,False,0.48940085963006985,0.462349746546454,0.42582931736816215,0.4326657151470349
stable_mutable,13049,60,87,5.380932524374275,0.10380548059764724,0.9142637010450055,False,0.503692722057658,0.44845491821609973,0.4249754648694155,0.43492513336385047
stable_mutable,13049,65,86,5.276615460704207,0.10459591396357416,0.9070154556110017,False,0.5020981511006343,0.4490943445804909,0.42270316019101833,0.4359037452517941
stable_mutable,13049,70,82,5.379894098790171,0.10561185617062255,0.8893162343026655,False,0.503502703113084,0.447853174277944,0.4187399431552423,0.4345108491898384
stable_mutable,13049,75,82,5.237759952448706,0.10561648737829538,0.8811299675622447,False,0.5044475973088223,0.4461021384659936,0.4194688365376151,0.431205382762514
stable_mutable,13049,80,82,5.0963857785260265,0.10653796602370406,0.873223795640629,False,0.5106014741605104,0.44324152881511214,0.42153294679765346,0.4321414867201372
stable_mutable,13049,85,82,4.956080900477246,0.10676378536942377,0.8717317280472331,False,0.510447292331394,0.44202177808870485,0.4215542663993108,0.43283392119774744
stable_mutable,13049,90,78,5.077546587681206,0.10792382188169138,0.8519005977152038,False,0.5115955494429371,0.4398381102281284,0.4182833871363647,0.4313859239600061
stable_mutable,13049,95,78,4.957418382553,0.10811551619952399,0.8451575649598957,False,0.513442100087543,0.43872294255240557,0.41920427748773703,0.43162769383041977
stable_mutable,13049,100,74,5.117638295123433,0.1081248109376171,0.8322273870830644,False,0.5129195149504776,0.4335742188716146,0.4210603428445102,0.42782876898265343
stable_mutable,13049,105,76,4.882897813672815,0.10810330708112839,0.8295080528571173,False,0.5132618853137294,0.4310244059094998,0.4225754259361046,0.4253072544679121
stable_mutable,13049,110,74,4.91646532215046,0.1074206092503009,0.8183227203981182,False,0.5184490728593604,0.42854525580056607,0.4220308316364962,0.4256644325385475
stable_mutable,13049,115,73,4.9003374498511505,0.1083087313374199,0.8036839544023124,False,0.5209128102480581,0.4248660315521833,0.42004564139272166,0.43056094756483076
stable_mutable,13049,120,71,4.959621209001888,0.10633978345120162,0.8089019514401693,False,0.5233413590909721,0.42654885808512893,0.42225526875924446,0.4361497566963865
stable_mutable,13049,125,69,5.036870055639622,0.10475603442258574,0.8079453670618265,False,0.5231074664186651,0.42540296774029296,0.42574089862029146,0.44031608160966057
stable_mutable,13049,129,69,4.99136280926281,0.10475603442258574,0.8079453670618265,False,0.5231074664186651,0.42540296774029296,0.42574089862029146,0.44031608160966057
stable_mutable,13049,130,70,4.908843340559055,0.104099362670487,0.8055536289687483,False,0.5239421641869115,0.42565743032001147,0.42591379430135523,0.44089213288464796
stable_mutable,13049,135,69,4.919333823755562,0.10393318683946841,0.7892521747675477,False,0.5256602278141035,0.4213473500510764,0.4248931128500889,0.4374710479638996
stable_mutable,13049,140,69,4.8624497657845485,0.10393318683946841,0.7892521747675477,False,0.5256602278141035,0.4213473500510764,0.4248931128500889,0.4374710479638996
stable_mutable,13049,145,69,4.805565707813531,0.10393318683946841,0.7892521747675477,False,0.5256602278141035,0.4213473500510764,0.4248931128500889,0.4374710479638996
stable_mutable,13049,150,70,4.680843340559053,0.10388052507945719,0.7879715026714079,False,0.5265953017632865,0.4212954788141271,0.4232628794452203,0.43971647888460136
stable_mutable,13049,155,69,4.684768606364256,0.10420035450728987,0.7816296160006778,False,0.5274697128484523,0.42065874877969467,0.42124621767112486,0.43986768301161777
stable_mutable,13049,160,67,4.774442296106473,0.10556161327617031,0.7733685040989595,False,0.5266736760660115,0.42102406104333845,0.4217322926123227,0.44085994641183013
stable_mutable,13049,165,65,4.883732828294364,0.10669661267973006,0.7598268444789473,False,0.5277796319567096,0.4192353885702586,0.42181029678810106,0.44326312510410537
stable_mutable,13049,170,66,4.785115664229297,0.10742329108372496,0.755550736249934,False,0.5261288950323249,0.4166310555283826,0.42227977684721235,0.4400124629474563
stable_mutable,13049,175,64,4.910900528736462,0.10770986604955839,0.7528225220963685,False,0.5294811230649745,0.41889833829096235,0.4199757235533567,0.44311313301543137
stable_mutable,13049,180,62,5.05528441676022,0.10860663792622344,0.7383137668839314,False,0.5314745668758192,0.41869934727452984,0.42016294860150283,0.44571727161489477
stable_mutable,13049,185,62,5.056897319986025,0.10860663792622344,0.7383137668839314,False,0.5314745668758192,0.41869934727452984,0.42016294860150283,0.44571727161489477
stable_mutable,13049,190,62,5.05851022321183,0.10860663792622344,0.7383137668839314,False,0.5314745668758192,0.41869934727452984,0.42016294860150283,0.44571727161489477
stable_mutable,13049,195,62,5.060123126437636,0.10860663792622344,0.7383137668839314,False,0.5314745668758192,0.41869934727452984,0.42016294860150283,0.44571727161489477
stable_mutable,13049,200,63,4.981391013319578,0.10827795516633258,0.7363675182590379,False,0.5314390598922984,0.418620603058046,0.41915041093894057,0.4483259429596322
stable_mutable,13049,205,61,5.147997276051366,0.10827813357693233,0.721204082708305,False,0.5303942817385892,0.41601378897698044,0.4207699724450664,0.4466338517350926
stable_mutable,13049,210,60,5.249463897318889,0.10904121145517885,0.7133385987867014,False,0.5316625073518809,0.41569596019909444,0.42059483167827566,0.4469504101946369
stable_mutable,13049,215,60,5.270297230652221,0.10904121145517885,0.7133385987867014,False,0.5316625073518809,0.41569596019909444,0.42059483167827566,0.4469504101946369
stable_mutable,13049,220,55,5.347991713505148,0.11001125692939434,0.6825958552231423,False,0.5332600894681221,0.4148319295383483,0.4245400187851223,0.44514181586765084
stable_mutable,13049,225,53,5.479802516278928,0.10953311823711961,0.6634452486251388,False,0.534526111148312,0.406425103265443,0.419807561689754,0.4482212609759745
stable_mutable,13049,230,51,5.50813847691732,0.11302639827148249,0.660730739192702,False,0.5353839676899415,0.4105507508748704,0.4235014284354377,0.4418333757126392
stable_mutable,13049,235,45,5.485537498728521,0.11509257474782583,0.6326367044382789,False,0.5206782074885701,0.41406170019363336,0.42194288027400473,0.43820134666668525
stable_mutable,13049,240,40,5.649972886069591,0.11538541431247229,0.5987013954067114,False,0.5262297255341685,0.40602647592318963,0.4241112560436262,0.4455409212111383
stable_mutable,13049,245,42,5.679021796256753,0.1176324927815369,0.6072386703826932,False,0.5341331789265041,0.41443240002700116,0.4294860884592862,0.44092440591267684
stable_mutable,13049,250,35,6.233362130285682,0.11876811535664208,0.5650225225484866,False,0.5285806998890261,0.4098007155638707,0.4413943532493722,0.4386728189437575
stable_mutable,13049,255,28,6.723175417142826,0.12080662472338563,0.5336923280468979,False,0.5415073831120385,0.3996955889695924,0.4347664231836084,0.43683169952074563
stable_mutable,13049,259,27,7.1924633955555235,0.122339458198268,0.5281028872659107,False,0.5377309414417262,0.4024318723412599,0.4357831664914689,0.4360013827532497
scarcity_mutable,13049,0,72,7.060815942926578,0.0974650183478989,0.9999999999999998,False,0.48433788851922116,0.47741640676064034,0.4329121139562093,0.43796291957767014
scarcity_mutable,13049,5,81,6.893223822476084,0.09907237100554435,0.9915238482205723,False,0.48663569720558386,0.4737846617483621,0.4342576136552886,0.4320717104720932
scarcity_mutable,13049,10,89,7.275012692365872,0.10273992891185726,0.9840053238126368,False,0.4883889372506382,0.4707508221044643,0.42382296741941966,0.43165443599445
scarcity_mutable,13049,15,94,6.853469464048537,0.10353360546141506,0.9769793176059581,False,0.4867499042525158,0.4719546721954651,0.4263587760415161,0.43272342227181687
scarcity_mutable,13049,20,96,6.557615933547525,0.10415868354804578,0.9748253160021044,False,0.48723772986390634,0.4681837072498574,0.4269719250223174,0.4315742463963515
scarcity_mutable,13049,25,98,6.288633975720024,0.10423598047079574,0.973669410993797,False,0.48886496514971123,0.4666572488686697,0.4245336747230931,0.43430633178540384
scarcity_mutable,13049,30,99,6.031526561823861,0.10479506698632565,0.9711279740609642,False,0.4884095724187931,0.4646139426943031,0.42602378885339565,0.4327537722682167
scarcity_mutable,13049,35,100,5.754861296205621,0.10479839785415594,0.9700463390667378,False,0.4893920193421613,0.4644027074706207,0.42463569585602784,0.4340504279893967
scarcity_mutable,13049,40,100,5.558361296205621,0.10479839785415594,0.9700463390667378,False,0.4893920193421613,0.4644027074706207,0.42463569585602784,0.4340504279893967
scarcity_mutable,13049,45,101,5.285704253668932,0.10521119695035516,0.9671714755687053,False,0.48940085963006985,0.462349746546454,0.42582931736816215,0.4326657151470349
scarcity_mutable,13049,50,101,5.064664649708533,0.10521119695035516,0.9671714755687053,False,0.48940085963006985,0.462349746546454,0.42582931736816215,0.4326657151470349
scarcity_mutable,13049,55,101,4.843625045748137,0.10521119695035516,0.9671714755687053,False,0.48940085963006985,0.462349746546454,0.42582931736816215,0.4326657151470349
scarcity_mutable,13049,60,87,5.380932524374275,0.10380548059764724,0.9142637010450055,False,0.503692722057658,0.44845491821609973,0.4249754648694155,0.43492513336385047
scarcity_mutable,13049,65,86,5.276615460704207,0.10459591396357416,0.9070154556110017,False,0.5020981511006343,0.4490943445804909,0.42270316019101833,0.4359037452517941
scarcity_mutable,13049,70,82,5.379894098790171,0.10561185617062255,0.8893162343026655,False,0.503502703113084,0.447853174277944,0.4187399431552423,0.4345108491898384
scarcity_mutable,13049,75,82,5.237759952448706,0.10561648737829538,0.8811299675622447,False,0.5044475973088223,0.4461021384659936,0.4194688365376151,0.431205382762514
scarcity_mutable,13049,80,82,5.0963857785260265,0.10653796602370406,0.873223795640629,False,0.5106014741605104,0.44324152881511214,0.42153294679765346,0.4321414867201372
scarcity_mutable,13049,85,82,4.956080900477246,0.10676378536942377,0.8717317280472331,False,0.510447292331394,0.44202177808870485,0.4215542663993108,0.43283392119774744
scarcity_mutable,13049,90,78,5.077546587681206,0.10792382188169138,0.8519005977152038,False,0.5115955494429371,0.4398381102281284,0.4182833871363647,0.4313859239600061
scarcity_mutable,13049,95,78,4.957418382553,0.10811551619952399,0.8451575649598957,False,0.513442100087543,0.43872294255240557,0.41920427748773703,0.43162769383041977
scarcity_mutable,13049,100,74,5.117638295123433,0.1081248109376171,0.8322273870830644,False,0.5129195149504776,0.4335742188716146,0.4210603428445102,0.42782876898265343
scarcity_mutable,13049,105,76,4.882897813672815,0.10810330708112839,0.8295080528571173,False,0.5132618853137294,0.4310244059094998,0.4225754259361046,0.4253072544679121
scarcity_mutable,13049,110,74,4.91646532215046,0.1074206092503009,0.8183227203981182,False,0.5184490728593604,0.42854525580056607,0.4220308316364962,0.4256644325385475
scarcity_mutable,13049,115,73,4.9003374498511505,0.1083087313374199,0.8036839544023124,False,0.5209128102480581,0.4248660315521833,0.42004564139272166,0.43056094756483076
scarcity_mutable,13049,120,71,4.959621209001888,0.10633978345120162,0.8089019514401693,False,0.5233413590909721,0.42654885808512893,0.42225526875924446,0.4361497566963865
scarcity_mutable,13049,125,69,5.036870055639622,0.10475603442258574,0.8079453670618265,False,0.5231074664186651,0.42540296774029296,0.42574089862029146,0.44031608160966057
scarcity_mutable,13049,129,69,4.99136280926281,0.10475603442258574,0.8079453670618265,False,0.5231074664186651,0.42540296774029296,0.42574089862029146,0.44031608160966057
scarcity_mutable,13049,130,69,4.903304838248316,0.10475603442258574,0.8079453670618265,True,0.5231074664186651,0.42540296774029296,0.42574089862029146,0.44031608160966057
scarcity_mutable,13049,135,66,4.683161963581044,0.10375417310742864,0.7941853435100861,True,0.5249755665146437,0.4233718922289456,0.4207276610978451,0.4411621804801282
scarcity_mutable,13049,140,63,4.456455390418237,0.10433605154009401,0.7744758485070495,True,0.5253813906303334,0.42197912223145106,0.41512457301607353,0.4399557441076144
scarcity_mutable,13049,145,63,4.028995072957919,0.10433605154009401,0.7744758485070495,True,0.5253813906303334,0.42197912223145106,0.41512457301607353,0.4399557441076144
scarcity_mutable,13049,150,61,3.7249916327270314,0.10525428383922011,0.7605618664070712,True,0.5255847439208714,0.42083578150581835,0.4159581883512549,0.44330815561141884
scarcity_mutable,13049,155,57,3.5522682385324376,0.1069528305426196,0.7363078024037703,True,0.5284346176565021,0.41956647547690057,0.4191407267070777,0.4441836671288423
scarcity_mutable,13049,160,53,3.4036830188678997,0.10698823987785913,0.7035160792610489,True,0.5320237434179829,0.41714424885364815,0.4187110847017832,0.44318929810261315
scarcity_mutable,13049,165,50,3.1994985599999755,0.1049500502213192,0.6963090522275953,True,0.537338850910701,0.417635371241468,0.4217915799533059,0.45143513773315846
scarcity_mutable,13049,170,49,2.869527999999974,0.10375916662562984,0.6990669595227027,True,0.5417222234969881,0.4134841178951625,0.42069970045867455,0.45199061624314474
scarcity_mutable,13049,175,44,2.79809763636361,0.10165042329527729,0.6674438033504536,True,0.5396804658168594,0.40963719461721193,0.4278922396983695,0.4618289461509239
scarcity_mutable,13049,180,40,2.701085297177573,0.10158511354774169,0.6473243527246483,True,0.5399975089460938,0.4107470955953819,0.43029073145322705,0.46466700667133337
scarcity_mutable,13049,185,38,2.50346578650271,0.10093971259227974,0.6393981606936928,True,0.5445345236570522,0.41589072087467094,0.4293755101675793,0.47208836007684457
scarcity_mutable,13049,190,32,2.6240777814719722,0.0982109583982705,0.606446479624548,True,0.5389704698083853,0.41028608943031597,0.4173701022832596,0.48295259943021096
scarcity_mutable,13049,195,29,2.60127073265873,0.0946896119252768,0.5958647646182806,True,0.5494327659429628,0.4075990734443327,0.4169928676503157,0.48999288790722784
scarcity_mutable,13049,200,28,2.450278093110828,0.09491326305363697,0.5996043468040777,True,0.5474295210448228,0.40686100325367713,0.41990747287222957,0.4848993037219681
scarcity_mutable,13049,205,23,2.7396592437871017,0.09413819364579587,0.570948910214836,True,0.5476600917484273,0.3893639632291431,0.415017104875133,0.49494496318814246
scarcity_mutable,13049,210,22,2.656561936686515,0.09553876292885335,0.5679157407125267,True,0.5457221307040014,0.38753381222875133,0.4122292850595662,0.4918647198640649
scarcity_mutable,13049,215,20,2.802345362355168,0.09770993519765091,0.5524694333830652,True,0.5408865698105375,0.3911785606120478,0.4200481430389239,0.4895020410973932
scarcity_mutable,13049,220,18,2.8670317359501887,0.10029401811735976,0.5361930386126091,True,0.5450195133779809,0.3938462291900857,0.4200409115660112,0.48542156136591075
scarcity_mutable,13049,225,16,2.8234192029439655,0.10346907605485947,0.5114550114453398,True,0.5460394166508634,0.39309277563374495,0.4113938704748686,0.4784298085698211
scarcity_mutable,13049,230,14,2.64241108907882,0.10840190385224095,0.4925746538560233,True,0.5417564957214767,0.3921294494569555,0.4149967424345253,0.4687700865544199
scarcity_mutable,13049,235,11,2.3079777497366885,0.10811711700509147,0.431696131505912,True,0.5184372689212056,0.3900358059737735,0.41491730394482507,0.44710230265366585
scarcity_mutable,13049,240,11,2.2659777497366873,0.10811711700509147,0.431696131505912,True,0.5184372689212056,0.3900358059737735,0.41491730394482507,0.44710230265366585
scarcity_mutable,13049,245,11,2.223977749736687,0.10811711700509147,0.431696131505912,True,0.5184372689212056,0.3900358059737735,0.41491730394482507,0.44710230265366585
scarcity_mutable,13049,250,8,1.7772904058879604,0.1105147057493134,0.3493784870522175,True,0.49781413411872655,0.3756644837315306,0.4565917228454106,0.4206298500434656
scarcity_mutable,13049,255,6,1.178544541183964,0.09477070341262281,0.23649362296723983,True,0.5218685102379644,0.33090556259988146,0.45335728890114924,0.3976679004421028
scarcity_mutable,13049,259,6,1.099877874517297,0.09477070341262281,0.23649362296723983,True,0.5218685102379644,0.33090556259988146,0.45335728890114924,0.3976679004421028
scarcity_frozen,13049,0,72,7.060815942926578,0.0974650183478989,0.9999999999999998,False,0.48433788851922116,0.47741640676064034,0.4329121139562093,0.43796291957767014
scarcity_frozen,13049,5,79,7.021044250397817,0.09904712502487228,0.9929724521564699,False,0.48354884790574615,0.47639773750930625,0.4316014986904296,0.4346253104461326
scarcity_frozen,13049,10,86,7.305901113737524,0.10254798904979824,0.9835856647087399,False,0.48466704439645186,0.47172241334432147,0.4231685891519402,0.4308715870032234
scarcity_frozen,13049,15,92,6.902309736754646,0.10237266587406675,0.9736182136378696,False,0.4839094624441016,0.4705665235880016,0.42575075138339036,0.43253313340901284
scarcity_frozen,13049,20,96,6.579036414389866,0.1023670658243594,0.9701742473412218,False,0.4849955726026672,0.4680565541796308,0.42413916865091056,0.4330574366224056
scarcity_frozen,13049,25,96,6.369661414389864,0.1023670658243594,0.9701742473412218,False,0.4849955726026672,0.4680565541796308,0.42413916865091056,0.4330574366224056
scarcity_frozen,13049,30,97,6.085953564756979,0.10240742850049674,0.9702565275415117,False,0.48462631654264643,0.466845463014682,0.42229562526433934,0.4331506331098187
scarcity_frozen,13049,35,98,5.797474446749256,0.10269563543981416,0.9703617268225088,False,0.4820508123605179,0.466632339286425,0.4217771348556264,0.4330534829580959
scarcity_frozen,13049,40,98,5.536760161034968,0.10269563543981416,0.9703617268225088,False,0.4820508123605179,0.466632339286425,0.4217771348556264,0.4330534829580959
scarcity_frozen,13049,45,99,5.238409048297241,0.10226973499133404,0.9704889021905899,False,0.4828263253163081,0.4668593565686307,0.42213882369382505,0.43290765311628643
scarcity_frozen,13049,50,100,4.970624957814267,0.10253682242695294,0.9680283040054598,False,0.4819962255565657,0.4651107279042091,0.42323934570080834,0.43174585298909457
scarcity_frozen,13049,55,100,4.729124957814265,0.10253682242695294,0.9680283040054598,False,0.4819962255565657,0.4651107279042091,0.42323934570080834,0.43174585298909457
scarcity_frozen,13049,60,85,5.278088185663843,0.10258196138358347,0.910829670169556,False,0.49260580641892404,0.4498419024553783,0.41864233160793884,0.42732824634606503
scarcity_frozen,13049,65,80,5.417871028270736,0.10352619177451536,0.8927070264412049,False,0.49654169950376187,0.45013259379441894,0.4184838320300145,0.4299876472585897
scarcity_frozen,13049,70,80,5.281808528270735,0.10405052376010894,0.8782310663889024,False,0.4978820730973973,0.4468444113608959,0.42102614661155185,0.428218390731984
scarcity_frozen,13049,75,78,5.280444644380241,0.10419371420822086,0.8685571032832694,False,0.5004892607545844,0.4451609906687457,0.42324095876183837,0.4283079327557651
scarcity_frozen,13049,80,74,5.411783783783771,0.10472330092928354,0.8481308721053705,False,0.5047010788947939,0.44331715926699067,0.42115870327076776,0.42833995314043616
scarcity_frozen,13049,85,72,5.434336111111097,0.10439932493126518,0.8418298293512819,False,0.5100496792546833,0.44127114872186357,0.4217971747640415,0.42726625291515075
scarcity_frozen,13049,90,72,5.31766944444443,0.10439932493126518,0.8418298293512819,False,0.5100496792546833,0.44127114872186357,0.4217971747640415,0.42726625291515075
scarcity_frozen,13049,95,73,5.1266054794520395,0.1046524997623514,0.8380262626212288,False,0.5085396336394419,0.43922629038494043,0.4233094192794951,0.4257520253464103
scarcity_frozen,13049,100,70,5.233031428571413,0.1051349626209908,0.821133943273628,False,0.5085437179195245,0.43471115427135604,0.42066652509155245,0.42623139051425435
scarcity_frozen,13049,105,69,5.208002898550709,0.10586164011861145,0.8152726716840895,False,0.5084715739281973,0.4344770380152197,0.42049070516037235,0.42677361035977535
scarcity_frozen,13049,110,70,5.038245714285698,0.10665020366033891,0.8127762578106928,False,0.5059878682947742,0.43785895813256653,0.4208116589006346,0.4273627052278609
scarcity_frozen,13049,115,68,5.072164705882335,0.10689395600999158,0.8006853470081997,False,0.505642118806029,0.4357999279942702,0.42032537362438216,0.4277401735777064
scarcity_frozen,13049,120,65,5.262132307692289,0.10677785264291155,0.7865396577058696,False,0.5109860324755492,0.4320002854937948,0.4196732268317816,0.4301118970728679
scarcity_frozen,13049,125,65,5.200335384615365,0.10645775746259506,0.7899976774177129,False,0.5146658776078468,0.43440488980629133,0.41561587270378914,0.43298184918062554
scarcity_frozen,13049,129,64,5.23360937499998,0.10638624616034302,0.778041011425923,False,0.5137830789352382,0.43281085264869407,0.4211401116771061,0.42715639110416975
scarcity_frozen,13049,130,63,5.227333333333312,0.10511980258710223,0.771272618251053,True,0.517780209164055,0.4322108594655393,0.4177653285924429,0.42642939444572553
scarcity_frozen,13049,135,62,4.867361290322559,0.1048905653739984,0.7643457558692782,True,0.5173806355127032,0.43014624260114487,0.4204773524710814,0.42464391923060546
scarcity_frozen,13049,140,59,4.677220338983029,0.10164586330713903,0.7590264500360757,True,0.5221312686312688,0.4288962304228535,0.4294157488052519,0.4328747201479627
scarcity_frozen,13049,145,56,4.479564285714262,0.1033239800473713,0.7479859839742332,True,0.5215814289950582,0.4268226520713763,0.43033118284083016,0.4365281745290658
scarcity_frozen,13049,150,54,4.199137037037013,0.10300248654453964,0.7323248425542821,True,0.5218679586793495,0.4270626050729444,0.4378253769026996,0.436552690928105
scarcity_frozen,13049,155,54,3.7697851851851594,0.10300248654453964,0.7323248425542821,True,0.5218679586793495,0.4270626050729444,0.4378253769026996,0.436552690928105
scarcity_frozen,13049,160,51,3.54933709803919,0.10184448751423839,0.7222818911388018,True,0.5226334208436658,0.4265614136932257,0.44464649453166033,0.4425021145962413
scarcity_frozen,13049,165,49,3.2597386122448713,0.1022124930307485,0.7048832743255993,True,0.5212003219536521,0.4251836523044201,0.4471820741347913,0.43935383255094307
scarcity_frozen,13049,170,48,2.9737123333333053,0.10273907132770968,0.6957883994924368,True,0.5184518820244841,0.4254130459907541,0.44734846163977365,0.4405200464028234
scarcity_frozen,13049,175,45,2.849093155555528,0.10422451933171488,0.6667373567409937,True,0.5172927032186276,0.42206391505895124,0.4437378028574159,0.4445992103223431
scarcity_frozen,13049,180,42,2.8322150866285436,0.09972336008140452,0.6550526324751811,True,0.5232241551392653,0.4269330571033982,0.4419040840044682,0.4598323292348822
scarcity_frozen,13049,185,38,2.882617382063129,0.09896492222667365,0.664989190861028,True,0.5303227274455602,0.4255468749209966,0.44260780009031175,0.4606337361550641
scarcity_frozen,13049,190,36,2.68859850879997,0.09931447066564487,0.6690497543993965,True,0.533592278847274,0.43052357016937387,0.4398044454688479,0.4641800131984239
scarcity_frozen,13049,195,33,2.5952889526302716,0.09828022765482312,0.6591128859356609,True,0.5332372614736581,0.4200008258197991,0.4413147214116054,0.46661767748836847
scarcity_frozen,13049,200,29,2.6424551627034165,0.09751479546984868,0.6378357381243376,True,0.5336299361672915,0.419977737727931,0.4379797971023515,0.47051896094494283
scarcity_frozen,13049,205,27,2.5725353969777447,0.09379062334468656,0.6220561540052684,True,0.5255686015868882,0.41330234196339893,0.4394317115985591,0.47764750152315755
scarcity_frozen,13049,210,22,2.8673159871999676,0.09129226270236086,0.5993339987471461,True,0.5301015322982817,0.4000946607061767,0.44088521692855187,0.4734657160548086
scarcity_frozen,13049,215,18,3.364449317688857,0.0985225104392021,0.6038129403723678,True,0.5273974079431595,0.4122507114172435,0.43382329145447573,0.478565248005852
scarcity_frozen,13049,220,14,3.689445122742826,0.09092822626929992,0.547621485301091,True,0.5378398410662949,0.3897882139248678,0.43349077536210173,0.47799441539579696
scarcity_frozen,13049,225,13,3.8628793629538145,0.09329361069047155,0.549884708429305,True,0.5325627028857579,0.3903558354938884,0.43140804713681835,0.47285309186796753
scarcity_frozen,13049,230,12,3.5961026431999663,0.09578067874455223,0.5270127540655204,True,0.5264060416751315,0.3910180606577458,0.4289781975406544,0.4668548810854998
scarcity_frozen,13049,235,9,3.2983368575999674,0.08881221873890409,0.44173641597924546,True,0.49278794645935164,0.38808870013412006,0.43354159108861956,0.4397336322727158
scarcity_frozen,13049,240,6,4.192346619733301,0.09228330625916664,0.364936229672398,True,0.48678086217110295,0.42491709788479887,0.41789255257705,0.45591416631901754
scarcity_frozen,13049,245,6,4.213179953066633,0.09228330625916664,0.364936229672398,True,0.48678086217110295,0.42491709788479887,0.41789255257705,0.45591416631901754
scarcity_frozen,13049,250,6,4.234013286399966,0.09228330625916664,0.364936229672398,True,0.48678086217110295,0.42491709788479887,0.41789255257705,0.45591416631901754
scarcity_frozen,13049,255,3,5.570359906133315,0.08508774178157831,0.14883419714823504,True,0.49700350904726553,0.37550748618545166,0.38525120227989085,0.4704186161974853
scarcity_frozen,13049,259,3,5.539359906133313,0.08508774178157831,0.14883419714823504,True,0.49700350904726553,0.37550748618545166,0.38525120227989085,0.4704186161974853
stable_mutable,13063,0,72,7.009109011023765,0.10043860116021186,0.9999999999999998,False,0.45413358332567416,0.4874062576171505,0.4366037699154669,0.43658042875054864
stable_mutable,13063,5,75,7.099447736996949,0.10080885810585036,0.9965791624790418,False,0.45426171830215006,0.4907015722381366,0.43645005348323906,0.4302651049294346
stable_mutable,13063,10,84,6.849610485216986,0.10219085618556054,0.9897370123035472,False,0.4597247070228968,0.48070984587384913,0.43647582969048343,0.4324860785462815
stable_mutable,13063,15,90,6.924472991201063,0.10359515652841045,0.9859869376037222,False,0.47074719656140646,0.47424931252780106,0.437756595332238,0.43399952754104437
stable_mutable,13063,20,93,6.733380355557351,0.10429919789537787,0.9853326963529268,False,0.46989780680794185,0.47219244145800243,0.43591098971309994,0.43357280134004167
stable_mutable,13063,25,97,6.3386610696020975,0.10370624103049406,0.9811009925912852,False,0.47198035580828557,0.4703356566345907,0.4372010226301685,0.43142350333354557
stable_mutable,13063,30,96,6.216072862403087,0.10396013262967832,0.9811316755685976,False,0.4710825898742557,0.47052757359061026,0.43846384683394374,0.43126304851126146
stable_mutable,13063,35,96,5.948121089283674,0.10396013262967832,0.9811316755685976,False,0.4710825898742557,0.47052757359061026,0.43846384683394374,0.43126304851126146
stable_mutable,13063,40,96,5.705906968870984,0.10396013262967832,0.9811316755685976,False,0.4710825898742557,0.47052757359061026,0.43846384683394374,0.43126304851126146
stable_mutable,13063,45,96,5.457770750953265,0.10418311027540396,0.9756529614549099,False,0.4712523596620079,0.4693923893976715,0.4385492418155181,0.4309970769651361
stable_mutable,13063,50,98,5.1168584596405795,0.10479915629657693,0.973231701002071,False,0.47412046619554266,0.46527025319837084,0.4386709188031378,0.43209772883053194
stable_mutable,13063,55,96,4.9630330425320555,0.10500919456472838,0.9663508241331453,False,0.47421413683643654,0.466567987384501,0.4409425132715244,0.4315875614070184
stable_mutable,13063,60,87,5.2043448588637276,0.10439078751343109,0.9298945092095112,False,0.4842623093714402,0.4548011436882043,0.4456878455547206,0.4283786250878694
stable_mutable,13063,65,84,5.208152410865821,0.10563019825764798,0.9176050905476969,False,0.48502843561935466,0.4525146552890276,0.4449142637577562,0.42979614914836567
stable_mutable,13063,70,84,5.100396784575993,0.10461175790933375,0.9100798494849566,False,0.4837486134873875,0.44867775950504374,0.44610384961921357,0.4302716195573911
stable_mutable,13063,75,80,5.193332679517889,0.10585926512081659,0.8913799802617529,False,0.48284487862960523,0.4439181076392139,0.44270489863711193,0.4301378778189142
stable_mutable,13063,80,79,5.121092280612193,0.10510142952811626,0.8782547970061323,False,0.4856761224538787,0.4401764800806637,0.44540256417674196,0.42894691864915924
stable_mutable,13063,85,74,5.313518506715097,0.10438217670582342,0.8576550921850974,False,0.4893013921035917,0.43842545411419,0.4477575253075722,0.429407135293684
stable_mutable,13063,90,72,5.355456472146854,0.10452851854253896,0.8471164854223032,False,0.4920304131727542,0.4396991650685125,0.4479489152479099,0.4328129556013973
stable_mutable,13063,95,71,5.353018187756378,0.10478315947370925,0.8462583714089214,False,0.49294690499663896,0.43812742854781733,0.4474349746203027,0.4341854225410019
stable_mutable,13063,100,70,5.354599271022051,0.10452105970722277,0.8278406627962956,False,0.4978835726789088,0.4326105518240201,0.4484806735102233,0.4359700242432848
stable_mutable,13063,105,70,5.320521825529357,0.10372688177609139,0.8214620543470856,False,0.5017084454595709,0.4295869211921454,0.4450013904883858,0.4367575182450758
stable_mutable,13063,110,71,5.179423259350118,0.10265116114605713,0.8103445111389208,False,0.5051688615634449,0.4211522984867394,0.44844448849523366,0.44098711028559606
stable_mutable,13063,115,70,5.210842477666003,0.1028761546267235,0.8043651158371175,False,0.5047906352940379,0.41905017954237483,0.4472752850867818,0.44068481864543513
stable_mutable,13063,120,68,5.292774318524609,0.10134416269702803,0.7786563621649354,False,0.5096068795744968,0.4162194662044635,0.4475688527096713,0.4403052724895126
stable_mutable,13063,125,67,5.292483115392355,0.10122806596050617,0.7720880390485376,False,0.5108282318922056,0.41389699184561607,0.4471695688748143,0.4385601497102822
stable_mutable,13063,129,66,5.327343255063633,0.09932334201492152,0.7518431743511929,False,0.5150566472143755,0.4065531186134388,0.4465949757260905,0.44253734928060584
stable_mutable,13063,130,66,5.329009921730301,0.09932334201492152,0.7518431743511929,False,0.5150566472143755,0.4065531186134388,0.4465949757260905,0.44253734928060584
stable_mutable,13063,135,67,5.213676715116642,0.09926381624531154,0.7509095056484861,False,0.5154890304339889,0.4062886899589995,0.4467681315340954,0.44516045542885824
stable_mutable,13063,140,67,5.133842927187302,0.09740771512411305,0.7444023607401257,False,0.5158617225204132,0.4037717122358773,0.45180155577534065,0.4414677246676085
stable_mutable,13063,145,66,5.125035930000347,0.09547860723034278,0.7305032068478763,False,0.5208483173524888,0.39911999440828044,0.45084151817614126,0.4388413828240081
stable_mutable,13063,150,64,5.244568843927702,0.0941776734079069,0.7205868791635508,False,0.5213440458686914,0.39503860771226806,0.4507266298711936,0.4388562578373038
stable_mutable,13063,155,64,5.261061934191085,0.09440496944848656,0.710710000268704,False,0.524623750939614,0.3939846345495323,0.4486714710786971,0.43815023808558745
stable_mutable,13063,160,65,5.15855118453155,0.094576373316515,0.7034012976584972,False,0.5239335180043686,0.38954294505773707,0.44613297164597543,0.4397956848133108
stable_mutable,13063,165,65,5.071131505911821,0.094576373316515,0.7034012976584972,False,0.5239335180043686,0.38954294505773707,0.44613297164597543,0.4397956848133108
stable_mutable,13063,170,65,5.01991483031575,0.09473994915744732,0.6963335970961876,False,0.5238921492775076,0.389664276449958,0.4456938950593753,0.43868106947038804
stable_mutable,13063,175,64,5.0451937560248545,0.09259969808688748,0.6870957245440448,False,0.5218615079119323,0.3864247378619604,0.44819591088981503,0.43687925764713786
stable_mutable,13063,180,61,5.2853840863928445,0.09161934356953913,0.6671495907057313,False,0.5248069307679516,0.38159164726513145,0.4473127412588807,0.44024697582030625
stable_mutable,13063,185,60,5.337499810993202,0.09174648082355365,0.6658249084414963,False,0.5243062281886531,0.3813912405316316,0.4484938726739447,0.4426252324784027
stable_mutable,13063,190,60,5.37744955719049,0.09174648082355365,0.6658249084414963,False,0.5243062281886531,0.3813912405316316,0.4484938726739447,0.4426252324784027
stable_mutable,13063,195,60,5.392654246921671,0.09236724828990808,0.6560742754014054,False,0.5241410215415484,0.37989621687910624,0.44400221909539567,0.4435596656905666
stable_mutable,13063,200,60,5.397546326870568,0.09236724828990808,0.6560742754014054,False,0.5241410215415484,0.37989621687910624,0.44400221909539567,0.4435596656905666
stable_mutable,13063,205,60,5.409428614693405,0.09225527172316189,0.6560742754014054,False,0.5244402155218959,0.3793095885731219,0.4438850038131959,0.4438008444481535
stable_mutable,13063,210,57,5.693962306438227,0.09067928874931445,0.652233316618035,False,0.5286157356944919,0.37744930674769983,0.4397045986435781,0.44656160761147173
stable_mutable,13063,215,57,5.734907294711628,0.0884280322853752,0.6419694923653075,False,0.5330379433425384,0.37552135807924014,0.4415748122552198,0.4447853228327822
stable_mutable,13063,220,55,5.832429856941594,0.08698491208357258,0.6127072319560116,False,0.5387271701869801,0.3697146101487552,0.4335541198201101,0.44518508853899796
stable_mutable,13063,225,51,5.967568741614163,0.08698686234291257,0.5954804180520843,False,0.5430271390323987,0.36641209191505997,0.43705843164264757,0.44256766255862984
stable_mutable,13063,230,49,6.061853476318469,0.08713446535826765,0.5782394893894237,False,0.541392010939281,0.36264321967126323,0.4403707260129989,0.44579216165578944
stable_mutable,13063,235,48,5.973261920827782,0.0875760779868563,0.5652753392973527,False,0.5375713718226766,0.3618539740814027,0.43900844945849044,0.44677767609298996
stable_mutable,13063,240,42,6.320437469986834,0.08739653892590683,0.5477723708941613,False,0.5394224731426114,0.35832133426070234,0.4289963581274708,0.44430253779152296
stable_mutable,13063,245,42,6.609991260953041,0.08739653892590683,0.5477723708941613,False,0.5394224731426114,0.35832133426070234,0.4289963581274708,0.44430253779152296
stable_mutable,13063,250,43,6.187401295623173,0.08686842791651139,0.5312777556257112,False,0.5380567277047668,0.3610975850850162,0.4376310812601953,0.44969156778120056
stable_mutable,13063,255,37,6.234317749935334,0.08280339683071113,0.49339878989499264,False,0.5315262689406058,0.3524335312154133,0.4356324025574782,0.4450704858294626
stable_mutable,13063,259,36,6.628854942490621,0.08308879791360675,0.4976356686336926,False,0.5328080446518035,0.351604904237889,0.43236632030602046,0.4471446587984487
scarcity_mutable,13063,0,72,7.009109011023765,0.10043860116021186,0.9999999999999998,False,0.45413358332567416,0.4874062576171505,0.4366037699154669,0.43658042875054864
scarcity_mutable,13063,5,75,7.099447736996949,0.10080885810585036,0.9965791624790418,False,0.45426171830215006,0.4907015722381366,0.43645005348323906,0.4302651049294346
scarcity_mutable,13063,10,84,6.849610485216986,0.10219085618556054,0.9897370123035472,False,0.4597247070228968,0.48070984587384913,0.43647582969048343,0.4324860785462815
scarcity_mutable,13063,15,90,6.924472991201063,0.10359515652841045,0.9859869376037222,False,0.47074719656140646,0.47424931252780106,0.437756595332238,0.43399952754104437
scarcity_mutable,13063,20,93,6.733380355557351,0.10429919789537787,0.9853326963529268,False,0.46989780680794185,0.47219244145800243,0.43591098971309994,0.43357280134004167
scarcity_mutable,13063,25,97,6.3386610696020975,0.10370624103049406,0.9811009925912852,False,0.47198035580828557,0.4703356566345907,0.4372010226301685,0.43142350333354557
scarcity_mutable,13063,30,96,6.216072862403087,0.10396013262967832,0.9811316755685976,False,0.4710825898742557,0.47052757359061026,0.43846384683394374,0.43126304851126146
scarcity_mutable,13063,35,96,5.948121089283674,0.10396013262967832,0.9811316755685976,False,0.4710825898742557,0.47052757359061026,0.43846384683394374,0.43126304851126146
scarcity_mutable,13063,40,96,5.705906968870984,0.10396013262967832,0.9811316755685976,False,0.4710825898742557,0.47052757359061026,0.43846384683394374,0.43126304851126146
scarcity_mutable,13063,45,96,5.457770750953265,0.10418311027540396,0.9756529614549099,False,0.4712523596620079,0.4693923893976715,0.4385492418155181,0.4309970769651361
scarcity_mutable,13063,50,98,5.1168584596405795,0.10479915629657693,0.973231701002071,False,0.47412046619554266,0.46527025319837084,0.4386709188031378,0.43209772883053194
scarcity_mutable,13063,55,96,4.9630330425320555,0.10500919456472838,0.9663508241331453,False,0.47421413683643654,0.466567987384501,0.4409425132715244,0.4315875614070184
scarcity_mutable,13063,60,87,5.2043448588637276,0.10439078751343109,0.9298945092095112,False,0.4842623093714402,0.4548011436882043,0.4456878455547206,0.4283786250878694
scarcity_mutable,13063,65,84,5.208152410865821,0.10563019825764798,0.9176050905476969,False,0.48502843561935466,0.4525146552890276,0.4449142637577562,0.42979614914836567
scarcity_mutable,13063,70,84,5.100396784575993,0.10461175790933375,0.9100798494849566,False,0.4837486134873875,0.44867775950504374,0.44610384961921357,0.4302716195573911
scarcity_mutable,13063,75,80,5.193332679517889,0.10585926512081659,0.8913799802617529,False,0.48284487862960523,0.4439181076392139,0.44270489863711193,0.4301378778189142
scarcity_mutable,13063,80,79,5.121092280612193,0.10510142952811626,0.8782547970061323,False,0.4856761224538787,0.4401764800806637,0.44540256417674196,0.42894691864915924
scarcity_mutable,13063,85,74,5.313518506715097,0.10438217670582342,0.8576550921850974,False,0.4893013921035917,0.43842545411419,0.4477575253075722,0.429407135293684
scarcity_mutable,13063,90,72,5.355456472146854,0.10452851854253896,0.8471164854223032,False,0.4920304131727542,0.4396991650685125,0.4479489152479099,0.4328129556013973
scarcity_mutable,13063,95,71,5.353018187756378,0.10478315947370925,0.8462583714089214,False,0.49294690499663896,0.43812742854781733,0.4474349746203027,0.4341854225410019
scarcity_mutable,13063,100,70,5.354599271022051,0.10452105970722277,0.8278406627962956,False,0.4978835726789088,0.4326105518240201,0.4484806735102233,0.4359700242432848
scarcity_mutable,13063,105,70,5.320521825529357,0.10372688177609139,0.8214620543470856,False,0.5017084454595709,0.4295869211921454,0.4450013904883858,0.4367575182450758
scarcity_mutable,13063,110,71,5.179423259350118,0.10265116114605713,0.8103445111389208,False,0.5051688615634449,0.4211522984867394,0.44844448849523366,0.44098711028559606
scarcity_mutable,13063,115,70,5.210842477666003,0.1028761546267235,0.8043651158371175,False,0.5047906352940379,0.41905017954237483,0.4472752850867818,0.44068481864543513
scarcity_mutable,13063,120,68,5.292774318524609,0.10134416269702803,0.7786563621649354,False,0.5096068795744968,0.4162194662044635,0.4475688527096713,0.4403052724895126
scarcity_mutable,13063,125,67,5.292483115392355,0.10122806596050617,0.7720880390485376,False,0.5108282318922056,0.41389699184561607,0.4471695688748143,0.4385601497102822
scarcity_mutable,13063,129,66,5.327343255063633,0.09932334201492152,0.7518431743511929,False,0.5150566472143755,0.4065531186134388,0.4465949757260905,0.44253734928060584
scarcity_mutable,13063,130,66,5.242676588396967,0.09932334201492152,0.7518431743511929,True,0.5150566472143755,0.4065531186134388,0.4465949757260905,0.44253734928060584
scarcity_mutable,13063,135,65,4.807036299225007,0.09991919460027689,0.749755409210002,True,0.5150942655134589,0.407170767637634,0.4471308270491961,0.4414565546876128
scarcity_mutable,13063,140,62,4.557087989413538,0.0983056336746591,0.7401849337831172,True,0.5142693974145239,0.4032250696929862,0.4490619241655635,0.4413887134687468
scarcity_mutable,13063,145,58,4.401452783281599,0.09576223130926452,0.7146726038537299,True,0.5152680083271793,0.39446143153983565,0.4530179849237688,0.4373993020983617
scarcity_mutable,13063,150,53,4.3415150864054874,0.0934790852904733,0.6714448627427514,True,0.5258581576114266,0.3879704770343837,0.44387158172807506,0.43507420685507203
scarcity_mutable,13063,155,51,4.069030982712219,0.09410391372929469,0.6650871321751661,True,0.524257149192915,0.38710835030362634,0.4427572095548534,0.4369967304812443
scarcity_mutable,13063,160,45,4.155911776235787,0.09488385867972692,0.6281521820798837,True,0.5355030976080722,0.38290887546878366,0.4404877362339813,0.437023600491558
scarcity_mutable,13063,165,43,3.9407242160607074,0.09434978922943671,0.6175697584749762,True,0.5311878004026636,0.3841225407393237,0.43901762065425187,0.43866259825870646
scarcity_mutable,13063,170,42,3.6392573698836608,0.09487883595309979,0.613549899461141,True,0.5313818983124767,0.3835810959898036,0.4400257513997709,0.4415403174461224
scarcity_mutable,13063,175,41,3.3395475252857016,0.0954200778040119,0.6187536344642064,True,0.532705028837273,0.38322410039698,0.4376552465235645,0.4434905694639572
scarcity_mutable,13063,180,39,3.107761070005527,0.0962677281834759,0.6264740096896173,True,0.5320937639103824,0.3826214781213752,0.4350779399024121,0.44487318163069317
scarcity_mutable,13063,185,37,2.8954048035193396,0.09681997640594124,0.63461926751914,True,0.5316122647016898,0.3788637125502827,0.4346837472450127,0.4481761554223995
scarcity_mutable,13063,190,32,2.944271490922838,0.0912414087876506,0.6064464796245479,True,0.5421441861792505,0.3635946523104384,0.42725788369992235,0.4481682772682971
scarcity_mutable,13063,195,27,3.1273483951999346,0.09167000348282153,0.5844504234294213,True,0.5356630364725581,0.3641523582494468,0.4103161161051399,0.4511740592378258
scarcity_mutable,13063,200,26,2.9719771796307026,0.08701444931916832,0.5684639767264161,True,0.5448211843860847,0.3642963177156107,0.4190169290178941,0.44774609899794693
scarcity_mutable,13063,205,25,2.8005014359243363,0.0878627496452838,0.5515584368745245,True,0.5470196293857805,0.36407996921313845,0.41620142076280336,0.45107692868120375
scarcity_mutable,13063,210,22,2.8052251225986407,0.08702520968021746,0.5145401655995032,True,0.5544739558854107,0.36814291224389356,0.4226609292077123,0.44856589150771414
scarcity_mutable,13063,215,19,2.9760225347368126,0.08677209992075113,0.4985641106298111,True,0.5465309219217488,0.35082898902801835,0.4339429632153049,0.4575269552906446
scarcity_mutable,13063,220,19,2.8100225347368117,0.08677209992075113,0.4985641106298111,True,0.5465309219217488,0.35082898902801835,0.4339429632153049,0.4575269552906446
scarcity_mutable,13063,225,17,2.703980479999969,0.087442330043206,0.4692802375399161,True,0.552682482724589,0.35422079077209556,0.4387016733960637,0.4624208094741419
scarcity_mutable,13063,230,17,2.7065098917646746,0.087442330043206,0.4692802375399161,True,0.552682482724589,0.35422079077209556,0.4387016733960637,0.4624208094741419
scarcity_mutable,13063,235,14,3.1124660114285385,0.08069133966002234,0.4462670754579882,True,0.5525609896221442,0.3387266937233539,0.43914542289003894,0.4446951982775339
scarcity_mutable,13063,240,12,3.060443679999967,0.08415280093493456,0.4357786966474208,True,0.5497733555619875,0.3436186043578035,0.42666864263329124,0.44553397338590145
scarcity_mutable,13063,245,12,3.0455270133332992,0.08415280093493456,0.4357786966474208,True,0.5497733555619875,0.3436186043578035,0.42666864263329124,0.44553397338590145
scarcity_mutable,13063,250,11,3.1768961163636007,0.0857742471886747,0.431696131505912,True,0.5478260794819335,0.35063447250115504,0.43487820655036147,0.446563830804008
scarcity_mutable,13063,255,8,3.1360222399999644,0.08397075493056708,0.3493784870522176,True,0.5277418410013096,0.3714763909870584,0.4103315052391363,0.4250260799386737
scarcity_mutable,13063,259,8,3.0335222399999635,0.08397075493056708,0.3493784870522176,True,0.5277418410013096,0.3714763909870584,0.4103315052391363,0.4250260799386737
scarcity_frozen,13063,0,72,7.009109011023765,0.10043860116021186,0.9999999999999998,False,0.45413358332567416,0.4874062576171505,0.4366037699154669,0.43658042875054864
scarcity_frozen,13063,5,76,6.98436194748087,0.10052602196679639,0.9955816892608756,False,0.4518582937785217,0.48966339191041747,0.43622098898968914,0.4293379510872131
scarcity_frozen,13063,10,86,6.560434933052894,0.10152762170787347,0.9887775553069339,False,0.45389579440170347,0.48320666584807537,0.4291235270638244,0.4322927136979893
scarcity_frozen,13063,15,92,6.63528055337862,0.10220567836815062,0.9855183080837088,False,0.45896224743147185,0.4795192002267285,0.4350991788080339,0.4322021562398878
scarcity_frozen,13063,20,97,6.514057771253038,0.10135049999023812,0.9836236635739338,False,0.4624851090992756,0.47853034347663115,0.4370874735906198,0.42997380130583013
scarcity_frozen,13063,25,99,6.2246025375467875,0.10169581300510472,0.9835859950708423,False,0.4634960104938628,0.4752922141208156,0.43659336999899,0.4298253079219453
scarcity_frozen,13063,30,101,5.851409281306873,0.10144993299692086,0.9812206016855709,False,0.464879094791186,0.4730022402509893,0.4369987040883163,0.4293883036845383
scarcity_frozen,13063,35,101,5.580075285636342,0.10144993299692086,0.9812206016855709,False,0.464879094791186,0.4730022402509893,0.4369987040883163,0.4293883036845383
scarcity_frozen,13063,40,104,5.151288302298402,0.10126837574407499,0.9772455360061866,False,0.4667789396019376,0.4701616692239302,0.43742082825918616,0.42818247951082405
scarcity_frozen,13063,45,103,4.955138594595343,0.10142544841352476,0.9739306073205934,False,0.4668068530486232,0.4714277351357882,0.43731206923140353,0.4272259959660679
scarcity_frozen,13063,50,103,4.713253291512282,0.10139607025822425,0.9739306073205934,False,0.4653196970646951,0.47089015876527773,0.4395587937725947,0.42722834471209914
scarcity_frozen,13063,55,103,4.461116390500861,0.10139607025822425,0.9739306073205934,False,0.4653196970646951,0.47089015876527773,0.4395587937725947,0.42722834471209914
scarcity_frozen,13063,60,93,4.700094017843403,0.10177355736665356,0.9325887037617137,False,0.47477432888480986,0.45949606327352843,0.4417059709639823,0.4260898881994592
scarcity_frozen,13063,65,90,4.654424793125089,0.10148560553630043,0.9256408502048685,False,0.48109417125411225,0.45966435551354096,0.44008207052066595,0.42928956739574453
scarcity_frozen,13063,70,85,4.710596957526798,0.10141857836201384,0.9048323677388298,False,0.4818888521545116,0.4535749683293528,0.44070253514160307,0.43016610744199696
scarcity_frozen,13063,75,80,4.850459078370463,0.1021282990809245,0.8797604356721331,False,0.4881947189048203,0.4512935616098697,0.4414450336760867,0.4314299820391776
scarcity_frozen,13063,80,76,4.960814657219048,0.10190096393381634,0.8601416419228427,False,0.49382544886000324,0.4508197241566731,0.43584265125001814,0.4299452648945158
scarcity_frozen,13063,85,77,4.736238957102723,0.10169387014810581,0.8575808806522723,False,0.4950686246958674,0.44913478166234744,0.4350772795674946,0.43025679656018306
scarcity_frozen,13063,90,76,4.641840160312408,0.10273456920416041,0.8524437737332972,False,0.4965367843024364,0.44648705641071773,0.43478182691893635,0.43281958340847615
scarcity_frozen,13063,95,74,4.659615059562936,0.10212037069693725,0.8418783256223029,False,0.4981797744359291,0.44462085437392634,0.4314027925094317,0.43277120286842347
scarcity_frozen,13063,100,68,5.027691437379401,0.10205595524587945,0.8218901927868094,False,0.5025738767814002,0.4385560911280568,0.42952383434263375,0.4377638390419931
scarcity_frozen,13063,105,67,5.023499998288597,0.10231719128366903,0.8159671507244697,False,0.5021399838912428,0.4366196055539642,0.4280198807195856,0.43739990342923385
scarcity_frozen,13063,110,64,5.2359445371383835,0.09987660331585275,0.7955062686784108,False,0.5064309584857114,0.42862819433645644,0.4282211844040114,0.4358106930443557
scarcity_frozen,13063,115,63,5.30174946797574,0.09753517440063664,0.7890151018091358,False,0.5067874701088607,0.42172966885831076,0.43196981130806217,0.4395846931486128
scarcity_frozen,13063,120,62,5.3307747083921395,0.09745206970396618,0.7876026834974309,False,0.5079875009236338,0.42373387590303446,0.4342549029321947,0.43899487844778234
scarcity_frozen,13063,125,61,5.340655811313381,0.09619551627684966,0.7713010143482552,False,0.5097541867105873,0.42135474461665584,0.43942314192082116,0.4347775043749255
scarcity_frozen,13063,129,60,5.364080439801773,0.09635418007470754,0.7696730301004213,False,0.5098708477086439,0.42099175927205884,0.43658729383827993,0.43451328413834156
scarcity_frozen,13063,130,60,5.2544138555738975,0.09635418007470754,0.7696730301004213,True,0.5098708477086439,0.42099175927205884,0.43658729383827993,0.43451328413834156
scarcity_frozen,13063,135,56,5.16047113342169,0.09386884555883958,0.7517107238486531,True,0.5166081357925857,0.41613854749360274,0.4363696414421309,0.43440427705484913
scarcity_frozen,13063,140,54,4.870609222180901,0.09051357429205198,0.7361875357573842,True,0.5204783242196117,0.40929072487979523,0.4386965304245711,0.4411274701354234
scarcity_frozen,13063,145,51,4.674042117974288,0.0899491746692482,0.7112609066826562,True,0.5207893101034305,0.407786451441065,0.4386462392444076,0.44067500398483017
scarcity_frozen,13063,150,49,4.445045819917888,0.08738663380904718,0.704146261012346,True,0.5289185181817204,0.40642625786544634,0.44022420396129597,0.43934448345137234
scarcity_frozen,13063,155,46,4.327973428301282,0.08391952261575689,0.6944279023646043,True,0.5295149305178587,0.39684124844127494,0.4406411194471866,0.4353040818027781
scarcity_frozen,13063,160,44,4.116321337753334,0.08281489401431079,0.6749060700882228,True,0.5374324735707114,0.3930169196189102,0.43943471914921495,0.4357102859285858
scarcity_frozen,13063,165,43,3.769337213147986,0.08255073200247617,0.6646481830374598,True,0.5352981605677369,0.38967611983063455,0.4381727952767896,0.4350293043425218
scarcity_frozen,13063,170,39,3.7571512934752933,0.0843567438433097,0.6545460273567246,True,0.5332381449555091,0.38933184388347886,0.43533239170336796,0.43854515526783416
scarcity_frozen,13063,175,37,3.5930336494260686,0.08530395505849757,0.6400734163334045,True,0.5321356767079585,0.38946623825329896,0.43046378318309075,0.44061606419722094
scarcity_frozen,13063,180,35,3.4395880293932732,0.08284604819923391,0.6281650915202662,True,0.5379101407471394,0.38468868784667953,0.4335939369419721,0.4375616088471206
scarcity_frozen,13063,185,34,3.1814112067283693,0.07834609744045648,0.6154113971325583,True,0.544979521630265,0.3854027841913117,0.4409321415469263,0.4345398612992513
scarcity_frozen,13063,190,33,2.999884467069226,0.07778957298806564,0.611916003245837,True,0.5434146387946699,0.3812629843193247,0.4442473687296016,0.43567330939855314
scarcity_frozen,13063,195,32,2.9521625056976344,0.08009731547703317,0.6127528391910413,True,0.5384252800093462,0.38369796097932285,0.4400156443478121,0.4340377396673052
scarcity_frozen,13063,200,29,3.081057615687038,0.07958013394328563,0.6000837143651241,True,0.5444309912785886,0.38292188520781584,0.4370660272079306,0.4356925713832464
scarcity_frozen,13063,205,28,2.8891603133901462,0.08031868761288591,0.6039739733275941,True,0.5440142498741711,0.38422164838233475,0.4349364666530044,0.4385492637590148
scarcity_frozen,13063,210,26,2.8307880298047747,0.08088759798104916,0.5731697283671262,True,0.5424438604290637,0.3800327939931297,0.43642820248025377,0.44142701094956777
scarcity_frozen,13063,215,25,2.6542531136989873,0.08169048187556367,0.5743125222386511,True,0.5418976248221351,0.38137296510000335,0.4340175816696293,0.4448558839930813
scarcity_frozen,13063,220,20,2.391289287567088,0.08105993806763959,0.542379258076676,True,0.5439320216626979,0.3733392019966593,0.43760175345982366,0.44127293425920494
scarcity_frozen,13063,225,16,2.4162179294588686,0.07930336976300685,0.4988422923123533,True,0.5368855335695866,0.3581615542794194,0.4524297185788315,0.43201460139173237
scarcity_frozen,13063,230,16,2.234467929458868,0.07930336976300685,0.4988422923123533,True,0.5368855335695866,0.3581615542794194,0.4524297185788315,0.43201460139173237
scarcity_frozen,13063,235,14,2.336679949115129,0.07737972562358084,0.4694208646570057,True,0.5386512248798949,0.35329505454111576,0.4451148301009954,0.4195393821908787
scarcity_frozen,13063,240,11,2.752084758354945,0.07726488429587465,0.4428188172021357,True,0.5451942982879516,0.36246048295138594,0.4504640348778329,0.4119708378734174
scarcity_frozen,13063,245,10,2.981019058190443,0.07841443134884639,0.4411606452673365,True,0.5520003734371643,0.35888473971696727,0.44178879323319264,0.41700992318927027
scarcity_frozen,13063,250,10,2.963719058190443,0.07841443134884639,0.4411606452673365,True,0.5520003734371643,0.35888473971696727,0.44178879323319264,0.41700992318927027
scarcity_frozen,13063,255,8,3.505277542738062,0.07374651863976443,0.36467217988452516,True,0.5494888714519699,0.33437759854902205,0.435087401180516,0.4309312840712349
scarcity_frozen,13063,259,8,3.5100275427380607,0.07374651863976443,0.36467217988452516,True,0.5494888714519699,0.33437759854902205,0.435087401180516,0.4309312840712349
stable_mutable,13079,0,72,6.988993967614461,0.09680503207045066,0.9999999999999998,False,0.4768719157467237,0.47623352177572165,0.4634055747578135,0.41752604525559184
stable_mutable,13079,5,81,7.140407469490356,0.0965935827852162,0.9915238482205723,False,0.4768108445304803,0.4783060490094043,0.4630182581079855,0.41237609172999473
stable_mutable,13079,10,90,6.833255611430206,0.09681255595103601,0.9859869376037222,False,0.4827998067117391,0.478982680384699,0.46438400264582386,0.4142895061151972
stable_mutable,13079,15,92,6.611391359007809,0.09677891677308328,0.9841884217504646,False,0.48492715665621533,0.47963877413076444,0.466678049209519,0.4139551844213613
stable_mutable,13079,20,92,6.457587011181722,0.09677891677308328,0.9841884217504646,False,0.48492715665621533,0.47963877413076444,0.466678049209519,0.4139551844213613
stable_mutable,13079,25,92,6.235304402486068,0.09677891677308328,0.9841884217504646,False,0.48492715665621533,0.47963877413076444,0.466678049209519,0.4139551844213613
stable_mutable,13079,30,93,5.9589570433195505,0.09686008123262298,0.9818471796993111,False,0.4865505338617558,0.4810609548801962,0.46729977139919526,0.41348185305313484
stable_mutable,13079,35,95,5.61192636872335,0.09690484134990035,0.9803522863820283,False,0.4856758959474183,0.48012152591462226,0.46911830376181873,0.41617543322144274
stable_mutable,13079,40,97,5.266165000296062,0.09831895715427504,0.9802818795658285,False,0.4890262872611187,0.4761913987349791,0.4686452075258671,0.41747452057473655
stable_mutable,13079,45,97,5.031371185863072,0.09831895715427504,0.9802818795658285,False,0.4890262872611187,0.4761913987349791,0.4686452075258671,0.41747452057473655
stable_mutable,13079,50,97,4.7937938662754425,0.09838154287394495,0.9775923441676924,False,0.4915682420755222,0.47492545457762525,0.46933166532911574,0.4179889162209406
stable_mutable,13079,55,98,4.512479643150181,0.09855193883899169,0.9763742234559888,False,0.49155078930779245,0.47335154203837937,0.47060681205239374,0.41681608032513295
stable_mutable,13079,60,93,4.507934258032247,0.09825648857232482,0.961153139304262,False,0.4960113936369684,0.4668601478066713,0.47064141255536335,0.4207536096603314
stable_mutable,13079,65,91,4.389207538428559,0.09746699589742944,0.9539007106740184,False,0.49759679152605435,0.46212078723633204,0.47111063148433874,0.42278816822404636
stable_mutable,13079,70,88,4.325100977238623,0.09767495301482726,0.9426237902504165,False,0.501813526405309,0.45955387733557296,0.4734781467268809,0.4249616525147815
stable_mutable,13079,75,84,4.286534357107129,0.09850830434754351,0.9267795624552081,False,0.5036615648406937,0.4575743218051348,0.4712051296988223,0.4284588671683728
stable_mutable,13079,80,76,4.518035342065774,0.09723628083000738,0.8961409375666098,False,0.5102203164690676,0.4517720698994017,0.47884415595318724,0.4301937098959396
stable_mutable,13079,85,70,4.765753681299494,0.09793108363247945,0.8669256123523859,False,0.5057253374472094,0.44392264182479113,0.480890049672595,0.4330468081186805
stable_mutable,13079,90,71,4.625441657619218,0.09753025638972837,0.8568320029044685,False,0.5093251023195118,0.44026805879653874,0.4831869749601452,0.4332610271905713
stable_mutable,13079,95,71,4.599455742126262,0.09771397701295546,0.8522664670060707,False,0.5119076783875487,0.44028743511763857,0.48389605128046664,0.42991506947577524
stable_mutable,13079,100,67,4.95015160732783,0.09919807512229808,0.8270708210131875,False,0.5132019756028445,0.4380805809482815,0.479202030989097,0.4306569334198142
stable_mutable,13079,105,68,4.823605260161243,0.09877741947679927,0.8250959185872521,False,0.5135818037808142,0.43677524857275274,0.479219643979465,0.42926991647765067
stable_mutable,13079,110,67,4.920343289790568,0.09953675129611447,0.80683658783951,False,0.5113552356035458,0.4303439727484873,0.4796805604699893,0.4231967565090967
stable_mutable,13079,115,68,4.891735300234825,0.09943095975131336,0.8035980168667727,False,0.5088259014921096,0.4304912042350102,0.4794495482485036,0.42206197748080726
stable_mutable,13079,120,69,4.784101455303885,0.09942911907131574,0.7934646586959486,False,0.5064063183930503,0.4290321883664603,0.481236324897599,0.4223052904275098
stable_mutable,13079,125,69,4.863938092985043,0.09882160041121318,0.7832502777408792,False,0.5037970358405175,0.42475254052534783,0.480397850886957,0.42179359057314764
stable_mutable,13079,129,69,4.933223471113856,0.10026342359290025,0.7620639398134507,False,0.5071927136343566,0.42219016007605,0.47900389107800967,0.42193375317948484
stable_mutable,13079,130,68,4.986982639806708,0.10001218255402763,0.7600645901275767,False,0.5099182649678017,0.4226465951447962,0.4802089917540059,0.423555111051638
stable_mutable,13079,135,64,5.284073828815983,0.10048086299044207,0.7416051563518613,False,0.5088739955225606,0.4208494114888764,0.47972337506017937,0.4243845845701654
stable_mutable,13079,140,65,5.283549616064967,0.0998302261092877,0.7370877188590261,False,0.507839583711329,0.4204479800674632,0.48030028279177905,0.4243375308828955
stable_mutable,13079,145,67,5.285160075286908,0.1004413678548012,0.7290062327722129,False,0.5086748426023283,0.4143435905495472,0.4748333519062956,0.42174653557583097
stable_mutable,13079,150,67,5.328145149913773,0.10017835385639193,0.7173114031403267,False,0.5086115195708,0.4142374738029374,0.4738166812186178,0.41940205870807645
stable_mutable,13079,155,66,5.395648197639739,0.10036066387425771,0.7165321617524653,False,0.5082950081828334,0.4148129760227809,0.47234757677870653,0.41731517135230606
stable_mutable,13079,160,66,5.413502743094284,0.10056588741287852,0.696045535375746,False,0.5077598492848402,0.41701785721728046,0.47136762155283635,0.4121895214388719
stable_mutable,13079,165,65,5.508670477603427,0.10038179810172007,0.684098760674849,False,0.5086965903317585,0.4114509557952156,0.47544146283468713,0.4102448624713197
stable_mutable,13079,170,65,5.516885862218811,0.10087060240217974,0.6737714703253949,False,0.5111824211555205,0.4109178886023998,0.4760236208438065,0.40719823649185355
stable_mutable,13079,175,64,5.63556403881598,0.09965293773199416,0.6667699685077458,False,0.5105560066859717,0.4070518394043716,0.4741513090573616,0.4104989261400124
stable_mutable,13079,180,64,5.662126538815979,0.09965293773199416,0.6667699685077458,False,0.5105560066859717,0.4070518394043716,0.4741513090573616,0.4104989261400124
stable_mutable,13079,185,65,5.563786130526501,0.0999828675929609,0.6647708859806954,False,0.5106038290872248,0.4086076825776102,0.47434546434224345,0.4069496163144398
stable_mutable,13079,190,64,5.683131294415977,0.10005850461589899,0.6562813142465815,False,0.511721266877051,0.4104414366554386,0.4741677659251401,0.4060423337757185
stable_mutable,13079,195,63,5.773180997501945,0.09965083681220986,0.6475802274656903,False,0.5111317777014244,0.40688990159293187,0.47533539609054226,0.40537792471651596
stable_mutable,13079,200,65,5.683467736040345,0.09839125745939867,0.6420866877854533,False,0.51066944896468,0.4053881844805007,0.47487541394233546,0.40391648935020963
stable_mutable,13079,205,66,5.609172770342764,0.09842566733991989,0.64113962748635,False,0.5128608745323244,0.4071629377220053,0.47584614829509136,0.4046791974776661
stable_mutable,13079,210,67,5.532170191680932,0.09849753264145711,0.6391890605131821,False,0.5140675208173678,0.4075614987503956,0.4761779683435847,0.40166611930689505
stable_mutable,13079,215,66,5.595637400063977,0.09758864087745307,0.6364586843965934,False,0.5172847566033518,0.4032664867899944,0.47593743602099403,0.40067593735656454
stable_mutable,13079,220,58,5.578636451107286,0.09644221614527501,0.6062057182066306,False,0.5194369706456127,0.40654710758855317,0.47345336511234437,0.3985182138612119
stable_mutable,13079,225,56,5.755487752932546,0.09571945500262495,0.5915304574879391,False,0.5175739498423125,0.4086855380691486,0.4764157168666467,0.39546947507976515
stable_mutable,13079,230,53,5.839545550268353,0.09655450223481965,0.5672859244917928,False,0.5203407777463641,0.41039497174435946,0.4746830714234628,0.3946185234962909
stable_mutable,13079,235,51,5.757347336553388,0.09645009661861309,0.5285277105489248,False,0.51935049787463,0.40503436065578,0.4894274338196098,0.39064669502005467
stable_mutable,13079,240,52,5.722788386235053,0.09710819391689018,0.5356091756336521,False,0.5243911647605829,0.40607582476537735,0.48997639272218396,0.38925120992740364
stable_mutable,13079,245,50,5.772777841684457,0.09800559958263463,0.5215940914210571,False,0.527853329136656,0.403970570589975,0.49149928916749913,0.388652063187647
stable_mutable,13079,250,48,5.8104981384213135,0.09867231321613387,0.472737820826813,False,0.5256581936712413,0.3976049378202195,0.48720642852879287,0.3750917412237837
stable_mutable,13079,255,47,6.125829972022221,0.09815602792873648,0.47653622372403404,False,0.5260933055970061,0.39317647954159335,0.48827454299427736,0.3746705252721715
stable_mutable,13079,259,49,6.056816503776417,0.09906526411367832,0.48784795222844957,False,0.5315046973815435,0.38817202097234804,0.4875892452570782,0.37305494140690415
scarcity_mutable,13079,0,72,6.988993967614461,0.09680503207045066,0.9999999999999998,False,0.4768719157467237,0.47623352177572165,0.4634055747578135,0.41752604525559184
scarcity_mutable,13079,5,81,7.140407469490356,0.0965935827852162,0.9915238482205723,False,0.4768108445304803,0.4783060490094043,0.4630182581079855,0.41237609172999473
scarcity_mutable,13079,10,90,6.833255611430206,0.09681255595103601,0.9859869376037222,False,0.4827998067117391,0.478982680384699,0.46438400264582386,0.4142895061151972
scarcity_mutable,13079,15,92,6.611391359007809,0.09677891677308328,0.9841884217504646,False,0.48492715665621533,0.47963877413076444,0.466678049209519,0.4139551844213613
scarcity_mutable,13079,20,92,6.457587011181722,0.09677891677308328,0.9841884217504646,False,0.48492715665621533,0.47963877413076444,0.466678049209519,0.4139551844213613
scarcity_mutable,13079,25,92,6.235304402486068,0.09677891677308328,0.9841884217504646,False,0.48492715665621533,0.47963877413076444,0.466678049209519,0.4139551844213613
scarcity_mutable,13079,30,93,5.9589570433195505,0.09686008123262298,0.9818471796993111,False,0.4865505338617558,0.4810609548801962,0.46729977139919526,0.41348185305313484
scarcity_mutable,13079,35,95,5.61192636872335,0.09690484134990035,0.9803522863820283,False,0.4856758959474183,0.48012152591462226,0.46911830376181873,0.41617543322144274
scarcity_mutable,13079,40,97,5.266165000296062,0.09831895715427504,0.9802818795658285,False,0.4890262872611187,0.4761913987349791,0.4686452075258671,0.41747452057473655
scarcity_mutable,13079,45,97,5.031371185863072,0.09831895715427504,0.9802818795658285,False,0.4890262872611187,0.4761913987349791,0.4686452075258671,0.41747452057473655
scarcity_mutable,13079,50,97,4.7937938662754425,0.09838154287394495,0.9775923441676924,False,0.4915682420755222,0.47492545457762525,0.46933166532911574,0.4179889162209406
scarcity_mutable,13079,55,98,4.512479643150181,0.09855193883899169,0.9763742234559888,False,0.49155078930779245,0.47335154203837937,0.47060681205239374,0.41681608032513295
scarcity_mutable,13079,60,93,4.507934258032247,0.09825648857232482,0.961153139304262,False,0.4960113936369684,0.4668601478066713,0.47064141255536335,0.4207536096603314
scarcity_mutable,13079,65,91,4.389207538428559,0.09746699589742944,0.9539007106740184,False,0.49759679152605435,0.46212078723633204,0.47111063148433874,0.42278816822404636
scarcity_mutable,13079,70,88,4.325100977238623,0.09767495301482726,0.9426237902504165,False,0.501813526405309,0.45955387733557296,0.4734781467268809,0.4249616525147815
scarcity_mutable,13079,75,84,4.286534357107129,0.09850830434754351,0.9267795624552081,False,0.5036615648406937,0.4575743218051348,0.4712051296988223,0.4284588671683728
scarcity_mutable,13079,80,76,4.518035342065774,0.09723628083000738,0.8961409375666098,False,0.5102203164690676,0.4517720698994017,0.47884415595318724,0.4301937098959396
scarcity_mutable,13079,85,70,4.765753681299494,0.09793108363247945,0.8669256123523859,False,0.5057253374472094,0.44392264182479113,0.480890049672595,0.4330468081186805
scarcity_mutable,13079,90,71,4.625441657619218,0.09753025638972837,0.8568320029044685,False,0.5093251023195118,0.44026805879653874,0.4831869749601452,0.4332610271905713
scarcity_mutable,13079,95,71,4.599455742126262,0.09771397701295546,0.8522664670060707,False,0.5119076783875487,0.44028743511763857,0.48389605128046664,0.42991506947577524
scarcity_mutable,13079,100,67,4.95015160732783,0.09919807512229808,0.8270708210131875,False,0.5132019756028445,0.4380805809482815,0.479202030989097,0.4306569334198142
scarcity_mutable,13079,105,68,4.823605260161243,0.09877741947679927,0.8250959185872521,False,0.5135818037808142,0.43677524857275274,0.479219643979465,0.42926991647765067
scarcity_mutable,13079,110,67,4.920343289790568,0.09953675129611447,0.80683658783951,False,0.5113552356035458,0.4303439727484873,0.4796805604699893,0.4231967565090967
scarcity_mutable,13079,115,68,4.891735300234825,0.09943095975131336,0.8035980168667727,False,0.5088259014921096,0.4304912042350102,0.4794495482485036,0.42206197748080726
scarcity_mutable,13079,120,69,4.784101455303885,0.09942911907131574,0.7934646586959486,False,0.5064063183930503,0.4290321883664603,0.481236324897599,0.4223052904275098
scarcity_mutable,13079,125,69,4.863938092985043,0.09882160041121318,0.7832502777408792,False,0.5037970358405175,0.42475254052534783,0.480397850886957,0.42179359057314764
scarcity_mutable,13079,129,69,4.933223471113856,0.10026342359290025,0.7620639398134507,False,0.5071927136343566,0.42219016007605,0.47900389107800967,0.42193375317948484
scarcity_mutable,13079,130,68,4.915159110394945,0.10001218255402763,0.7600645901275767,True,0.5099182649678017,0.4226465951447962,0.4802089917540059,0.423555111051638
scarcity_mutable,13079,135,64,4.788823828815983,0.10048086299044207,0.7416051563518613,True,0.5088739955225606,0.4208494114888764,0.47972337506017937,0.4243845845701654
scarcity_mutable,13079,140,62,4.626702016842303,0.09947015681436835,0.7216760156927998,True,0.5095132114959011,0.41666529762819576,0.47609930043011456,0.4212203839173025
scarcity_mutable,13079,145,59,4.544279044139372,0.09959669939679001,0.7131147211189792,True,0.5087989061858051,0.412186262167956,0.4742444405828667,0.4202771386930877
scarcity_mutable,13079,150,57,4.316295852705665,0.09840336809387411,0.6977861638721898,True,0.5060925127064574,0.41003673189049883,0.47617593388054386,0.4172333203884682
scarcity_mutable,13079,155,55,4.074190247349507,0.09742109873337895,0.6804310981420224,True,0.5099825271082359,0.4108411149630559,0.4809609061726691,0.4162484992084136
scarcity_mutable,13079,160,53,3.8305408227211872,0.09758623968393706,0.6620871472553868,True,0.5109659303882649,0.4108155004490651,0.47731210932428003,0.41535455456625153
scarcity_mutable,13079,165,51,3.5928169334161346,0.09708663983970792,0.6490065053199395,True,0.5106408993278579,0.4069250172136893,0.47579302545121177,0.40805007601214016
scarcity_mutable,13079,170,48,3.415667991754644,0.09689469979301575,0.6179333020598955,True,0.5103646057795039,0.39814113284753233,0.47418067677631043,0.4058047866170594
scarcity_mutable,13079,175,47,3.0970183745579347,0.09657895944354689,0.6163986291966321,True,0.5135530187815177,0.39604579884987123,0.4728529774950646,0.4032534587172821
scarcity_mutable,13079,180,46,2.7879100783526716,0.09702904413790452,0.6051988146109489,True,0.5153426800879841,0.39845114305399676,0.47297203124652104,0.4021997707351293
scarcity_mutable,13079,185,43,2.5892431899028594,0.0973195239055049,0.6081835488876375,True,0.5151401261486099,0.39781250647137845,0.4719890810901199,0.4053365070347075
scarcity_mutable,13079,190,38,2.587379779058501,0.09766995730302824,0.6084965119440477,True,0.525616146097277,0.3952007288386457,0.47747298891421985,0.40559829197392977
scarcity_mutable,13079,195,34,2.5526795026823264,0.09449535365341236,0.6211473259351482,True,0.5211735588216553,0.39312116689798277,0.4742964391736012,0.40952269931137025
scarcity_mutable,13079,200,33,2.340302033066639,0.09388525532916868,0.6080029284125583,True,0.5262907300787969,0.39071569135875955,0.4728524726100025,0.405894082688674
scarcity_mutable,13079,205,29,2.3669322805318336,0.09362826240592742,0.5796761312877036,True,0.5201013099879023,0.38076118464600367,0.47574684057449185,0.40476591116306954
scarcity_mutable,13079,210,26,2.4574655636085865,0.09499259604296556,0.5684639767264161,True,0.5240243898563898,0.38179045184545846,0.46938910957333585,0.3999668092697877
scarcity_mutable,13079,215,22,2.6925052369919698,0.09176626181815128,0.5237130522416752,True,0.5240045545272887,0.38384120866418187,0.46881807694855393,0.41267066747420633
scarcity_mutable,13079,220,17,2.7546367631660864,0.09030409869958984,0.4945929871365286,True,0.523284248073014,0.3903697254575673,0.45373191495458637,0.41650718726466573
scarcity_mutable,13079,225,16,2.7863404984626867,0.0891748745963167,0.4901838303773062,True,0.51516857711318,0.3802348352225675,0.45120433694017925,0.4169533202669053
scarcity_mutable,13079,230,14,2.788103426814504,0.08854046645850999,0.43637169038936297,True,0.5208153999136165,0.37294323345240615,0.4677094691024775,0.4084750787661543
scarcity_mutable,13079,235,12,3.011051491283593,0.08352745601152632,0.4189617378034389,True,0.5384651483241094,0.37684725687021475,0.48385448861222885,0.4019189420436166
scarcity_mutable,13079,240,12,2.9127181579502586,0.08352745601152632,0.4189617378034389,True,0.5384651483241094,0.37684725687021475,0.48385448861222885,0.4019189420436166
scarcity_mutable,13079,245,11,2.6651288995821045,0.08597449410079307,0.38388189924100036,True,0.5369997922250529,0.3822521611741505,0.4895698649890299,0.40490922044758376
scarcity_mutable,13079,250,10,3.3618810707435145,0.08810026341543606,0.39651038612286593,True,0.5476728219519048,0.3797275313720681,0.49335017949275367,0.4052348617771765
scarcity_mutable,13079,255,10,3.4495810707435135,0.08810026341543606,0.39651038612286593,True,0.5476728219519048,0.3797275313720681,0.49335017949275367,0.4052348617771765
scarcity_mutable,13079,259,11,3.4238918824941025,0.08546671306318718,0.38388189924100036,True,0.5476330617896026,0.3832972848341102,0.485557676620228,0.4097953711612421
scarcity_frozen,13079,0,72,6.988993967614461,0.09680503207045066,0.9999999999999998,False,0.4768719157467237,0.47623352177572165,0.4634055747578135,0.41752604525559184
scarcity_frozen,13079,5,80,7.231100062858983,0.097019856237761,0.9922208282039522,False,0.4754355269935056,0.4780512969692575,0.4629311974644378,0.4106725600759161
scarcity_frozen,13079,10,86,7.081662849171147,0.09743919919775408,0.9887775553069339,False,0.4780331587685335,0.4742271909464895,0.46232055963121554,0.409003969686266
scarcity_frozen,13079,15,89,6.718067472232791,0.0985493017722624,0.9876474929001227,False,0.4801038337919807,0.4718297037661007,0.4661158829391108,0.41211303066974564
scarcity_frozen,13079,20,91,6.36690115416174,0.09806705622211191,0.9857359293893846,False,0.47887520266986344,0.4709292599867577,0.46595042128853364,0.41267213314344
scarcity_frozen,13079,25,92,6.059923967703462,0.097757069175011,0.9833247917127546,False,0.4780053673648484,0.47071918208359703,0.4663403256131011,0.411726037952806
scarcity_frozen,13079,30,93,5.78401080676041,0.09765122242490651,0.9831627661795097,False,0.47760931532375067,0.4692714339275608,0.46733656028584175,0.41101791666145526
scarcity_frozen,13079,35,94,5.483968138603385,0.0978098294682869,0.9817293451745189,False,0.4782189208943473,0.46817258548857493,0.4684522487296539,0.4126869731469586
scarcity_frozen,13079,40,94,5.230776649241682,0.0978098294682869,0.9817293451745189,False,0.4782189208943473,0.46817258548857493,0.4684522487296539,0.4126869731469586
scarcity_frozen,13079,45,94,4.977585159879978,0.0978098294682869,0.9817293451745189,False,0.4782189208943473,0.46817258548857493,0.4684522487296539,0.4126869731469586
scarcity_frozen,13079,50,94,4.724393670518276,0.0978098294682869,0.9817293451745189,False,0.4782189208943473,0.46817258548857493,0.4684522487296539,0.4126869731469586
scarcity_frozen,13079,55,95,4.421715842407556,0.09769389698283448,0.9803522863820285,False,0.47782895885906745,0.4667821225210344,0.4694052792712153,0.411983644564961
scarcity_frozen,13079,60,87,4.5776782187208935,0.0965714050535202,0.9557416219167046,False,0.4826257295314288,0.45995034933131695,0.46459845971661,0.4162399888339461
scarcity_frozen,13079,65,83,4.6061928316713,0.09775165925066782,0.9389964176360452,False,0.4859383697694112,0.4497176917612118,0.46884393125912754,0.41929107656351844
scarcity_frozen,13079,70,77,4.7704442211521805,0.09697603426961166,0.9149288435139475,False,0.4882435738638149,0.44197297700794114,0.4735909883125673,0.4226895895634423
scarcity_frozen,13079,75,73,4.903128836009833,0.09606969841045822,0.8941690299966049,False,0.4930612111309243,0.43719128768772697,0.47585491391048124,0.42865457208595925
scarcity_frozen,13079,80,73,4.7521699319002435,0.09579712744592506,0.8897285772735055,False,0.4910146897966447,0.43491270470516863,0.47640005927674384,0.4315516561502559
scarcity_frozen,13079,85,71,4.728988803221376,0.09448100513710161,0.8800358757892299,False,0.48750268543769465,0.43015224559851606,0.4767250731056034,0.43370254036019323
scarcity_frozen,13079,90,70,4.648780071838823,0.09478446656956034,0.8796828292508059,False,0.48804483978876445,0.43043846438255173,0.47760181505672694,0.43204867649618794
scarcity_frozen,13079,95,69,4.6423971743292425,0.09383263767148885,0.8523322475962714,False,0.48939478777400097,0.42142695656138285,0.4772536585688964,0.4351420025504185
scarcity_frozen,13079,100,68,4.689491250422318,0.09422412603514017,0.839158761205729,False,0.4910818044938731,0.4185105106603904,0.47709386697759737,0.43942809246659864
scarcity_frozen,13079,105,69,4.646382681575617,0.09455405017038537,0.8265022706392569,False,0.4907119621259608,0.41607104567669134,0.47939351744183645,0.44002501733613486
scarcity_frozen,13079,110,68,4.589123603363495,0.09426690554629215,0.8103189944260267,False,0.48861253869606136,0.41003972560164714,0.479115898916742,0.43917918065072636
scarcity_frozen,13079,115,68,4.4589610151282,0.09425200389252342,0.8081269462856545,False,0.4892349235921538,0.40834085075865084,0.4799566126083485,0.4394768186250216
scarcity_frozen,13079,120,65,4.568368446595656,0.09565624504314163,0.7893377454301876,False,0.49246830113623813,0.40285039117310645,0.47985990024132347,0.4367316082620219
scarcity_frozen,13079,125,62,4.692603560043277,0.09554842969489624,0.7744808896358165,False,0.4920310565396315,0.39739146115706625,0.48132359323951734,0.43995853424885595
scarcity_frozen,13079,129,61,4.770062634798085,0.09548051567208062,0.7728688801150029,False,0.49410889979604056,0.39962592514156475,0.4824150758494994,0.4398453673870609
scarcity_frozen,13079,130,61,4.6980626347980845,0.09548051567208062,0.7728688801150029,True,0.49410889979604056,0.39962592514156475,0.4824150758494994,0.4398453673870609
scarcity_frozen,13079,135,57,4.6032880828540925,0.0952554331211203,0.749478466196469,True,0.4981922513174701,0.394192665853162,0.48470877988584743,0.44038583764843564
scarcity_frozen,13079,140,55,4.32900866768515,0.09566101803664528,0.7516841959391615,True,0.5018046839250699,0.3921050503243325,0.48408649482174215,0.44455872717728373
scarcity_frozen,13079,145,55,3.973688667685148,0.09509615471404387,0.7457905041430479,True,0.5039478728224527,0.392305336020417,0.48580451599560587,0.45021646930895803
scarcity_frozen,13079,150,53,3.8793599381638346,0.09498382245185502,0.7360290411958142,True,0.504985853792907,0.3885330152364894,0.48427385351381613,0.45260291152240845
scarcity_frozen,13079,155,50,3.699781534453665,0.09550175467215054,0.7108642534484314,True,0.5040349956820175,0.3830936283864231,0.48558656833757297,0.4466412973621044
scarcity_frozen,13079,160,47,3.5177329463286737,0.09540402359476434,0.712795822646312,True,0.5061017061316322,0.37891004560514496,0.48464712396497006,0.4487632809295226
scarcity_frozen,13079,165,44,3.3553999930816816,0.09453090668947171,0.6845908440761048,True,0.5050712997218555,0.37052877645582954,0.4840487482003711,0.4468419966543968
scarcity_frozen,13079,170,40,3.2968372911169865,0.09472207832540828,0.6680028984386044,True,0.5097107446953079,0.3650857252938836,0.4854021214256812,0.44711996910012813
scarcity_frozen,13079,175,38,3.093050812161246,0.09541224826407327,0.6634344164533587,True,0.5149108480507101,0.3651370955969249,0.4864539558497707,0.44879422942186026
scarcity_frozen,13079,180,36,2.8761316432268114,0.09548050794705061,0.6494001009253988,True,0.5111911833810356,0.366023648407567,0.48659486191508466,0.45421706625282443
scarcity_frozen,13079,185,33,2.778044944126221,0.09671396556922107,0.6296444269550933,True,0.5087284468838605,0.36424133493542116,0.4872395878418973,0.45162360154464987
scarcity_frozen,13079,190,29,2.8071910059715686,0.09809577529055645,0.6154803554494243,True,0.5121715493918063,0.3629337264706755,0.485295637549099,0.46189866795388423
scarcity_frozen,13079,195,28,2.6930887719807997,0.09872767801915557,0.6199204944506193,True,0.5147072287435579,0.363892838002763,0.48266369066949605,0.4660425218859093
scarcity_frozen,13079,200,26,2.642137793071553,0.09772838278923857,0.5903429049611533,True,0.5222099099022061,0.3694528233076952,0.4915183706057003,0.4738962688268601
scarcity_frozen,13079,205,24,2.6064742758275172,0.09971123274885492,0.5573360899422625,True,0.522355910424631,0.36947237258103893,0.49500693159020104,0.472795521509932
scarcity_frozen,13079,210,22,2.585817391811841,0.09848310114673114,0.534835737937899,True,0.5245962302204235,0.3746169546242872,0.5027562894981348,0.4761048568719581
scarcity_frozen,13079,215,21,2.5117351723743093,0.10000453920659295,0.5400544411611555,True,0.5241049917090229,0.3750282533843537,0.4994489092835613,0.47173322023258585
scarcity_frozen,13079,220,17,2.7429850294035654,0.09969077739901086,0.5408777805796605,True,0.5179909591521598,0.3772584262380111,0.49394007085300184,0.476744557001359
scarcity_frozen,13079,225,14,2.376368683394434,0.09900197784678622,0.547621485301091,True,0.5152120470097036,0.3762288722131673,0.5023431655424699,0.47284905589026
scarcity_frozen,13079,230,12,2.822213463960177,0.09622407036870118,0.5,True,0.5350661289823199,0.3529933651968819,0.505203641531817,0.473984236430566
scarcity_frozen,13079,235,11,2.8324006079565596,0.09901685122326885,0.5017557351632711,True,0.5350801189843639,0.35181279106360835,0.49911203857978387,0.46544560098800164
scarcity_frozen,13079,240,11,2.881400607956559,0.09901685122326885,0.5017557351632711,True,0.5350801189843639,0.35181279106360835,0.49911203857978387,0.46544560098800164
scarcity_frozen,13079,245,9,2.7522229652802466,0.0957923116942091,0.44173641597924546,True,0.5509401380148059,0.34335481705394266,0.5157531600447574,0.49654167133795923
scarcity_frozen,13079,250,7,2.7796866696460447,0.09067505670436847,0.3623911717089513,True,0.5304833888136002,0.33272697973927867,0.5251248993821487,0.5363908382889392
scarcity_frozen,13079,255,7,2.7562580982174723,0.09067505670436847,0.3623911717089513,True,0.5304833888136002,0.33272697973927867,0.5251248993821487,0.5363908382889392
scarcity_frozen,13079,259,6,3.0650011145870564,0.09041034997392111,0.364936229672398,True,0.5234086850351701,0.3536188218821368,0.5086508888548708,0.5358560846663305
stable_mutable,13099,0,72,7.01652811827049,0.09886869935444625,0.9999999999999998,False,0.45718012470562425,0.44712639148845323,0.44559194534503366,0.43749307011726113
stable_mutable,13099,5,78,7.174832646645789,0.09938753126607505,0.993781296139378,False,0.457557952834767,0.4502586557435237,0.4428785552778632,0.42906404070132437
stable_mutable,13099,10,89,6.718032292508584,0.10005187919956968,0.9862727789376682,False,0.45620140049832114,0.43948510263161594,0.44916004568623924,0.4299253770119966
stable_mutable,13099,15,93,6.300652128337352,0.10024992115294415,0.9831627661795097,False,0.45971306247537397,0.4373747136516989,0.44991062550822297,0.4262730261047149
stable_mutable,13099,20,94,6.140865922363151,0.10072733786277413,0.9722292900373978,False,0.46025888493684064,0.44127342594644164,0.45216241602282936,0.4248260976879318
stable_mutable,13099,25,94,5.968183088073375,0.10138674620984264,0.9666340075383124,False,0.46064443060915267,0.44030080726117105,0.45267175976852053,0.4236639765117348
stable_mutable,13099,30,95,5.654728529251549,0.1011214620819545,0.9654158470367293,False,0.4604617394269676,0.44001462596277413,0.45397227017745007,0.4243169167689455
stable_mutable,13099,35,95,5.426044318725233,0.1011214620819545,0.9654158470367293,False,0.4604617394269676,0.44001462596277413,0.45397227017745007,0.4243169167689455
stable_mutable,13099,40,96,5.192396857497002,0.10074962347972741,0.9655231786803398,False,0.46128148919358014,0.4399518844561263,0.4545398125224374,0.42376433512998873
stable_mutable,13099,45,97,4.9911759827826385,0.10038757763047387,0.9643920725507572,False,0.4621738122944006,0.4399321976012646,0.45455341299699437,0.4230540121388378
stable_mutable,13099,50,100,4.708040703299159,0.10007439172868425,0.9596890664514798,False,0.4620986166092097,0.4392594230930136,0.45564966415553015,0.4214204465901763
stable_mutable,13099,55,101,4.425025573972273,0.10001401876673736,0.9587545487993958,False,0.4629475593277363,0.43819043105084104,0.4566965156424632,0.4221619929553014
stable_mutable,13099,60,87,4.887997866024892,0.09809063105064043,0.899360112595063,False,0.4780496155392241,0.41772936124210736,0.46174049952517476,0.41767736938001543
stable_mutable,13099,65,85,4.826693957110227,0.09673807215962207,0.8943264244107191,False,0.48358997983163426,0.4169869907013004,0.45835534500836067,0.4175836929116803
stable_mutable,13099,70,81,4.866313814761148,0.09583259345671719,0.8782119670761844,False,0.4915956708774866,0.4094939479510384,0.46060937258632817,0.414697254968309
stable_mutable,13099,75,77,4.959586324618871,0.09645533641345752,0.8644114852615454,False,0.4933795312556514,0.40355639857719594,0.4545829658236925,0.41079094523026705
stable_mutable,13099,80,75,4.944644626608706,0.09436340579113006,0.8585454954766158,False,0.4956596809049345,0.3984775475491149,0.4575620923995614,0.4101271783433395
stable_mutable,13099,85,74,4.875799283725039,0.09284022191117454,0.8506392188327421,False,0.5004857362261995,0.39200563893602214,0.46103287685383165,0.41242726290386517
stable_mutable,13099,90,77,4.607656454488998,0.09286750747593897,0.8367965597697617,False,0.4989424011099256,0.39307121655927996,0.46421398840457745,0.4134523769700937
stable_mutable,13099,95,69,5.148648619916623,0.0932525770819602,0.7997994220290232,False,0.5027153183794102,0.38943247256932984,0.4586678287803292,0.4102428609585305
stable_mutable,13099,100,70,5.147456496774958,0.0933621301538713,0.7908544099018048,False,0.5008621308643024,0.38759136288751445,0.46205679966703145,0.41267096278840265
stable_mutable,13099,105,69,5.157854417018072,0.09457855619396419,0.7769317457284133,False,0.5039691312645047,0.38275044481205256,0.461128877035058,0.4129625304420088
stable_mutable,13099,110,69,5.100970359047056,0.09457855619396419,0.7769317457284133,False,0.5039691312645047,0.38275044481205256,0.461128877035058,0.4129625304420088
stable_mutable,13099,115,67,5.201784399615624,0.09478387936023065,0.7742115815366803,False,0.5048013477644349,0.3797847720319291,0.45931609604925094,0.4117658288925298
stable_mutable,13099,120,66,5.222793254155255,0.0948586718999137,0.7675292732844501,False,0.505922016170479,0.37895319845516995,0.45907361347604286,0.4140836973836165
stable_mutable,13099,125,67,5.089313951854429,0.09494127127235993,0.7553423203644357,False,0.5097995405266821,0.37785329460000583,0.45806234984960725,0.41331532835233015
stable_mutable,13099,129,64,5.262007317458981,0.09501456614165438,0.7390162523865741,False,0.508622021292186,0.37219475311335937,0.45783392649035404,0.4101080346874541
stable_mutable,13099,130,64,5.257944817458981,0.09501456614165438,0.7390162523865741,False,0.508622021292186,0.37219475311335937,0.45783392649035404,0.4101080346874541
stable_mutable,13099,135,65,5.189437974113459,0.09494756623598032,0.7353900206739221,False,0.507474620674267,0.3720844326623089,0.4603832622194928,0.4105653941994833
stable_mutable,13099,140,66,5.022588913899617,0.09500897582838301,0.7284265384703216,False,0.508123771527424,0.37141943059985444,0.4623686415799281,0.41247292640123073
stable_mutable,13099,145,67,4.873744303244397,0.09466275827942781,0.7269605594450695,False,0.5084154357918794,0.371977043915603,0.46220305053277994,0.4144328717346619
stable_mutable,13099,150,66,4.902144669729919,0.09472731125812986,0.7225341681370577,False,0.5082356699982435,0.3707298328883971,0.4634420364173162,0.41622464740711274
stable_mutable,13099,155,64,5.070611690658978,0.09469640910910179,0.7073039166057341,False,0.5085948327602023,0.3679276589959312,0.4621035761668535,0.41226428828460526
stable_mutable,13099,160,64,5.159752315658978,0.09404348660946424,0.6981626981306489,False,0.5117860075281758,0.36394148454289826,0.46094981091182424,0.4134639411744782
stable_mutable,13099,165,63,5.237719812732929,0.09396848918259514,0.6800927404706126,False,0.5146424463763098,0.3649534810603924,0.4616060518711887,0.4094381427931592
stable_mutable,13099,170,63,5.245313399434131,0.09499060846004542,0.6776890367235303,False,0.5103653000405941,0.36563176833672023,0.46456102946584227,0.41362522097364
stable_mutable,13099,175,62,5.327076518779842,0.09491184973521778,0.6744810367168962,False,0.5105972306068822,0.3666443587111441,0.46477775505234387,0.4166403780718897
stable_mutable,13099,180,64,5.158574127567972,0.09488433467223902,0.6719664673771208,False,0.511626469188898,0.36216098717820094,0.46399403854895754,0.41762237231696026
stable_mutable,13099,185,63,5.2335673676881,0.09340649945997365,0.6534806965305208,False,0.5157382250909739,0.35933382640810285,0.4628170054567814,0.42036546936340596
stable_mutable,13099,190,61,5.414088359415578,0.093298518636855,0.6406483028982619,False,0.5178764031798745,0.3574156035422826,0.463210097159572,0.42049223325655677
stable_mutable,13099,195,62,5.330232095554036,0.09336653893644511,0.636639887645087,False,0.5158882638637818,0.3582291961402451,0.4652864627714674,0.42165767332179993
stable_mutable,13099,200,61,5.425563769251644,0.09378148850854746,0.6231774029702378,False,0.519032206938026,0.36083171120203866,0.4680411324664648,0.4165362877095679
stable_mutable,13099,205,62,5.332651450392745,0.09361349382803753,0.6216050681880915,False,0.5212155476336048,0.35938575248680593,0.4679445515798822,0.416576253380954
stable_mutable,13099,210,63,5.21975222102143,0.09319771325236612,0.6207640010208344,False,0.5220339474768717,0.3609583039511712,0.4673021927158757,0.41613706405179196
stable_mutable,13099,215,63,5.161899776576986,0.09424496846112006,0.6207640010208344,False,0.5229985322454822,0.3612057780740457,0.46782959947099145,0.41424113252182526
stable_mutable,13099,220,62,5.043993115177559,0.09344459209702632,0.6208456767870474,False,0.5240352250558707,0.3650100399519033,0.4687953262863166,0.41362133940846
stable_mutable,13099,225,54,5.349289989255789,0.0929234809708408,0.5725222862091085,False,0.522402818843933,0.36643977397837485,0.48074277425110706,0.40905810502027223
stable_mutable,13099,230,49,5.394444861425563,0.09260640520437269,0.5182359477347803,False,0.5216439827541901,0.3660839081786934,0.4888348126667369,0.4148228348010932
stable_mutable,13099,235,45,5.293046715774504,0.09194383461723526,0.4837034018130286,False,0.5183398085660749,0.3627029718517207,0.4941344279764902,0.41707540040737784
stable_mutable,13099,240,44,5.436153911023925,0.09212769204564346,0.4692123445630115,False,0.5204774699507754,0.3614874479578203,0.49789429530502927,0.4222452745917493
stable_mutable,13099,245,44,5.576995591023927,0.08975085981925922,0.4609514730773009,False,0.5235386569502691,0.35223862111130005,0.5048386261360075,0.4302626624250582
stable_mutable,13099,250,43,5.89939601007101,0.08837119103739455,0.4619280213430298,False,0.5292001562063167,0.3546231105318658,0.5050443953510075,0.4283405140712658
stable_mutable,13099,255,43,5.9414701530312515,0.08861827602276576,0.45776905085498887,False,0.530000566080656,0.3522204129560094,0.5057597050433718,0.4311546853723611
stable_mutable,13099,259,44,6.006891285916904,0.08791908577859343,0.45358435833215893,False,0.5299896067873098,0.3526995580111938,0.5053014328835146,0.43337730701180366
scarcity_mutable,13099,0,72,7.01652811827049,0.09886869935444625,0.9999999999999998,False,0.45718012470562425,0.44712639148845323,0.44559194534503366,0.43749307011726113
scarcity_mutable,13099,5,78,7.174832646645789,0.09938753126607505,0.993781296139378,False,0.457557952834767,0.4502586557435237,0.4428785552778632,0.42906404070132437
scarcity_mutable,13099,10,89,6.718032292508584,0.10005187919956968,0.9862727789376682,False,0.45620140049832114,0.43948510263161594,0.44916004568623924,0.4299253770119966
scarcity_mutable,13099,15,93,6.300652128337352,0.10024992115294415,0.9831627661795097,False,0.45971306247537397,0.4373747136516989,0.44991062550822297,0.4262730261047149
scarcity_mutable,13099,20,94,6.140865922363151,0.10072733786277413,0.9722292900373978,False,0.46025888493684064,0.44127342594644164,0.45216241602282936,0.4248260976879318
scarcity_mutable,13099,25,94,5.968183088073375,0.10138674620984264,0.9666340075383124,False,0.46064443060915267,0.44030080726117105,0.45267175976852053,0.4236639765117348
scarcity_mutable,13099,30,95,5.654728529251549,0.1011214620819545,0.9654158470367293,False,0.4604617394269676,0.44001462596277413,0.45397227017745007,0.4243169167689455
scarcity_mutable,13099,35,95,5.426044318725233,0.1011214620819545,0.9654158470367293,False,0.4604617394269676,0.44001462596277413,0.45397227017745007,0.4243169167689455
scarcity_mutable,13099,40,96,5.192396857497002,0.10074962347972741,0.9655231786803398,False,0.46128148919358014,0.4399518844561263,0.4545398125224374,0.42376433512998873
scarcity_mutable,13099,45,97,4.9911759827826385,0.10038757763047387,0.9643920725507572,False,0.4621738122944006,0.4399321976012646,0.45455341299699437,0.4230540121388378
scarcity_mutable,13099,50,100,4.708040703299159,0.10007439172868425,0.9596890664514798,False,0.4620986166092097,0.4392594230930136,0.45564966415553015,0.4214204465901763
scarcity_mutable,13099,55,101,4.425025573972273,0.10001401876673736,0.9587545487993958,False,0.4629475593277363,0.43819043105084104,0.4566965156424632,0.4221619929553014
scarcity_mutable,13099,60,87,4.887997866024892,0.09809063105064043,0.899360112595063,False,0.4780496155392241,0.41772936124210736,0.46174049952517476,0.41767736938001543
scarcity_mutable,13099,65,85,4.826693957110227,0.09673807215962207,0.8943264244107191,False,0.48358997983163426,0.4169869907013004,0.45835534500836067,0.4175836929116803
scarcity_mutable,13099,70,81,4.866313814761148,0.09583259345671719,0.8782119670761844,False,0.4915956708774866,0.4094939479510384,0.46060937258632817,0.414697254968309
scarcity_mutable,13099,75,77,4.959586324618871,0.09645533641345752,0.8644114852615454,False,0.4933795312556514,0.40355639857719594,0.4545829658236925,0.41079094523026705
scarcity_mutable,13099,80,75,4.944644626608706,0.09436340579113006,0.8585454954766158,False,0.4956596809049345,0.3984775475491149,0.4575620923995614,0.4101271783433395
scarcity_mutable,13099,85,74,4.875799283725039,0.09284022191117454,0.8506392188327421,False,0.5004857362261995,0.39200563893602214,0.46103287685383165,0.41242726290386517
scarcity_mutable,13099,90,77,4.607656454488998,0.09286750747593897,0.8367965597697617,False,0.4989424011099256,0.39307121655927996,0.46421398840457745,0.4134523769700937
scarcity_mutable,13099,95,69,5.148648619916623,0.0932525770819602,0.7997994220290232,False,0.5027153183794102,0.38943247256932984,0.4586678287803292,0.4102428609585305
scarcity_mutable,13099,100,70,5.147456496774958,0.0933621301538713,0.7908544099018048,False,0.5008621308643024,0.38759136288751445,0.46205679966703145,0.41267096278840265
scarcity_mutable,13099,105,69,5.157854417018072,0.09457855619396419,0.7769317457284133,False,0.5039691312645047,0.38275044481205256,0.461128877035058,0.4129625304420088
scarcity_mutable,13099,110,69,5.100970359047056,0.09457855619396419,0.7769317457284133,False,0.5039691312645047,0.38275044481205256,0.461128877035058,0.4129625304420088
scarcity_mutable,13099,115,67,5.201784399615624,0.09478387936023065,0.7742115815366803,False,0.5048013477644349,0.3797847720319291,0.45931609604925094,0.4117658288925298
scarcity_mutable,13099,120,66,5.222793254155255,0.0948586718999137,0.7675292732844501,False,0.505922016170479,0.37895319845516995,0.45907361347604286,0.4140836973836165
scarcity_mutable,13099,125,67,5.089313951854429,0.09494127127235993,0.7553423203644357,False,0.5097995405266821,0.37785329460000583,0.45806234984960725,0.41331532835233015
scarcity_mutable,13099,129,64,5.262007317458981,0.09501456614165438,0.7390162523865741,False,0.508622021292186,0.37219475311335937,0.45783392649035404,0.4101080346874541
scarcity_mutable,13099,130,64,5.187991692458981,0.09501456614165438,0.7390162523865741,True,0.508622021292186,0.37219475311335937,0.45783392649035404,0.4101080346874541
scarcity_mutable,13099,135,64,4.8221791924589805,0.09501456614165438,0.7390162523865741,True,0.508622021292186,0.37219475311335937,0.45783392649035404,0.4101080346874541
scarcity_mutable,13099,140,62,4.533960454873785,0.09486662418988498,0.734257621526566,True,0.506950733659246,0.36797895639876377,0.45588520756781703,0.4095230603955536
scarcity_mutable,13099,145,60,4.241392470036245,0.09527871692715148,0.7297029832503896,True,0.5104336256916043,0.36778131201371195,0.45610171130685445,0.4061157163992196
scarcity_mutable,13099,150,59,3.8715177661385534,0.09544023420319596,0.7219142910863402,True,0.5115210792595882,0.36931503319462483,0.4558069958584577,0.40399332330030385
scarcity_mutable,13099,155,55,3.685758548442735,0.09522185556503424,0.7082718517861187,True,0.5128843108090115,0.36630973280642753,0.4527509265587112,0.40636518711019803
scarcity_mutable,13099,160,52,3.4794215416221252,0.09405323432384473,0.6819594565161131,True,0.5154909724018204,0.3616715884334736,0.457375888011934,0.40599966414792427
scarcity_mutable,13099,165,50,3.2183888992870093,0.09322326201751728,0.68011286695409,True,0.5150281691735619,0.36569515373731076,0.45673276398932855,0.40318862124117094
scarcity_mutable,13099,170,49,2.8946417339663357,0.09320650091096394,0.677216057537101,True,0.5154167929336197,0.36697768411720605,0.4568472276808915,0.4067907261464569
scarcity_mutable,13099,175,45,2.73004835920779,0.09377389931070332,0.6582210350459341,True,0.5168094634898448,0.3670022689615641,0.4571926789085283,0.4040464066130451
scarcity_mutable,13099,180,42,2.531450620587666,0.0935251378588641,0.6471732282936102,True,0.5101605490704172,0.36869688094440983,0.45956433455527773,0.4035004931208218
scarcity_mutable,13099,185,37,2.5504544465528944,0.09267521123729236,0.6192448855163517,True,0.5131945170345997,0.36491574968479346,0.4579652179049888,0.4058581594165481
scarcity_mutable,13099,190,34,2.450262264262629,0.09393039914546147,0.6099520542553382,True,0.504805151834429,0.36197268395072435,0.46329779428156204,0.40801711057450074
scarcity_mutable,13099,195,29,2.629612460199493,0.09124593371849164,0.5735093819433671,True,0.5039394692814037,0.34542356101421834,0.4791733277164095,0.42889924454985484
scarcity_mutable,13099,200,26,2.6420516016198743,0.09425238972591533,0.5607023034138091,True,0.5025097042952775,0.33885802427995393,0.47909302246978835,0.4290716495726674
scarcity_mutable,13099,205,23,2.707283006217703,0.09594485116436895,0.5614711121961368,True,0.4969568388032534,0.331991961957549,0.47530117685998513,0.4342225171663261
scarcity_mutable,13099,210,20,2.8093457816239207,0.09050763662024186,0.5516601409679505,True,0.503494704607125,0.34860062251378376,0.4935799753258774,0.43711918345090084
scarcity_mutable,13099,215,18,2.8797175351376927,0.09269971689457607,0.5104881252933314,True,0.506297372484851,0.3451554033562658,0.49577734533716394,0.4463571943082702
scarcity_mutable,13099,220,16,2.7547798251860054,0.09181298506363024,0.4825369839611524,True,0.5066742059715952,0.35976028074577016,0.49716600092577173,0.4428402851581619
scarcity_mutable,13099,225,15,2.3640803468650726,0.09233314777574156,0.4861617004979586,True,0.5052168685374372,0.3553128808825176,0.5016508967585543,0.4342624093829434
scarcity_mutable,13099,230,12,2.2939934642800166,0.09408133875689398,0.44597449186895927,True,0.5172389133980465,0.3639831846695609,0.4904191598816597,0.43613140124703964
scarcity_mutable,13099,235,9,2.4468801745955893,0.09058911639062436,0.33368539971716393,True,0.5020975484402774,0.3569740833542144,0.5104749941526646,0.4385991973205476
scarcity_mutable,13099,240,9,2.2691023968178103,0.09058911639062436,0.33368539971716393,True,0.5020975484402774,0.3569740833542144,0.5104749941526646,0.4385991973205476
scarcity_mutable,13099,245,8,2.3930651964200393,0.09207760414636804,0.32415304878624457,True,0.49740459375010554,0.35284171679029275,0.5166400898902754,0.4223267052223704
scarcity_mutable,13099,250,6,2.887548421893396,0.09705705255598689,0.364936229672398,True,0.5312137126409341,0.34148989188062034,0.4933868192887769,0.41034013388488616
scarcity_mutable,13099,255,5,2.803278906272088,0.09072172844999832,0.3114994257528387,True,0.5101594405043136,0.32700981856197264,0.4996428329855064,0.4462869268143823
scarcity_mutable,13099,259,5,2.800878906272087,0.09072172844999832,0.3114994257528387,True,0.5101594405043136,0.32700981856197264,0.4996428329855064,0.4462869268143823
scarcity_frozen,13099,0,72,7.01652811827049,0.09886869935444625,0.9999999999999998,False,0.45718012470562425,0.44712639148845323,0.44559194534503366,0.43749307011726113
scarcity_frozen,13099,5,79,7.138360362358352,0.09904030046502409,0.9929724521564699,False,0.45644198243817014,0.44849709663521004,0.4417831994388536,0.43047707645833255
scarcity_frozen,13099,10,87,6.830368678175211,0.0988574713407886,0.9883614319811516,False,0.45550680729108306,0.4419585243781103,0.4444574248056738,0.4288054604880975
scarcity_frozen,13099,15,91,6.39825023377425,0.09863705614640325,0.9857359293893847,False,0.4563662705191054,0.4386330186851152,0.443691995719497,0.42702734291166977
scarcity_frozen,13099,20,94,6.071297702469897,0.09911029813724143,0.9851777818637343,False,0.4606466264867981,0.4392883902845041,0.4465516186852959,0.4296049625032169
scarcity_frozen,13099,25,92,6.1302484366385865,0.10021937539035518,0.9679012945627171,False,0.46059524799833085,0.44062694874341973,0.4467497878347051,0.4273653453658331
scarcity_frozen,13099,30,94,5.922667307141788,0.10016273124034761,0.9666340075383122,False,0.4607042206851294,0.43830995323413846,0.4457905283240363,0.4294866926083899
scarcity_frozen,13099,35,94,5.764380188611609,0.0999074809275289,0.9618839799697517,False,0.45854689757399986,0.43824372205693984,0.44647031273770216,0.4283193373202028
scarcity_frozen,13099,40,94,5.553339782389073,0.10077659051136098,0.9584355432805362,False,0.46051469427462044,0.43711869127306247,0.44704325384207694,0.4291113085512018
scarcity_frozen,13099,45,94,5.352275952601838,0.10077659051136098,0.9584355432805362,False,0.46051469427462044,0.43711869127306247,0.44704325384207694,0.4291113085512018
scarcity_frozen,13099,50,95,5.1349362057323455,0.10140064568226007,0.9573036824027193,False,0.4604958404191129,0.4338368265401552,0.4466317936639586,0.42935927694066767
scarcity_frozen,13099,55,97,4.837631370529896,0.10107577838985787,0.9551858335518975,False,0.4608753094419513,0.43406130333361237,0.4454594100608432,0.42944915213965984
scarcity_frozen,13099,60,86,5.225664652462633,0.0980314316013265,0.9123955537475946,False,0.476471697812708,0.4207872292141001,0.4459604423068347,0.4249328600439179
scarcity_frozen,13099,65,83,5.223044165941748,0.09777736359201328,0.8994250192378332,False,0.4756482568674971,0.41860639067070243,0.445086113944642,0.42297379670730445
scarcity_frozen,13099,70,83,5.095396000454416,0.09710701067529898,0.8909022779720029,False,0.47838577625644996,0.41606103716597337,0.4473083919084472,0.4238391331783877
scarcity_frozen,13099,75,81,5.024495943636342,0.09684033065695712,0.8816842815156549,False,0.47940852030517245,0.41244359743051884,0.44788916948518404,0.4207513893638758
scarcity_frozen,13099,80,82,4.8313655052993125,0.0973616638207392,0.879917994787654,False,0.4824107450683564,0.4137114312737497,0.449271189837765,0.42288721852840244
scarcity_frozen,13099,85,77,5.016614118689193,0.09625095943724105,0.8622654447180702,False,0.48735062010917,0.4082654631874265,0.44604637828625066,0.425184728921122
scarcity_frozen,13099,90,74,5.060429601836418,0.0957274265686173,0.8407189856442183,False,0.490568295393292,0.40874874226256785,0.44750689960503515,0.4273520401344079
scarcity_frozen,13099,95,72,5.073198526843364,0.09672133918938074,0.8342120571550976,False,0.4906112847666761,0.4071308394400826,0.4475817096142543,0.42638315993543474
scarcity_frozen,13099,100,69,5.215800869846429,0.09586228869443096,0.8205986624073672,False,0.4977779095594417,0.3992359153559951,0.4493103281998053,0.43096403344149176
scarcity_frozen,13099,105,69,5.122228589285322,0.09586228869443096,0.8205986624073672,False,0.4977779095594417,0.3992359153559951,0.4493103281998053,0.43096403344149176
scarcity_frozen,13099,110,67,5.1700234725475696,0.09654245885552058,0.8086627004165018,False,0.4976252972387917,0.39728674860343643,0.44741635250500383,0.4303479356159095
scarcity_frozen,13099,115,66,5.14712988879829,0.09687545140651886,0.8025023788139657,False,0.497257355821438,0.39516315557203846,0.44755653487714336,0.43093135144381056
scarcity_frozen,13099,120,66,5.077713413666224,0.09709089820908312,0.7936381669593375,False,0.49762097573442315,0.3946675798926962,0.44789556891916765,0.43409782758989823
scarcity_frozen,13099,125,64,5.132873207843294,0.09736139628745398,0.7856948067784953,False,0.4978746953894784,0.39170795488195237,0.4473328102686639,0.43702867236185605
scarcity_frozen,13099,129,62,5.224062666160818,0.09736597482563962,0.7774747228265503,False,0.4953814227524499,0.3904196093862909,0.45152841910969643,0.4400693927492443
scarcity_frozen,13099,130,62,5.132127182289851,0.09736597482563962,0.7774747228265503,True,0.4953814227524499,0.3904196093862909,0.45152841910969643,0.4400693927492443
scarcity_frozen,13099,135,61,4.771690820698374,0.09700772019126004,0.7759117925383717,True,0.49359244840294764,0.3879072215697893,0.44944870895933875,0.439151506488445
scarcity_frozen,13099,140,59,4.4683922044508595,0.09732664930936055,0.7618347526424888,True,0.49480109732185146,0.38757471523015635,0.44904061999368217,0.43909952461356144
scarcity_frozen,13099,145,57,4.192339299343872,0.0976304516580698,0.7470480207410173,True,0.49677462533058164,0.3886832948796726,0.44815064405235105,0.44064471113129927
scarcity_frozen,13099,150,57,3.7427778958351,0.0976304516580698,0.7470480207410173,True,0.49677462533058164,0.3886832948796726,0.44815064405235105,0.44064471113129927
scarcity_frozen,13099,155,50,3.7967895212520157,0.0971490766314448,0.7219175791644491,True,0.5017811068051429,0.3800521549012262,0.4395286657748687,0.4369120430713583
scarcity_frozen,13099,160,47,3.620750443673203,0.09718044872429227,0.7115387709975581,True,0.5027465698068616,0.38302463763646183,0.44046820872012826,0.4327351455335281
scarcity_frozen,13099,165,44,3.4436577271471958,0.09720060223721257,0.7039115168874747,True,0.5014131243620367,0.3786962785952852,0.44004949379243713,0.42928780956192925
scarcity_frozen,13099,170,40,3.392973219105431,0.0980143286400045,0.687843483822929,True,0.49508066369646153,0.38080074230917765,0.43857883630789984,0.4351934881032987
scarcity_frozen,13099,175,35,3.4646578504062107,0.09666047110117623,0.6501838240982933,True,0.5058041421168167,0.38079310954677503,0.43935852410357074,0.4393817309175042
scarcity_frozen,13099,180,32,3.421291523881795,0.09583993776269156,0.6122470314315945,True,0.5124509614475832,0.3754796070115997,0.43406709051603176,0.4415444399056841
scarcity_frozen,13099,185,31,3.246177314974756,0.09651703060924277,0.6173040509331517,True,0.511932145123829,0.37383471437666554,0.4342017526799672,0.4373520533934018
scarcity_frozen,13099,190,30,2.9995537329100457,0.0957661976255023,0.6209802946545581,True,0.51370576402791,0.38211782013432527,0.4350766598719383,0.43684151165483315
scarcity_frozen,13099,195,30,2.6676537329100456,0.0957661976255023,0.6209802946545581,True,0.51370576402791,0.38211782013432527,0.4350766598719383,0.43684151165483315
scarcity_frozen,13099,200,27,2.644602275175112,0.09437557042471635,0.600987556445892,True,0.5145515511359398,0.370182922188728,0.42833025216821097,0.43413789446611933
scarcity_frozen,13099,205,26,2.405140824220309,0.09482591176186374,0.5981045782737605,True,0.5185896705973609,0.37430555749050626,0.4296845266077576,0.4327139906167646
scarcity_frozen,13099,210,23,2.4360037927009777,0.09427060446114416,0.6044556771813988,True,0.5234364554320444,0.38019456153601217,0.42324623995683736,0.4257125840863594
scarcity_frozen,13099,215,22,2.2582494196419316,0.09397198774801226,0.5882113130509223,True,0.5264546981740011,0.37767355255658314,0.41524438393489516,0.4252905381487979
scarcity_frozen,13099,220,20,2.195883661860999,0.09029401352577845,0.5686770858223774,True,0.5259385461877268,0.38199006742025343,0.4074515585682672,0.42038315395325443
scarcity_frozen,13099,225,14,2.606764341391797,0.08838535242940429,0.5388822322540581,True,0.5180220057270893,0.3913467069247951,0.425137520370961,0.41948875635617594
scarcity_frozen,13099,230,13,2.4069462138065543,0.08800925392866077,0.5155383552412507,True,0.5263652026954048,0.40121996096958745,0.4276004744964196,0.4155140918797785
scarcity_frozen,13099,235,11,2.426534252680479,0.08800675062191955,0.5017557351632711,True,0.5264241431762868,0.3907397054384845,0.4367791038473223,0.42609709027048337
scarcity_frozen,13099,240,9,2.963002308831703,0.08620399196224997,0.47775342139993937,True,0.5399146273759364,0.4038533822454364,0.4445823289615555,0.40365896238259064
scarcity_frozen,13099,245,9,2.8964467532761464,0.08620399196224997,0.47775342139993937,True,0.5399146273759364,0.4038533822454364,0.4445823289615555,0.40365896238259064
scarcity_frozen,13099,250,7,3.1240212542121983,0.08187772877280995,0.4086987501069862,True,0.5496591469105294,0.40467461328210863,0.4657204718327218,0.4209191802151252
scarcity_frozen,13099,255,6,2.9858754632475732,0.08193801421481997,0.364936229672398,True,0.5500565472843039,0.3952126652321684,0.4723236187178234,0.4457820689439777
scarcity_frozen,13099,259,5,2.6591673760373817,0.07442130924881141,0.3114994257528387,True,0.5465188728899052,0.35992941323047356,0.4581390802135429,0.421095094523081
stable_mutable,13121,0,72,6.895078844512903,0.10042030720796556,0.9999999999999998,False,0.4507098770319756,0.4964524650818602,0.4226487811600219,0.4303880368927253
stable_mutable,13121,5,75,7.1548912314132105,0.10043372738174647,0.9965791624790418,False,0.4521578267094775,0.4969142558794465,0.42297789412886433,0.42967448289381516
stable_mutable,13121,10,87,6.847549912137823,0.10070523234275196,0.9869551153988704,False,0.4609835669639303,0.49209143289255314,0.4226563378795166,0.4270566647191299
stable_mutable,13121,15,90,6.649853803955451,0.10300264791210588,0.9859869376037222,False,0.46437970463989103,0.4902084245121575,0.4200507321135662,0.43299504763076574
stable_mutable,13121,20,91,6.36672354237352,0.10306904070177732,0.9843914289206103,False,0.46642861321622403,0.4898338068936639,0.4190122958095929,0.4332397405971879
stable_mutable,13121,25,91,6.093921344571323,0.10306904070177732,0.9843914289206103,False,0.46642861321622403,0.4898338068936639,0.4190122958095929,0.4332397405971879
stable_mutable,13121,30,93,5.692224111354734,0.10403198206461658,0.9813859369123311,False,0.4681971159669684,0.487469006505378,0.41854804873457646,0.43308098282996943
stable_mutable,13121,35,93,5.412923036085916,0.10403198206461658,0.9813859369123311,False,0.4681971159669684,0.487469006505378,0.41854804873457646,0.43308098282996943
stable_mutable,13121,40,93,5.133621960817098,0.10403198206461658,0.9813859369123311,False,0.4681971159669684,0.487469006505378,0.41854804873457646,0.43308098282996943
stable_mutable,13121,45,93,4.854320885548279,0.10403198206461658,0.9813859369123311,False,0.4681971159669684,0.487469006505378,0.41854804873457646,0.43308098282996943
stable_mutable,13121,50,93,4.620181100602043,0.10403198206461658,0.9813859369123311,False,0.4681971159669684,0.487469006505378,0.41854804873457646,0.43308098282996943
stable_mutable,13121,55,93,4.340880025333224,0.10403198206461658,0.9813859369123311,False,0.4681971159669684,0.487469006505378,0.41854804873457646,0.43308098282996943
stable_mutable,13121,60,90,4.191353803955443,0.10210913217832697,0.9711035178888989,False,0.4712160046603983,0.4867377985521246,0.42218736960078,0.43735135331965225
stable_mutable,13121,65,89,3.967043172539211,0.10080633746688522,0.9550968760113775,False,0.47632434219755243,0.48026933517999587,0.41767652675802475,0.4412478623243033
stable_mutable,13121,70,80,4.129480529449873,0.10047106139305628,0.9235929620365987,False,0.4832177652317206,0.47686503562008004,0.4158171322161254,0.4473481781789096
stable_mutable,13121,75,77,4.060047303324544,0.10189887665469047,0.9165177986134081,False,0.48883726210092127,0.4739264194203691,0.4128048751967635,0.45056828402295585
stable_mutable,13121,80,69,4.354985041278672,0.100674489005816,0.879367962512911,False,0.4959348556826591,0.4651445079667363,0.4167564398017613,0.45645350620074393
stable_mutable,13121,85,67,4.444462206689977,0.10082736335257302,0.8625220902051263,False,0.49896863864958957,0.4620291059824778,0.4211997265119531,0.45788958874362223
stable_mutable,13121,90,66,4.432332846185278,0.10003992409740392,0.852266410132929,False,0.5004033162367728,0.46236439600369583,0.42248338694927323,0.45461620551862475
stable_mutable,13121,95,63,4.64363441028934,0.09998334456236428,0.8301773937185001,False,0.5058201504227741,0.4600337003490854,0.4216908821827414,0.456389773369338
stable_mutable,13121,100,61,4.703239997511941,0.09946886080422088,0.8307233908095686,False,0.5088613830384321,0.4604509677016614,0.42438928911139234,0.4624930648195772
stable_mutable,13121,105,61,4.631896350008556,0.09848327268950496,0.8287176606020529,False,0.5049703537521371,0.4567494648039242,0.428264315361015,0.4613994662947849
stable_mutable,13121,110,59,4.710304904246134,0.10036911433282826,0.8065147521251853,False,0.509224531988476,0.4536152553811928,0.4185648432920487,0.4708105100130813
stable_mutable,13121,115,58,4.726213609491757,0.10080582858345177,0.8055732924564571,False,0.5081808613769833,0.451845372389932,0.4176933621988878,0.4703976938821813
stable_mutable,13121,120,57,4.769020865798629,0.10144681123671585,0.7989826350965497,False,0.5097570070324421,0.45167936137418185,0.4169720918254987,0.47088629151121036
stable_mutable,13121,125,56,4.814072987896466,0.10085647250773483,0.7922298549469338,False,0.5127969977312695,0.450326816552926,0.41418786900397553,0.46955803430780224
stable_mutable,13121,129,56,4.786215845039322,0.10085647250773483,0.7922298549469338,False,0.5127969977312695,0.450326816552926,0.41418786900397553,0.46955803430780224
stable_mutable,13121,130,55,4.866419769494583,0.10035993888988197,0.7853074410472678,False,0.5145865831882155,0.4474317810464656,0.41162201511591484,0.4698420999166697
stable_mutable,13121,135,54,4.937001617077816,0.10120022483889875,0.7699388089066248,False,0.5172748206076391,0.4422437656976435,0.41300180554846144,0.46538787196089937
stable_mutable,13121,140,52,5.125223371580808,0.10122793272672029,0.76108653087582,False,0.5193164541400916,0.4418540639173108,0.413440150525201,0.4689834671614262
stable_mutable,13121,145,52,5.128038756196194,0.10092286835792845,0.750971981742858,False,0.5225261799161627,0.441864540384518,0.4149516100273229,0.4678544572682144
stable_mutable,13121,150,51,5.246255202396116,0.101373928404144,0.7493965594810378,False,0.5215883486100109,0.4402147328056178,0.41332477647707627,0.4665668190701819
stable_mutable,13121,155,51,5.264392457298079,0.101373928404144,0.7493965594810378,False,0.5215883486100109,0.4402147328056178,0.41332477647707627,0.4665668190701819
stable_mutable,13121,160,51,5.281549320043175,0.101373928404144,0.7493965594810378,False,0.5215883486100109,0.4402147328056178,0.41332477647707627,0.4665668190701819
stable_mutable,13121,165,50,5.4026563064440385,0.1013310063918551,0.7478498230673486,False,0.5231902724485958,0.44143767471464107,0.41090647705986577,0.46372842762915034
stable_mutable,13121,170,50,5.443136306444038,0.10205367450092978,0.7438137529447929,False,0.5225099886194834,0.4411142383240203,0.4062589991436555,0.4646792960216714
stable_mutable,13121,175,50,5.471764306444037,0.09993862301057288,0.737330691969068,False,0.526136634707321,0.4416086457926333,0.4073184052949528,0.4704352948631194
stable_mutable,13121,180,48,5.715835485879206,0.0984426935905871,0.7406530604442072,False,0.5309934432492036,0.4398253824370864,0.4059522642197623,0.47923291506993265
stable_mutable,13121,185,49,5.668675578004119,0.09818549401953756,0.742216961609247,False,0.5300880942674621,0.4399069839676512,0.40938820421419514,0.4796759821348113
stable_mutable,13121,190,49,5.71102251677963,0.09818549401953756,0.742216961609247,False,0.5300880942674621,0.4399069839676512,0.40938820421419514,0.4796759821348113
stable_mutable,13121,195,51,5.526558888670623,0.09784304040699565,0.7390836858552725,False,0.5316830917300085,0.43168060855374596,0.4081407266531274,0.4717604934979946
stable_mutable,13121,200,50,5.660170066444035,0.09828496492464434,0.730847630993343,False,0.5297489001843094,0.42998610533478904,0.4075844916680804,0.4712618528734626
stable_mutable,13121,205,50,5.690170066444035,0.09828496492464434,0.730847630993343,False,0.5297489001843094,0.42998610533478904,0.4075844916680804,0.4712618528734626
stable_mutable,13121,210,51,5.605754967101994,0.09756671540923628,0.732727743722209,False,0.5286675017900679,0.43124554469238163,0.4069503384146781,0.47180189530902594
stable_mutable,13121,215,52,5.4857404485038765,0.09878118377372724,0.7296067021790216,False,0.5302088271185481,0.4301674544827492,0.4077791259996203,0.46574991226492085
stable_mutable,13121,220,49,5.654130148633053,0.09800472714909703,0.7145497448207487,False,0.5334987320928528,0.4286366591013004,0.4144787941786646,0.46118615746410935
stable_mutable,13121,225,45,5.834741717400439,0.0968391165938275,0.6844664701420731,False,0.5429579970463858,0.4295901392625841,0.41807442471862977,0.4641269087094425
stable_mutable,13121,230,40,5.823770832075498,0.0969077840741264,0.6393251936968821,False,0.5538166296310372,0.428491561657406,0.4071689772509338,0.4696116336236315
stable_mutable,13121,235,34,5.986206861265298,0.10134124469910151,0.5845959141280742,False,0.5603338383416313,0.4225235144857222,0.3980766671201003,0.46067577961257233
stable_mutable,13121,240,29,6.558923142083078,0.10493489504860928,0.5799099908339013,False,0.5538324918847389,0.42176923637507796,0.4006532995740375,0.455697102990412
stable_mutable,13121,245,32,6.257149097512789,0.10272071925101478,0.5818576831078842,False,0.5561424544107468,0.4212983479546448,0.4004521522732355,0.4564030518817722
stable_mutable,13121,250,27,6.637057952607755,0.10296558329308786,0.5620278116374453,False,0.5554660016233184,0.4106817429154984,0.3913388327366833,0.4556510029115721
stable_mutable,13121,255,26,6.744062085791053,0.1009123546310346,0.5654080550545192,False,0.5445887015663317,0.41814706256029877,0.3980242676093431,0.44574633252482665
stable_mutable,13121,259,25,7.243472569222696,0.10111034808662381,0.5483802783357514,False,0.5471219266999168,0.41906326170903396,0.39414636881774645,0.43908134191149467
scarcity_mutable,13121,0,72,6.895078844512903,0.10042030720796556,0.9999999999999998,False,0.4507098770319756,0.4964524650818602,0.4226487811600219,0.4303880368927253
scarcity_mutable,13121,5,75,7.1548912314132105,0.10043372738174647,0.9965791624790418,False,0.4521578267094775,0.4969142558794465,0.42297789412886433,0.42967448289381516
scarcity_mutable,13121,10,87,6.847549912137823,0.10070523234275196,0.9869551153988704,False,0.4609835669639303,0.49209143289255314,0.4226563378795166,0.4270566647191299
scarcity_mutable,13121,15,90,6.649853803955451,0.10300264791210588,0.9859869376037222,False,0.46437970463989103,0.4902084245121575,0.4200507321135662,0.43299504763076574
scarcity_mutable,13121,20,91,6.36672354237352,0.10306904070177732,0.9843914289206103,False,0.46642861321622403,0.4898338068936639,0.4190122958095929,0.4332397405971879
scarcity_mutable,13121,25,91,6.093921344571323,0.10306904070177732,0.9843914289206103,False,0.46642861321622403,0.4898338068936639,0.4190122958095929,0.4332397405971879
scarcity_mutable,13121,30,93,5.692224111354734,0.10403198206461658,0.9813859369123311,False,0.4681971159669684,0.487469006505378,0.41854804873457646,0.43308098282996943
scarcity_mutable,13121,35,93,5.412923036085916,0.10403198206461658,0.9813859369123311,False,0.4681971159669684,0.487469006505378,0.41854804873457646,0.43308098282996943
scarcity_mutable,13121,40,93,5.133621960817098,0.10403198206461658,0.9813859369123311,False,0.4681971159669684,0.487469006505378,0.41854804873457646,0.43308098282996943
scarcity_mutable,13121,45,93,4.854320885548279,0.10403198206461658,0.9813859369123311,False,0.4681971159669684,0.487469006505378,0.41854804873457646,0.43308098282996943
scarcity_mutable,13121,50,93,4.620181100602043,0.10403198206461658,0.9813859369123311,False,0.4681971159669684,0.487469006505378,0.41854804873457646,0.43308098282996943
scarcity_mutable,13121,55,93,4.340880025333224,0.10403198206461658,0.9813859369123311,False,0.4681971159669684,0.487469006505378,0.41854804873457646,0.43308098282996943
scarcity_mutable,13121,60,90,4.191353803955443,0.10210913217832697,0.9711035178888989,False,0.4712160046603983,0.4867377985521246,0.42218736960078,0.43735135331965225
scarcity_mutable,13121,65,89,3.967043172539211,0.10080633746688522,0.9550968760113775,False,0.47632434219755243,0.48026933517999587,0.41767652675802475,0.4412478623243033
scarcity_mutable,13121,70,80,4.129480529449873,0.10047106139305628,0.9235929620365987,False,0.4832177652317206,0.47686503562008004,0.4158171322161254,0.4473481781789096
scarcity_mutable,13121,75,77,4.060047303324544,0.10189887665469047,0.9165177986134081,False,0.48883726210092127,0.4739264194203691,0.4128048751967635,0.45056828402295585
scarcity_mutable,13121,80,69,4.354985041278672,0.100674489005816,0.879367962512911,False,0.4959348556826591,0.4651445079667363,0.4167564398017613,0.45645350620074393
scarcity_mutable,13121,85,67,4.444462206689977,0.10082736335257302,0.8625220902051263,False,0.49896863864958957,0.4620291059824778,0.4211997265119531,0.45788958874362223
scarcity_mutable,13121,90,66,4.432332846185278,0.10003992409740392,0.852266410132929,False,0.5004033162367728,0.46236439600369583,0.42248338694927323,0.45461620551862475
scarcity_mutable,13121,95,63,4.64363441028934,0.09998334456236428,0.8301773937185001,False,0.5058201504227741,0.4600337003490854,0.4216908821827414,0.456389773369338
scarcity_mutable,13121,100,61,4.703239997511941,0.09946886080422088,0.8307233908095686,False,0.5088613830384321,0.4604509677016614,0.42438928911139234,0.4624930648195772
scarcity_mutable,13121,105,61,4.631896350008556,0.09848327268950496,0.8287176606020529,False,0.5049703537521371,0.4567494648039242,0.428264315361015,0.4613994662947849
scarcity_mutable,13121,110,59,4.710304904246134,0.10036911433282826,0.8065147521251853,False,0.509224531988476,0.4536152553811928,0.4185648432920487,0.4708105100130813
scarcity_mutable,13121,115,58,4.726213609491757,0.10080582858345177,0.8055732924564571,False,0.5081808613769833,0.451845372389932,0.4176933621988878,0.4703976938821813
scarcity_mutable,13121,120,57,4.769020865798629,0.10144681123671585,0.7989826350965497,False,0.5097570070324421,0.45167936137418185,0.4169720918254987,0.47088629151121036
scarcity_mutable,13121,125,56,4.814072987896466,0.10085647250773483,0.7922298549469338,False,0.5127969977312695,0.450326816552926,0.41418786900397553,0.46955803430780224
scarcity_mutable,13121,129,56,4.786215845039322,0.10085647250773483,0.7922298549469338,False,0.5127969977312695,0.450326816552926,0.41418786900397553,0.46955803430780224
scarcity_mutable,13121,130,55,4.785019769494583,0.10035993888988197,0.7853074410472678,True,0.5145865831882155,0.4474317810464656,0.41162201511591484,0.4698420999166697
scarcity_mutable,13121,135,53,4.52930353438117,0.10082452442172653,0.7709210880061135,True,0.5176409499469207,0.44310341586575186,0.41237368914508077,0.470279772233801
scarcity_mutable,13121,140,51,4.277580692592197,0.10076588047980989,0.7621084437471649,True,0.5197369735227264,0.4427397846453384,0.4127959971055454,0.4741377085273931
scarcity_mutable,13121,145,45,4.417005006289336,0.10016761731765698,0.7320783615013987,True,0.5276772758210384,0.4410743397337963,0.41949972276158387,0.478188821973087
scarcity_mutable,13121,150,45,4.0228958507337795,0.09952694484812057,0.7320783615013987,True,0.5288314981028802,0.4397072443051701,0.41895563178562,0.4791409594570056
scarcity_mutable,13121,155,43,3.7971328670469786,0.09855374521772624,0.7140981658948401,True,0.5319755675610307,0.440789639099788,0.42107805801892506,0.4849706025335227
scarcity_mutable,13121,160,41,3.5985686166590267,0.09973475176540401,0.6948945170097702,True,0.5304495782644104,0.4388657172203909,0.41994069986981447,0.48836025366302366
scarcity_mutable,13121,165,36,3.7030642578616715,0.09772745964211911,0.6708072020429252,True,0.5430419387180723,0.4362094781521951,0.40361376903839447,0.4900218663991009
scarcity_mutable,13121,170,34,3.5664974495005946,0.0993914246709086,0.6571455658914831,True,0.5429048886403242,0.43152957815648657,0.4005632009010599,0.4866786480356481
scarcity_mutable,13121,175,34,3.2228209789123583,0.0993914246709086,0.6571455658914831,True,0.5429048886403242,0.43152957815648657,0.4005632009010599,0.4866786480356481
scarcity_mutable,13121,180,31,3.1898689183323343,0.09852209586984886,0.6551834913359424,True,0.5350897222227705,0.43570834421158805,0.403993551522638,0.48309889870299333
scarcity_mutable,13121,185,29,3.0798047058035305,0.09865626376939825,0.6293978386306507,True,0.5431493509630859,0.43694463996245647,0.3994905683849426,0.49021250456835097
scarcity_mutable,13121,190,28,2.8588225881536564,0.09736815336474341,0.6271277625266115,True,0.5506827395182359,0.43764747730198045,0.3970635667947898,0.49258550756868086
scarcity_mutable,13121,195,25,2.872090332227657,0.09705157425687962,0.6034229246803235,True,0.5522315988875066,0.4376320199305158,0.3914531664868038,0.4848579712022968
scarcity_mutable,13121,200,25,2.583090332227656,0.09705157425687962,0.6034229246803235,True,0.5522315988875066,0.4376320199305158,0.3914531664868038,0.4848579712022968
scarcity_mutable,13121,205,22,2.6317728320768854,0.0976085536923164,0.5937726558990343,True,0.551553579928192,0.4304150921533332,0.39516906362498,0.48625641103392603
scarcity_mutable,13121,210,22,2.5247728320768847,0.0976085536923164,0.5937726558990343,True,0.551553579928192,0.4304150921533332,0.39516906362498,0.48625641103392603
scarcity_mutable,13121,215,19,2.6661404113604994,0.0945985187961459,0.5796857569699111,True,0.5507822524962575,0.4393488271010986,0.40006582542487934,0.4599548023873635
scarcity_mutable,13121,220,19,2.535193042939446,0.0945985187961459,0.5796857569699111,True,0.5507822524962575,0.4393488271010986,0.40006582542487934,0.4599548023873635
scarcity_mutable,13121,225,16,2.2455792384905973,0.0888634188053693,0.5191018578614937,True,0.5617977560132931,0.43193574518972594,0.4046424188670855,0.46693706107414995
scarcity_mutable,13121,230,15,1.9751549210566381,0.08931120867880735,0.517007596481092,True,0.5590166212111554,0.4266953387231968,0.3985054077031173,0.4607624098991987
scarcity_mutable,13121,235,12,1.8432977579874734,0.09384250026611579,0.5,True,0.5524798896472458,0.42522249345979996,0.38862423091817183,0.4611042521197643
scarcity_mutable,13121,240,9,1.2217232328721996,0.10220655628014375,0.4417364159792455,True,0.5449665388622865,0.41080442930184113,0.3853041652888727,0.4671707290048861
scarcity_mutable,13121,245,8,1.2658386369812276,0.09862956882014079,0.4051913109828057,True,0.5370975306606242,0.39258232787124436,0.37176350750722154,0.4552480914751853
scarcity_mutable,13121,250,6,1.1776901826416504,0.10054469104956022,0.364936229672398,True,0.5330999444603771,0.3910789198485844,0.34639967595306914,0.5022766428884912
scarcity_mutable,13121,255,5,1.1170010191699875,0.10479560769837465,0.3114994257528387,True,0.5131844702775797,0.3796449505450091,0.3556254705655243,0.5085233081119013
scarcity_mutable,13121,259,4,1.255493273962489,0.09539115605817755,0.2431147865896834,True,0.5049737137831429,0.3646200016499789,0.34492820191103885,0.5769989601215479
scarcity_frozen,13121,0,72,6.895078844512903,0.10042030720796556,0.9999999999999998,False,0.4507098770319756,0.4964524650818602,0.4226487811600219,0.4303880368927253
scarcity_frozen,13121,5,74,7.237389761567442,0.10055799277318246,0.9976457266718767,False,0.4499139137483227,0.49469336602579383,0.42211938095707835,0.42680788820380017
scarcity_frozen,13121,10,87,6.662549912137822,0.10021062634500727,0.9883614319811516,False,0.4551584154195691,0.49450201271763744,0.41960056961618014,0.4223201078356277
scarcity_frozen,13121,15,89,6.590470138831355,0.10194154150661057,0.986272778937668,False,0.4597388806062826,0.4912961005643802,0.41792229059050845,0.42540140913212116
scarcity_frozen,13121,20,93,6.2702348640429095,0.10202782553789025,0.9818471796993111,False,0.4633217803255722,0.4890041587954052,0.4160736675842025,0.42496708861609295
scarcity_frozen,13121,25,94,5.970125982510535,0.10222796395805327,0.9817293451745189,False,0.46308955028679766,0.4878346213332674,0.4173307535390259,0.42691942162147234
scarcity_frozen,13121,30,94,5.687679173999897,0.10222796395805327,0.9817293451745189,False,0.46308955028679766,0.4878346213332674,0.4173307535390259,0.42691942162147234
scarcity_frozen,13121,35,95,5.3680193932209495,0.10344588615668052,0.9803522863820285,False,0.46514074141854667,0.4854888276572378,0.416871138898848,0.4292432518539938
scarcity_frozen,13121,40,96,5.094550441208231,0.10391901055421215,0.9782019102602947,False,0.46471404527937216,0.48461314819963247,0.41614660801261166,0.42636881633236334
scarcity_frozen,13121,45,96,4.834654607874895,0.10391901055421215,0.9782019102602947,False,0.46471404527937216,0.48461314819963247,0.41614660801261166,0.42636881633236334
scarcity_frozen,13121,50,97,4.525225178927731,0.10356009204588529,0.9769400955577227,False,0.4656711232000425,0.48417122932832585,0.4160564901536954,0.4270042433525475
scarcity_frozen,13121,55,97,4.25641074593804,0.10356009204588529,0.9769400955577227,False,0.4656711232000425,0.48417122932832585,0.4160564901536954,0.4270042433525475
scarcity_frozen,13121,60,92,4.180486607045961,0.10207795649431417,0.953807683745924,False,0.4721738687166881,0.4746307717520585,0.4172945179387969,0.4379695480440018
scarcity_frozen,13121,65,87,4.175250205152051,0.10115342687608493,0.9422443500490434,False,0.47521475466223984,0.47293387478805404,0.4222310038218641,0.4422208773902161
scarcity_frozen,13121,70,82,4.168014242051566,0.10089804991314472,0.930090715943434,False,0.47746787914433575,0.4689086229116266,0.4249505486484205,0.44542186767641123
scarcity_frozen,13121,75,75,4.317428904643045,0.10000366631227185,0.8998629409329639,False,0.486006554104395,0.46571716299610044,0.4265412991729661,0.4472988712060321
scarcity_frozen,13121,80,70,4.4169081121175475,0.09951915965949287,0.8851576074833442,False,0.49038905319479337,0.464591537041779,0.4231258917473085,0.45668327949563486
scarcity_frozen,13121,85,66,4.567005573458007,0.09925138261679814,0.8688544205725834,False,0.49388606152127085,0.4584211937178448,0.4184319043106006,0.4602877580807845
scarcity_frozen,13121,90,63,4.712389965844897,0.09935031764410783,0.8475553094171858,False,0.5029325809591186,0.45743907267160483,0.41515249846987756,0.46811749036476086
scarcity_frozen,13121,95,61,4.760163407348006,0.09827271921376861,0.8360373752159004,False,0.5086601220986687,0.4557510860868159,0.41801264601494514,0.47224046653344437
scarcity_frozen,13121,100,57,4.992059085056639,0.09885271000604105,0.8227667337392937,False,0.5151435261947389,0.4560438705779889,0.4126034637565269,0.47498392891184377
scarcity_frozen,13121,105,56,4.992879746784083,0.09816067143045773,0.8164386696368696,False,0.5182797047357504,0.45476926342108676,0.4097412297194863,0.47372884380487557
scarcity_frozen,13121,110,55,5.008361196725611,0.0980070155883171,0.8099564160042935,False,0.5211403810513997,0.4549503317301477,0.4107990043572433,0.4760999307810099
scarcity_frozen,13121,115,53,5.12529939208918,0.09605816655781277,0.8110408854187051,False,0.5228712987229867,0.4532567936336059,0.4148136147480963,0.4818678681865688
scarcity_frozen,13121,120,51,5.2822719172691475,0.09601873433694255,0.7974456244154222,False,0.5234226112050847,0.44956850748501237,0.4157567707453609,0.48276927022726535
scarcity_frozen,13121,125,49,5.494915668994419,0.09694285925747044,0.783114915082898,False,0.5245728603937395,0.44932398082103214,0.41432790045606255,0.4856479325953064
scarcity_frozen,13121,129,49,5.4838952608311535,0.09694285925747044,0.783114915082898,False,0.5245728603937395,0.44932398082103214,0.41432790045606255,0.4856479325953064
scarcity_frozen,13121,130,49,5.398078934300542,0.09694285925747044,0.783114915082898,True,0.5245728603937395,0.44932398082103214,0.41432790045606255,0.4856479325953064
scarcity_frozen,13121,135,48,5.069709745431802,0.09752297788970381,0.7756498660988458,True,0.5267860333391124,0.44907431374881007,0.41340127810135424,0.48654585558630187
scarcity_frozen,13121,140,44,5.099636995016511,0.09753045094831807,0.7641911945643245,True,0.5295427442220845,0.4504255206041383,0.41182048318450787,0.48706380131470833
scarcity_frozen,13121,145,42,4.923353042398252,0.09826454542534063,0.7475681062313558,True,0.5313193157094899,0.44573472295191957,0.408856052580621,0.4852150838493892
scarcity_frozen,13121,150,42,4.518591137636344,0.09826454542534063,0.7475681062313558,True,0.5313193157094899,0.44573472295191957,0.408856052580621,0.4852150838493892
scarcity_frozen,13121,155,41,4.215727506846987,0.09754173284835095,0.7467566941528766,True,0.5296868675519987,0.4423715830710111,0.4091140445041411,0.49013507238390347
scarcity_frozen,13121,160,39,4.01511353283914,0.09905396060574567,0.7288282043592454,True,0.5300741239869251,0.43759726717326186,0.40671386639613905,0.4893327283148642
scarcity_frozen,13121,165,38,3.751605994229644,0.10019154863111476,0.7279213193916114,True,0.5300652547228129,0.43674010108182415,0.4061305752478204,0.48776994716204464
scarcity_frozen,13121,170,36,3.6594007716868475,0.10132257349365784,0.7174696095824433,True,0.5325160101878593,0.43741351736408257,0.40194008839020356,0.48272369969205364
scarcity_frozen,13121,175,33,3.632225084264441,0.10010537743824166,0.6861736490535219,True,0.5399520452533426,0.4333364465700583,0.3883517689239919,0.47874712771765626
scarcity_frozen,13121,180,30,3.6272137763628183,0.0995212090248049,0.6682790192480059,True,0.5392957359086368,0.4342208106105317,0.3909052510712101,0.4687232885994306
scarcity_frozen,13121,185,30,3.4607804430294844,0.0995212090248049,0.6682790192480059,True,0.5392957359086368,0.4342208106105317,0.3909052510712101,0.4687232885994306
scarcity_frozen,13121,190,30,3.3490532430294846,0.10326874893497086,0.6682790192480059,True,0.5348499795244167,0.4328766966786726,0.3889022843419575,0.45756636208233853
scarcity_frozen,13121,195,27,3.5777728181809123,0.10611664597584455,0.6490102303401503,True,0.533971330869163,0.42821706081223115,0.3855949729610717,0.45614163488300713
scarcity_frozen,13121,200,27,3.2569950404031336,0.10611664597584455,0.6490102303401503,True,0.533971330869163,0.42821706081223115,0.3855949729610717,0.45614163488300713
scarcity_frozen,13121,205,24,3.4376194204535295,0.10365475855401127,0.6197700774952944,True,0.5485985401356445,0.4311910271254438,0.3783812786298169,0.45444399596726726
scarcity_frozen,13121,210,23,3.3727854822123806,0.10719110677160283,0.5956816116975822,True,0.5406409818070536,0.4228103380428571,0.3749036218052925,0.44732402407684113
scarcity_frozen,13121,215,22,3.2770799786765803,0.10538285690643633,0.6029455425412061,True,0.5459347577047474,0.4237824625117543,0.376157596713708,0.4606888687268127
scarcity_frozen,13121,220,21,3.050474263375466,0.10618885975316675,0.601797879025202,True,0.5464850503109183,0.42235463161171777,0.3806864241570662,0.45336860175013927
scarcity_frozen,13121,225,18,3.129164418382494,0.10882249240426786,0.5474043445085972,True,0.5567072775765746,0.4276037942148936,0.3681033029025745,0.45585510307672167
scarcity_frozen,13121,230,16,3.02955997068031,0.10823740835306919,0.503808165029186,True,0.5655336191965205,0.4295510381752243,0.3610417458297724,0.44578609482343323
scarcity_frozen,13121,235,13,3.0525023639142383,0.11443280019686558,0.45625715214656226,True,0.56173671424169,0.42183348810537546,0.36704066343319197,0.4493651962195359
scarcity_frozen,13121,240,10,2.5229565033556276,0.10569086484485027,0.39651038612286593,True,0.5526783631097112,0.4105374998717446,0.33715820136356506,0.4293265837267848
scarcity_frozen,13121,245,9,2.6717536030609157,0.10173864337036224,0.3921250169298338,True,0.5409812136993506,0.42671008628966534,0.3331016278792802,0.405064727061871
scarcity_frozen,13121,250,8,2.8239274912302244,0.09769006371332387,0.3493784870522176,True,0.5428083387304061,0.4052695242196372,0.3420508958417993,0.3940476007833642
scarcity_frozen,13121,255,7,3.3302371328345464,0.10040402605152281,0.3449126656148855,True,0.526063026455652,0.40049465315316685,0.3457486033584209,0.38302686698839317
scarcity_frozen,13121,259,5,3.45176718596838,0.10529791679736791,0.22219890746389762,True,0.49297301139029714,0.3846043865408687,0.33933362091715347,0.3443980188560727
stable_mutable,13139,0,72,7.03883779604178,0.0956072923329524,0.9999999999999998,False,0.4697084564656311,0.45418543768766867,0.4221303357538906,0.4508230751911968
stable_mutable,13139,5,83,7.021938988869017,0.09606525150704474,0.9902841912915913,False,0.4732733264918565,0.4528716608737926,0.416567287665195,0.44552009784782204
stable_mutable,13139,10,85,7.327977477889719,0.09667981323931428,0.9892354577680827,False,0.4771125746124171,0.4520250957275019,0.41531872149020155,0.4451285274670473
stable_mutable,13139,15,88,7.241501289848561,0.09672254361654158,0.983814301206554,False,0.4794434071505762,0.45245421901022653,0.4168425394140074,0.44489234297555685
stable_mutable,13139,20,95,6.644184046326665,0.09700941083200143,0.9729061019076715,False,0.4871552266114773,0.4497870127527905,0.41590466761710787,0.44394325515937466
stable_mutable,13139,25,96,6.453535963416087,0.09666697380574976,0.9716609356603507,False,0.48798238427853474,0.4490353267358884,0.41554274423593185,0.44389669335028864
stable_mutable,13139,30,95,6.254696261740564,0.09672041969018988,0.9682060746293063,False,0.4883762415665934,0.4507406014797668,0.4150442077346231,0.44369541593533335
stable_mutable,13139,35,96,5.954474130740111,0.09625398322488139,0.966182221546663,False,0.48890590496604874,0.4508575153238807,0.41527256978241006,0.4437944811595868
stable_mutable,13139,40,97,5.654941078356876,0.09584369192265127,0.9663056566520511,False,0.4888386512043441,0.450551685008436,0.41475777422166465,0.4432533820974436
stable_mutable,13139,45,96,5.463924300090274,0.09596099706826927,0.962805627288473,False,0.4870638263499035,0.4507685132998777,0.4151580557642514,0.44284152794554776
stable_mutable,13139,50,96,5.1643907880293245,0.09596099706826927,0.962805627288473,False,0.4870638263499035,0.4507685132998777,0.4151580557642514,0.44284152794554776
stable_mutable,13139,55,96,4.864504972128963,0.09596099706826927,0.962805627288473,False,0.4870638263499035,0.4507685132998777,0.4151580557642514,0.44284152794554776
stable_mutable,13139,60,94,4.652447386924678,0.0948737294887466,0.9528848000120423,False,0.49255557202139916,0.4482930601203164,0.4171140103407122,0.4417861409172189
stable_mutable,13139,65,95,4.298374992850523,0.0945075867059428,0.949857497928362,False,0.4935998217509511,0.44818654594823665,0.4174421055201632,0.4419715745658619
stable_mutable,13139,70,91,4.158164862191242,0.09401717586533143,0.9418698459595437,False,0.4974526122166215,0.45004185759081555,0.420465424018267,0.44052908933703966
stable_mutable,13139,75,88,4.021454573402307,0.09384842675507055,0.9301827824206758,False,0.5019018944897039,0.45057495535456765,0.41947869905385265,0.4378543353857587
stable_mutable,13139,80,82,4.045938657665584,0.09001030318974967,0.909081664106705,False,0.512292346438966,0.4487660174112997,0.4272019419388658,0.4408530166193555
stable_mutable,13139,85,80,3.8920875199307106,0.089769009003821,0.900274657920997,False,0.5137178633099999,0.4480729712398901,0.4266912845957898,0.44128425900557816
stable_mutable,13139,90,74,3.955950606367971,0.09041671065423272,0.8823760472783236,False,0.5197232683225247,0.4489688421808165,0.4242845613179692,0.44289045508562347
stable_mutable,13139,95,69,4.028031544016069,0.09221216122861986,0.8664258584130645,False,0.5202149186179615,0.448327387051985,0.4267704454297163,0.445343267300961
stable_mutable,13139,100,66,4.0191066952746395,0.09132424817089631,0.8571778199630236,False,0.5242815166220148,0.4452181281094644,0.42561889029866473,0.447598612095199
stable_mutable,13139,105,60,4.263025489288352,0.09046418119707139,0.8226440696453449,False,0.526405280470699,0.4426519017487695,0.4250086520544113,0.44935411123490415
stable_mutable,13139,110,59,4.191210279358306,0.09233328170190806,0.8281459327890341,False,0.5300983449900728,0.4397744546744218,0.42681481364285145,0.45109174304531163
stable_mutable,13139,115,59,4.064335963645998,0.09233328170190806,0.8281459327890341,False,0.5300983449900728,0.4397744546744218,0.42681481364285145,0.45109174304531163
stable_mutable,13139,120,55,4.2393763595452985,0.0939253209017868,0.8180746449396519,False,0.531648476076204,0.4415739480059773,0.4264150879539211,0.45353545623014174
stable_mutable,13139,125,53,4.322502915626177,0.09435422704708454,0.8049247901585872,False,0.5305016508580923,0.444957256353727,0.4292649199306435,0.4542927076833342
stable_mutable,13139,129,53,4.2642598708697985,0.09542443421031259,0.793886337660371,False,0.5329057017558496,0.44134080427845523,0.42512694667668943,0.45203328593647485
stable_mutable,13139,130,52,4.335972437617295,0.09610106169470829,0.7954328840638742,False,0.5332850956193561,0.44026618226855807,0.4265038542959806,0.4521104814397564
stable_mutable,13139,135,51,4.384520916786261,0.09509243976932025,0.7883733020674419,False,0.5350342952911514,0.43946279654248765,0.42443710284742814,0.4475681275815095
stable_mutable,13139,140,49,4.543838995022435,0.09366151869132784,0.7844061011067149,False,0.5304426206369023,0.434548917070224,0.42085748389285405,0.44430257776169224
stable_mutable,13139,145,48,4.626314807418736,0.09330586321604499,0.7769679518314923,False,0.5335352456992354,0.43372078847651085,0.41846818971540917,0.4465472073404267
stable_mutable,13139,150,47,4.703661773323647,0.0930400922107572,0.7693169397836946,False,0.5355481171439405,0.4333625492190665,0.41721330021805814,0.4502663455958554
stable_mutable,13139,155,45,4.933127210384833,0.09279722689285365,0.7533288792359862,False,0.5408863707662643,0.43002388653186585,0.41713750526431687,0.44882392585870634
stable_mutable,13139,160,46,4.827875180987745,0.09203254864799915,0.7543946308893338,False,0.541208886952673,0.4285117116902999,0.41621436443517373,0.44964643245055314
stable_mutable,13139,165,46,4.839506864622925,0.09203254864799915,0.7543946308893338,False,0.541208886952673,0.4285117116902999,0.41621436443517373,0.44964643245055314
stable_mutable,13139,170,46,4.840587769925587,0.09203254864799915,0.7543946308893338,False,0.541208886952673,0.4285117116902999,0.41621436443517373,0.44964643245055314
stable_mutable,13139,175,44,5.102730406505528,0.09250673142086722,0.7375985590004399,False,0.5434445266517494,0.4279640738640893,0.4109123039316172,0.45040566315698594
stable_mutable,13139,180,45,5.010703816541378,0.09387838321262196,0.7245152748994312,False,0.5522186826379061,0.4292342621533116,0.41674243985721476,0.44739733598177617
stable_mutable,13139,185,47,4.824716420092808,0.09445100475538534,0.7213832058857921,False,0.5520365735464019,0.4297971917412139,0.41380411399920886,0.4528618718249619
stable_mutable,13139,190,47,4.819254014328114,0.09373396671393057,0.7118831507486707,False,0.5513382447559504,0.4284080774598937,0.41209419631005295,0.4556886383182403
stable_mutable,13139,195,47,4.819034103619688,0.09373396671393057,0.7118831507486707,False,0.5513382447559504,0.4284080774598937,0.41209419631005295,0.4556886383182403
stable_mutable,13139,200,47,4.818184262071142,0.09373396671393057,0.7118831507486707,False,0.5513382447559504,0.4284080774598937,0.41209419631005295,0.4556886383182403
stable_mutable,13139,205,46,4.921630308162227,0.09420003963231717,0.7098058920399068,False,0.5528662889608001,0.4260830293784313,0.41275933097135004,0.4563901589179121
stable_mutable,13139,210,45,5.051731834036229,0.09489452568038179,0.7077492795232389,False,0.5539389730838099,0.4263584159080904,0.41305313743264804,0.45854722234665435
stable_mutable,13139,215,45,5.077060141127397,0.09489452568038179,0.7077492795232389,False,0.5539389730838099,0.4263584159080904,0.41305313743264804,0.45854722234665435
stable_mutable,13139,220,37,5.069201037379569,0.09720467557218206,0.6433801607295792,False,0.5651349783395635,0.42223020753224344,0.4148526235843816,0.4595333982878325
stable_mutable,13139,225,30,5.3641728224034555,0.09487602878696591,0.600939500297633,False,0.5698734587223153,0.41770232721514583,0.4074055353932065,0.4752299860843043
stable_mutable,13139,230,26,6.125787566170866,0.09354749025069695,0.5500457348783664,False,0.5889002723228207,0.41810121851005183,0.41013851144823654,0.47429157163847224
stable_mutable,13139,235,27,6.200337330974271,0.09312502219833238,0.5472344662826315,False,0.593908565308953,0.42234370773349306,0.41830062253580913,0.46695091175032755
stable_mutable,13139,240,24,6.344938619390203,0.09204158346195904,0.49753827385452365,False,0.6020028069751276,0.42499267297857174,0.42234990332620265,0.4456148742096968
stable_mutable,13139,245,24,6.397170408101012,0.09002763667427417,0.4898042047784616,False,0.600401744024054,0.4297246261216541,0.42088296093832783,0.45398692859304446
stable_mutable,13139,250,22,6.592278571067444,0.08675868741141533,0.46373214450135686,False,0.5965198888265593,0.4256455910930473,0.41311755512324133,0.4508453676006703
stable_mutable,13139,255,20,7.067581858574191,0.08459159934109581,0.4540751299900906,False,0.5971648723887174,0.4162702681923012,0.40713083659289245,0.4493449131732291
stable_mutable,13139,259,19,7.563450798499153,0.08446181841389079,0.46444273707336425,False,0.602401373108996,0.41020202164654707,0.41189405623436715,0.4570724180725504
scarcity_mutable,13139,0,72,7.03883779604178,0.0956072923329524,0.9999999999999998,False,0.4697084564656311,0.45418543768766867,0.4221303357538906,0.4508230751911968
scarcity_mutable,13139,5,83,7.021938988869017,0.09606525150704474,0.9902841912915913,False,0.4732733264918565,0.4528716608737926,0.416567287665195,0.44552009784782204
scarcity_mutable,13139,10,85,7.327977477889719,0.09667981323931428,0.9892354577680827,False,0.4771125746124171,0.4520250957275019,0.41531872149020155,0.4451285274670473
scarcity_mutable,13139,15,88,7.241501289848561,0.09672254361654158,0.983814301206554,False,0.4794434071505762,0.45245421901022653,0.4168425394140074,0.44489234297555685
scarcity_mutable,13139,20,95,6.644184046326665,0.09700941083200143,0.9729061019076715,False,0.4871552266114773,0.4497870127527905,0.41590466761710787,0.44394325515937466
scarcity_mutable,13139,25,96,6.453535963416087,0.09666697380574976,0.9716609356603507,False,0.48798238427853474,0.4490353267358884,0.41554274423593185,0.44389669335028864
scarcity_mutable,13139,30,95,6.254696261740564,0.09672041969018988,0.9682060746293063,False,0.4883762415665934,0.4507406014797668,0.4150442077346231,0.44369541593533335
scarcity_mutable,13139,35,96,5.954474130740111,0.09625398322488139,0.966182221546663,False,0.48890590496604874,0.4508575153238807,0.41527256978241006,0.4437944811595868
scarcity_mutable,13139,40,97,5.654941078356876,0.09584369192265127,0.9663056566520511,False,0.4888386512043441,0.450551685008436,0.41475777422166465,0.4432533820974436
scarcity_mutable,13139,45,96,5.463924300090274,0.09596099706826927,0.962805627288473,False,0.4870638263499035,0.4507685132998777,0.4151580557642514,0.44284152794554776
scarcity_mutable,13139,50,96,5.1643907880293245,0.09596099706826927,0.962805627288473,False,0.4870638263499035,0.4507685132998777,0.4151580557642514,0.44284152794554776
scarcity_mutable,13139,55,96,4.864504972128963,0.09596099706826927,0.962805627288473,False,0.4870638263499035,0.4507685132998777,0.4151580557642514,0.44284152794554776
scarcity_mutable,13139,60,94,4.652447386924678,0.0948737294887466,0.9528848000120423,False,0.49255557202139916,0.4482930601203164,0.4171140103407122,0.4417861409172189
scarcity_mutable,13139,65,95,4.298374992850523,0.0945075867059428,0.949857497928362,False,0.4935998217509511,0.44818654594823665,0.4174421055201632,0.4419715745658619
scarcity_mutable,13139,70,91,4.158164862191242,0.09401717586533143,0.9418698459595437,False,0.4974526122166215,0.45004185759081555,0.420465424018267,0.44052908933703966
scarcity_mutable,13139,75,88,4.021454573402307,0.09384842675507055,0.9301827824206758,False,0.5019018944897039,0.45057495535456765,0.41947869905385265,0.4378543353857587
scarcity_mutable,13139,80,82,4.045938657665584,0.09001030318974967,0.909081664106705,False,0.512292346438966,0.4487660174112997,0.4272019419388658,0.4408530166193555
scarcity_mutable,13139,85,80,3.8920875199307106,0.089769009003821,0.900274657920997,False,0.5137178633099999,0.4480729712398901,0.4266912845957898,0.44128425900557816
scarcity_mutable,13139,90,74,3.955950606367971,0.09041671065423272,0.8823760472783236,False,0.5197232683225247,0.4489688421808165,0.4242845613179692,0.44289045508562347
scarcity_mutable,13139,95,69,4.028031544016069,0.09221216122861986,0.8664258584130645,False,0.5202149186179615,0.448327387051985,0.4267704454297163,0.445343267300961
scarcity_mutable,13139,100,66,4.0191066952746395,0.09132424817089631,0.8571778199630236,False,0.5242815166220148,0.4452181281094644,0.42561889029866473,0.447598612095199
scarcity_mutable,13139,105,60,4.263025489288352,0.09046418119707139,0.8226440696453449,False,0.526405280470699,0.4426519017487695,0.4250086520544113,0.44935411123490415
scarcity_mutable,13139,110,59,4.191210279358306,0.09233328170190806,0.8281459327890341,False,0.5300983449900728,0.4397744546744218,0.42681481364285145,0.45109174304531163
scarcity_mutable,13139,115,59,4.064335963645998,0.09233328170190806,0.8281459327890341,False,0.5300983449900728,0.4397744546744218,0.42681481364285145,0.45109174304531163
scarcity_mutable,13139,120,55,4.2393763595452985,0.0939253209017868,0.8180746449396519,False,0.531648476076204,0.4415739480059773,0.4264150879539211,0.45353545623014174
scarcity_mutable,13139,125,53,4.322502915626177,0.09435422704708454,0.8049247901585872,False,0.5305016508580923,0.444957256353727,0.4292649199306435,0.4542927076833342
scarcity_mutable,13139,129,53,4.2642598708697985,0.09542443421031259,0.793886337660371,False,0.5329057017558496,0.44134080427845523,0.42512694667668943,0.45203328593647485
scarcity_mutable,13139,130,52,4.257703206848064,0.09610106169470829,0.7954328840638742,True,0.5332850956193561,0.44026618226855807,0.4265038542959806,0.4521104814397564
scarcity_mutable,13139,135,51,3.9056973873744965,0.09509243976932025,0.7883733020674419,True,0.5350342952911514,0.43946279654248765,0.42443710284742814,0.4475681275815095
scarcity_mutable,13139,140,48,3.7126481407520697,0.09330586321604499,0.7769679518314923,True,0.5335352456992354,0.43372078847651085,0.41846818971540917,0.4465472073404267
scarcity_mutable,13139,145,45,3.5509637378515064,0.09279491622820554,0.7533288792359861,True,0.537828519280136,0.4256803654251861,0.4241784880027387,0.4486732479328181
scarcity_mutable,13139,150,40,3.563988034319066,0.09375536425713915,0.7167954039275344,True,0.5486948187567694,0.4209267063186261,0.42320425407255585,0.4554431175568198
scarcity_mutable,13139,155,38,3.33671420524034,0.09557897302541868,0.7125255830125204,True,0.5481458378646424,0.41979346450907296,0.42007664979210046,0.45680051384197873
scarcity_mutable,13139,160,35,3.2101827784671815,0.09695804791234994,0.6907255880355345,True,0.5518865674663301,0.4166792667101354,0.41862441457259497,0.4547007646634163
scarcity_mutable,13139,165,33,3.031218098374284,0.09739644600995084,0.6684452253442653,True,0.5561252304599417,0.41832700948372614,0.4205708551876821,0.4537571617444332
scarcity_mutable,13139,170,31,2.836040473986122,0.09743438263233474,0.6442048172363123,True,0.5603647668698917,0.4176225210374181,0.4123122416469244,0.45236480136891244
scarcity_mutable,13139,175,30,2.5564992112497413,0.09709927419092959,0.631245868004023,True,0.5663602272374467,0.4187501106831323,0.41089856744064124,0.44850813507187953
scarcity_mutable,13139,180,28,2.350711865050525,0.09930560976451921,0.6221800699922988,True,0.5653071658677226,0.4185969401488658,0.4047315123122463,0.44646491035508706
scarcity_mutable,13139,185,26,2.170566462492346,0.10058897475448195,0.6177111439126733,True,0.5657179543243123,0.42118624933739157,0.4023147125448203,0.45608644898178125
scarcity_mutable,13139,190,25,1.9505753609920404,0.0985222448841497,0.62063559440602,True,0.5575600266506461,0.41840820439766513,0.3952228202919554,0.4543438989054474
scarcity_mutable,13139,195,23,1.8059106600654382,0.09495975542834609,0.6150947678473518,True,0.5500543342972378,0.4244490260665593,0.396987353045111,0.46663748294525675
scarcity_mutable,13139,200,20,1.8014840514361787,0.09322890206258609,0.5910022153946126,True,0.5508102412475817,0.42923655260442334,0.4116227252861401,0.4736463304984454
scarcity_mutable,13139,205,20,1.5839840514361776,0.09322890206258609,0.5910022153946126,True,0.5508102412475817,0.42923655260442334,0.4116227252861401,0.4736463304984454
scarcity_mutable,13139,210,17,1.696654121689625,0.0929357948467937,0.586210465299128,True,0.5518881976724008,0.42697536120336466,0.4236361006070992,0.4840484315229392
scarcity_mutable,13139,215,15,1.806283890696516,0.09746549278106545,0.5467744359107389,True,0.5582476919998209,0.42184791914850034,0.4256815523261033,0.487223422804606
scarcity_mutable,13139,220,12,1.9258715300373215,0.09874822147663699,0.47298724593447966,True,0.5666200333435777,0.42530936922075346,0.42099792210722087,0.5139221258325967
scarcity_mutable,13139,225,9,1.970609421905775,0.09493031838724085,0.47775342139993937,True,0.5374779709490524,0.43527888787015473,0.40478002686588543,0.5317240636819789
scarcity_mutable,13139,230,6,2.854858165642686,0.09780350506522001,0.4189617378034388,True,0.5851544905857732,0.41734591371622504,0.4104062316211534,0.5441445168247845
scarcity_mutable,13139,235,5,3.148970047999952,0.09465571872455933,0.3763300355100876,True,0.5984340134763775,0.403214998839605,0.41909374800242033,0.5123414399900114
scarcity_mutable,13139,240,3,2.7256167466666206,0.0897597634305857,0.25688521341031656,True,0.6728791490463113,0.36972013477825144,0.43797221132068387,0.4669495507313164
scarcity_mutable,13139,245,3,2.8656167466666194,0.0897597634305857,0.25688521341031656,True,0.6728791490463113,0.36972013477825144,0.43797221132068387,0.4669495507313164
scarcity_mutable,13139,250,3,3.005616746666618,0.0897597634305857,0.25688521341031656,True,0.6728791490463113,0.36972013477825144,0.43797221132068387,0.4669495507313164
scarcity_mutable,13139,255,2,3.4209971199999556,0.05175860610958759,0.16207652439312228,True,0.6556387032798094,0.28812119783946116,0.35821171664113743,0.4449791416208583
scarcity_mutable,13139,259,2,3.5329971199999552,0.05175860610958759,0.16207652439312228,True,0.6556387032798094,0.28812119783946116,0.35821171664113743,0.4449791416208583
scarcity_frozen,13139,0,72,7.03883779604178,0.0956072923329524,0.9999999999999998,False,0.4697084564656311,0.45418543768766867,0.4221303357538906,0.4508230751911968
scarcity_frozen,13139,5,83,7.05337380908803,0.0954432367064193,0.9902841912915913,False,0.4740529665053486,0.4535974533314659,0.4174328670323125,0.44601231059579827
scarcity_frozen,13139,10,91,7.062673365293166,0.09536889981794695,0.9857359293893847,False,0.4773936615971183,0.45266961549117446,0.41688462100804097,0.4397584806315282
scarcity_frozen,13139,15,95,7.00963241084651,0.09387009224320526,0.9816401763047491,False,0.47592336088035025,0.4532983683758779,0.41791711866466624,0.4393440347541961
scarcity_frozen,13139,20,95,6.831879041115455,0.09387009224320526,0.9816401763047491,False,0.47592336088035025,0.4532983683758779,0.41791711866466624,0.4393440347541961
scarcity_frozen,13139,25,96,6.469858128686449,0.09347192144212618,0.980304030115792,False,0.4763538797019274,0.45284182323081673,0.41741164656288565,0.4391034088016655
scarcity_frozen,13139,30,97,6.155229530274516,0.09332022398999995,0.9802818795658285,False,0.4774123653080936,0.45253368351591733,0.4185547275929615,0.43876316230694673
scarcity_frozen,13139,35,99,5.824701206457476,0.0940993424222135,0.9790758678845319,False,0.4792680287279385,0.4511630813185918,0.4188436779702563,0.4397020205364309
scarcity_frozen,13139,40,100,5.492468099881727,0.09399178779376692,0.9779147539520702,False,0.4784590228123929,0.45146273387323405,0.4200744225069664,0.44041828982301306
scarcity_frozen,13139,45,100,5.169062898741947,0.09362036339936697,0.9726551884029299,False,0.4791258950707808,0.45268709195705975,0.419139303357301,0.4399505487784153
scarcity_frozen,13139,50,99,4.940912385745371,0.0935842797553324,0.9647429210380327,False,0.4775764449100272,0.4520943754384487,0.41993055132196255,0.43795687874023026
scarcity_frozen,13139,55,99,4.6745637073290345,0.09489164232817747,0.9647429210380326,False,0.4809459850209823,0.45224487581630773,0.42197779170368127,0.4384196890160701
scarcity_frozen,13139,60,97,4.52311636971502,0.09505530179688053,0.9577085045345463,False,0.48260443824970484,0.45003629701217945,0.421890398807806,0.43787530775802413
scarcity_frozen,13139,65,97,4.282102035461045,0.09507906486117243,0.9556280560177649,False,0.4843982974234586,0.44967325633215144,0.42179618872464764,0.43732182614781623
scarcity_frozen,13139,70,96,4.055826857046917,0.09482776460328693,0.9520168016475795,False,0.48636616692760115,0.4486793876274695,0.4227569290573347,0.43797631026560696
scarcity_frozen,13139,75,93,3.9085639135132704,0.09373411526954387,0.9352648948691602,False,0.49385463665977924,0.4485923439706759,0.423658756132947,0.44064023687626763
scarcity_frozen,13139,80,86,3.969267124387393,0.09433376279908054,0.9219041340626607,False,0.49890417013309657,0.4452131388047395,0.4279687926073273,0.44336494004445764
scarcity_frozen,13139,85,83,3.855760206856832,0.09501811153681466,0.9131827415978567,False,0.5013939643721826,0.4438577427899858,0.4271235073949253,0.4421430697777157
scarcity_frozen,13139,90,80,3.7680388343310183,0.09207497034773236,0.9000723348172182,False,0.5038863977217078,0.4433315726943391,0.4323301932949243,0.44226037614669433
scarcity_frozen,13139,95,75,3.8165152670731013,0.09131738243855395,0.8739865195324056,False,0.5171821900556651,0.4398852918688971,0.4283607956675661,0.4437493520137801
scarcity_frozen,13139,100,71,3.8514496718879996,0.0911174471295229,0.8580992965108611,False,0.5207724675044235,0.4343376397992919,0.4295477925868991,0.4390514647661103
scarcity_frozen,13139,105,66,3.968831589154039,0.09090281891370808,0.8421983503469473,False,0.5232185629511704,0.43384299841557045,0.4289154194254256,0.4390312763559927
scarcity_frozen,13139,110,62,4.090829391488617,0.08934233951846084,0.8137440583995474,False,0.5270995307461734,0.4285900156638644,0.4290323411491271,0.43584065590961824
scarcity_frozen,13139,115,59,4.232624833136899,0.09057610774211139,0.8051680747782476,False,0.5266818711147,0.42863840359360766,0.42821110849872207,0.4339427998446986
scarcity_frozen,13139,120,57,4.353221828881015,0.09170176718707235,0.7919018103201361,False,0.5271875646476909,0.4284538027793808,0.427455466452186,0.43484050183634876
scarcity_frozen,13139,125,57,4.308835863968735,0.09237023702849637,0.7826745023391881,False,0.534677163449877,0.42954346628423823,0.43201353325336456,0.43734237951907484
scarcity_frozen,13139,129,55,4.4415208044766885,0.09043984924265198,0.768406285280548,False,0.5379976727615835,0.4229085598405682,0.4347819880729898,0.43773565121201913
scarcity_frozen,13139,130,55,4.355120804476688,0.09043984924265198,0.768406285280548,True,0.5379976727615835,0.4229085598405682,0.4347819880729898,0.43773565121201913
scarcity_frozen,13139,135,54,3.990123928704016,0.09094907961586399,0.7669960695188721,True,0.5396744063384494,0.4240030493860001,0.43520761072069675,0.43813180688174413
scarcity_frozen,13139,140,49,3.9364760452589564,0.09110231054999922,0.7393042661268725,True,0.5506194233788163,0.42225956349100824,0.4272040781354554,0.4358675928714888
scarcity_frozen,13139,145,44,3.9561588565574484,0.09086702976722182,0.7186457463777585,True,0.562319587973958,0.4243690521223838,0.42393941021400433,0.43323204404553495
scarcity_frozen,13139,150,41,3.8427540876177266,0.09164854848331924,0.7008627873833536,True,0.5657242507178253,0.42961187574574844,0.4281410495807005,0.4328897776820241
scarcity_frozen,13139,155,40,3.5578448236331055,0.09256269433905832,0.6909022223893905,True,0.5677696047192639,0.4292150037963002,0.4283924571736284,0.4325844744861955
scarcity_frozen,13139,160,36,3.5456848038038715,0.09517755132740566,0.6724483528065761,True,0.5789646131124342,0.42594628530639717,0.4364513943456989,0.4313234158397537
scarcity_frozen,13139,165,35,3.2794714525925257,0.09545657230450916,0.6611333805633698,True,0.5817622245918506,0.4228201709092323,0.43802149127299356,0.4315492651285085
scarcity_frozen,13139,170,34,3.0190735541393643,0.09552460807413682,0.6493493417357532,True,0.5848238580495312,0.4217247197178729,0.4404687435556562,0.4277066689245179
scarcity_frozen,13139,175,32,2.8304064075240136,0.0969416673950637,0.6343528915898421,True,0.5865767544986266,0.422120251712675,0.4384580665183437,0.4281654561964517
scarcity_frozen,13139,180,30,2.655220168025616,0.09631938057405813,0.6291369308317887,True,0.591268352075362,0.41926669637082425,0.4408890642614833,0.43664688473370555
scarcity_frozen,13139,185,29,2.449951897957533,0.0968678608527861,0.6154803554494244,True,0.5962274656086218,0.4211791298874992,0.4418921918188857,0.43734701024014816
scarcity_frozen,13139,190,28,2.3704501800274467,0.09493181105930706,0.6011363317751183,True,0.6024464170215461,0.4225259736983592,0.44960330855369507,0.43940291407601517
scarcity_frozen,13139,195,24,2.443281330032024,0.09360308532671288,0.5573360899422625,True,0.597335439313119,0.4178679219717946,0.4517359590644568,0.44702579870886133
scarcity_frozen,13139,200,23,2.266084866120375,0.09331223299832843,0.5534007792472023,True,0.5952880286180108,0.41981980286665765,0.4501392385246267,0.454795084602541
scarcity_frozen,13139,205,20,2.3630006520384343,0.08990998624311358,0.542379258076676,True,0.5805368181285397,0.4140923554491561,0.44917340339874084,0.457075831858943
scarcity_frozen,13139,210,19,2.283042791619406,0.08894895818122261,0.5220642470216377,True,0.5771742356457993,0.41625644461016714,0.4471056598154877,0.4670097060012963
scarcity_frozen,13139,215,19,2.0843585810930896,0.08894895818122261,0.5220642470216377,True,0.5771742356457993,0.41625644461016714,0.4471056598154877,0.4670097060012963
scarcity_frozen,13139,220,15,2.363906662349589,0.08536234552804696,0.4872407570514448,True,0.5838067070327596,0.42072579788205516,0.4456205665789507,0.45975455623024064
scarcity_frozen,13139,225,12,2.249141114603663,0.09009656285373539,0.4357786966474208,True,0.5987653386133325,0.41512286720670927,0.447407875586391,0.46280564138492286
scarcity_frozen,13139,230,10,2.298622979707503,0.09397028004242405,0.408745340388712,True,0.616393935054031,0.4155208246888839,0.44001708795970645,0.4639775814648715
scarcity_frozen,13139,235,7,2.706522733428165,0.08199476104963643,0.3623911717089513,True,0.6179982169857215,0.4222865821700211,0.4544449017864515,0.43876743924256145
scarcity_frozen,13139,240,4,3.5521567834993126,0.06917777203227642,0.32415304878624457,True,0.5819047093304666,0.43868397637514556,0.4676377905962874,0.4282815395597026
scarcity_frozen,13139,245,4,3.6921567834993128,0.06917777203227642,0.32415304878624457,True,0.5819047093304666,0.43868397637514556,0.4676377905962874,0.4282815395597026
scarcity_frozen,13139,250,3,4.440942377999096,0.03138629046343132,0.25688521341031656,True,0.5288904318342968,0.4170617276582722,0.4177257400185705,0.4100895084097144
scarcity_frozen,13139,255,2,1.8687535669986475,0.030537400783462003,0.16207652439312228,True,0.5481400756259012,0.41621115266779174,0.4488411516869859,0.4111717210626018
scarcity_frozen,13139,259,2,1.9807535669986467,0.030537400783462003,0.16207652439312228,True,0.5481400756259012,0.41621115266779174,0.4488411516869859,0.4111717210626018
stable_mutable,13159,0,72,7.06176919683217,0.0966109604491379,0.9999999999999998,False,0.46114999899061865,0.46128952917496424,0.4288136730972497,0.4318045861085176
stable_mutable,13159,5,78,7.407550649503898,0.09758611290427055,0.993781296139378,False,0.46531587089798154,0.45721588725583945,0.4299075096150462,0.42451477131154475
stable_mutable,13159,10,88,7.352138441095511,0.09767536943335672,0.9865949726306101,False,0.4614193085375858,0.4530777083245354,0.4258629933725285,0.4248312789047075
stable_mutable,13159,15,89,7.362491626248631,0.09779181056418393,0.9848980649752135,False,0.46307730234528793,0.45132177772457066,0.4256582345994381,0.42535518977722664
stable_mutable,13159,20,93,7.035565509097458,0.09775733964910022,0.9805315932191124,False,0.46150612179092715,0.4519768563492394,0.4260842656774078,0.42487204609837254
stable_mutable,13159,25,97,6.69549441940039,0.0986432287228507,0.9744174245750743,False,0.46691188851648974,0.4530849115170416,0.4234362984870843,0.4242812926314243
stable_mutable,13159,30,99,6.419076583473826,0.09838659065409304,0.972527321444406,False,0.46895049283498574,0.4514818478200438,0.4240382606780046,0.42557940119314924
stable_mutable,13159,35,99,6.240859640907587,0.09838659065409304,0.972527321444406,False,0.46895049283498574,0.4514818478200438,0.4240382606780046,0.42557940119314924
stable_mutable,13159,40,99,6.072597843480455,0.09838659065409304,0.972527321444406,False,0.46895049283498574,0.4514818478200438,0.4240382606780046,0.42557940119314924
stable_mutable,13159,45,101,5.781725431279989,0.09784287115512125,0.9690092741610365,False,0.47018695760572005,0.4505136635976965,0.4243734989489674,0.42589379139922157
stable_mutable,13159,50,104,5.443042811513152,0.09895835573995482,0.9696797524625979,False,0.476035789587029,0.45070654043863495,0.4246851726245151,0.42757008249554534
stable_mutable,13159,55,104,5.2548767044501306,0.09895835573995482,0.9696797524625979,False,0.476035789587029,0.45070654043863495,0.4246851726245151,0.42757008249554534
stable_mutable,13159,60,99,5.293667349746803,0.1000537004824639,0.9477747728418444,False,0.48108337511298893,0.4467864098144635,0.42544261541286427,0.4292144311736592
stable_mutable,13159,65,97,5.192423001123837,0.10016406268399403,0.9338737940119395,False,0.4837034313542826,0.44288313930948536,0.427833144787438,0.42916390329311266
stable_mutable,13159,70,93,5.210244998583408,0.10001839081610306,0.9216709110138872,False,0.49060371340009373,0.44396705329959046,0.42703062672922776,0.4311215562311558
stable_mutable,13159,75,88,5.317409300423154,0.09941934165194219,0.9045818109070232,False,0.496227626911979,0.4403427945774991,0.4238443425793202,0.4346121578898968
stable_mutable,13159,80,86,5.24976379140619,0.09952555599166897,0.9032462341134871,False,0.49782403204247266,0.4405038133113043,0.4232012552200243,0.4322628116494997
stable_mutable,13159,85,86,5.155793230773701,0.09950856148961161,0.895895998656857,False,0.49729083082974307,0.4392736194942418,0.42312249609954256,0.43243264581995533
stable_mutable,13159,90,86,5.129946719145792,0.09942640770833165,0.8918597100065282,False,0.49840138960503955,0.4376240283276062,0.4231938053188341,0.43128565606060665
stable_mutable,13159,95,89,4.881674735005829,0.09960950132790634,0.8874522407756712,False,0.5002171790955828,0.4335624388114688,0.4218697488717552,0.4336634855722414
stable_mutable,13159,100,87,4.874286220073687,0.09869640548565856,0.8774249412337151,False,0.5024207974688443,0.43250763842137924,0.42187568479383053,0.43810191804660265
stable_mutable,13159,105,86,4.8216112446420185,0.09791471646951805,0.8704353314704105,False,0.5064549945876291,0.42655977765306674,0.4210014272560338,0.4380349483284968
stable_mutable,13159,110,87,4.649860148643868,0.09749824993367794,0.8683807861931031,False,0.5065625961425645,0.4268630741573797,0.4220202872822097,0.4378037443987561
stable_mutable,13159,115,82,4.816816642897834,0.09830021553222956,0.8556763622034271,False,0.5081759762035714,0.4246166440747423,0.42465902659594934,0.44020061918008135
stable_mutable,13159,120,79,4.912655708558763,0.098057398165296,0.8578246284353539,False,0.5062630388758508,0.4257455511246818,0.42330015635226115,0.4370665785755301
stable_mutable,13159,125,74,5.196567362354476,0.09693073792342621,0.8437504255001509,False,0.5074742663138702,0.419449767337543,0.4222677719268125,0.43736439822622375
stable_mutable,13159,129,75,5.102004699872119,0.09697359333566882,0.8420450852412351,False,0.5074836607997869,0.41990940326097737,0.4237192634329889,0.43522551762021633
stable_mutable,13159,130,73,5.2318139223081905,0.09721128448546207,0.8383408896779688,False,0.5097819263512873,0.4169323977782745,0.4222362707510759,0.435120108992232
stable_mutable,13159,135,71,5.376360826834802,0.09446717472875553,0.8189606761148688,False,0.5156453388736216,0.41232793425806924,0.42279890970800577,0.4350490106553579
stable_mutable,13159,140,69,5.534613856054108,0.09475456571028133,0.8071267266512862,False,0.516090505119967,0.408486125989839,0.42086161087721186,0.43546162659760507
stable_mutable,13159,145,69,5.554392228434271,0.0959960238587199,0.7939500450398121,False,0.5198609052667191,0.409933844116215,0.42452357180582084,0.43429972400477745
stable_mutable,13159,150,72,5.33365366336062,0.09880700245660219,0.7911730514714018,False,0.5220911670689463,0.4030212199658613,0.4224207807678037,0.43255576444499155
stable_mutable,13159,155,70,5.491192108572195,0.09886474706001183,0.7832502134757623,False,0.5239189701462248,0.402773180942612,0.421403107452414,0.435942229764717
stable_mutable,13159,160,68,5.671558579972682,0.09995048945394155,0.7858533940860213,False,0.5252699288888145,0.4044375323451957,0.4227051721734516,0.4355226190075367
stable_mutable,13159,165,69,5.597758711801743,0.0996849850517257,0.7738545371963504,False,0.5251752065000455,0.4045247842006224,0.4234187300057528,0.43447834329086477
stable_mutable,13159,170,70,5.518054664067561,0.0992515859412601,0.7756767385816248,False,0.5246867835777974,0.40283256478598983,0.4236793438017094,0.4347388330397909
stable_mutable,13159,175,69,5.6012849794727275,0.10000781238954637,0.7696424410282204,False,0.5269722558196718,0.40137233610659384,0.4235544915370794,0.429743290602692
stable_mutable,13159,180,68,5.68053232406943,0.10049983882031824,0.772283469308504,False,0.526204652964906,0.40067735473525656,0.4224138803846569,0.4303196902150709
stable_mutable,13159,185,67,5.7698837133670615,0.0984246365075981,0.7523303277356629,False,0.5313978520403886,0.3943716153889952,0.4214698215865926,0.4247782196093953
stable_mutable,13159,190,67,5.7649548611689925,0.0984246365075981,0.7523303277356629,False,0.5313978520403886,0.3943716153889952,0.4214698215865926,0.4247782196093953
stable_mutable,13159,195,68,5.706799631248148,0.09902920367028697,0.7488246129904885,False,0.5307235149744679,0.3906177436902883,0.42199040054602793,0.4256186506972407
stable_mutable,13159,200,68,5.721598036135211,0.0988104427401614,0.7389529383917457,False,0.5304301926843515,0.3919508729071354,0.4197014556767882,0.4252351503591417
stable_mutable,13159,205,67,5.78596601622416,0.09945796067299864,0.742311314710073,False,0.530562948245069,0.3920984312047461,0.42052750934899724,0.42473682901233684
stable_mutable,13159,210,68,5.6863384502843966,0.09916548179843318,0.7415828756121244,False,0.5302376368313994,0.39178490085693773,0.4185889893456137,0.42572954895088916
stable_mutable,13159,215,70,5.507085923133412,0.09974055345655615,0.7373616597278654,False,0.5312514895619745,0.3911605281514242,0.4193451913297318,0.4249309493452822
stable_mutable,13159,220,63,5.551329604324482,0.10152097234824768,0.7132050528245976,False,0.5291687096127424,0.3868427491801694,0.42378765869342305,0.4217430473773805
stable_mutable,13159,225,58,5.783315028353813,0.10298176514780585,0.6960679905322527,False,0.5308493806364811,0.3825251572322722,0.42186153115511654,0.42062031339969375
stable_mutable,13159,230,55,5.738735540166576,0.1014465261234455,0.6688021010485193,False,0.5321869030835134,0.37891025012118257,0.42231112042465696,0.42529600402437767
stable_mutable,13159,235,55,5.506150152788967,0.10678789035984144,0.651785723556182,False,0.538132512870558,0.38426432848101316,0.4256983604285713,0.4212462887740408
stable_mutable,13159,240,48,5.640702909918526,0.1036340651809626,0.5862872726037721,False,0.5493501030297341,0.37134035526421166,0.4282493770163938,0.42163886339386725
stable_mutable,13159,245,45,5.955529447216831,0.1040894213034067,0.5854427651439559,False,0.5481288150329963,0.3748666919460737,0.42564576473879484,0.4291300708355772
stable_mutable,13159,250,44,5.667582280670067,0.10631650186403646,0.5783033141099801,False,0.5507707008324035,0.3731613272034293,0.43030304136624764,0.4271192723999269
stable_mutable,13159,255,40,6.0744472772575335,0.10474675806832945,0.5614112199323532,False,0.5608581271488007,0.36788349117606356,0.4325655226232474,0.4337832006677603
stable_mutable,13159,259,39,6.084377289665985,0.10189595887912498,0.5639776908576627,False,0.5708480929118104,0.3574875119704981,0.42907369104868376,0.43971171879185267
scarcity_mutable,13159,0,72,7.06176919683217,0.0966109604491379,0.9999999999999998,False,0.46114999899061865,0.46128952917496424,0.4288136730972497,0.4318045861085176
scarcity_mutable,13159,5,78,7.407550649503898,0.09758611290427055,0.993781296139378,False,0.46531587089798154,0.45721588725583945,0.4299075096150462,0.42451477131154475
scarcity_mutable,13159,10,88,7.352138441095511,0.09767536943335672,0.9865949726306101,False,0.4614193085375858,0.4530777083245354,0.4258629933725285,0.4248312789047075
scarcity_mutable,13159,15,89,7.362491626248631,0.09779181056418393,0.9848980649752135,False,0.46307730234528793,0.45132177772457066,0.4256582345994381,0.42535518977722664
scarcity_mutable,13159,20,93,7.035565509097458,0.09775733964910022,0.9805315932191124,False,0.46150612179092715,0.4519768563492394,0.4260842656774078,0.42487204609837254
scarcity_mutable,13159,25,97,6.69549441940039,0.0986432287228507,0.9744174245750743,False,0.46691188851648974,0.4530849115170416,0.4234362984870843,0.4242812926314243
scarcity_mutable,13159,30,99,6.419076583473826,0.09838659065409304,0.972527321444406,False,0.46895049283498574,0.4514818478200438,0.4240382606780046,0.42557940119314924
scarcity_mutable,13159,35,99,6.240859640907587,0.09838659065409304,0.972527321444406,False,0.46895049283498574,0.4514818478200438,0.4240382606780046,0.42557940119314924
scarcity_mutable,13159,40,99,6.072597843480455,0.09838659065409304,0.972527321444406,False,0.46895049283498574,0.4514818478200438,0.4240382606780046,0.42557940119314924
scarcity_mutable,13159,45,101,5.781725431279989,0.09784287115512125,0.9690092741610365,False,0.47018695760572005,0.4505136635976965,0.4243734989489674,0.42589379139922157
scarcity_mutable,13159,50,104,5.443042811513152,0.09895835573995482,0.9696797524625979,False,0.476035789587029,0.45070654043863495,0.4246851726245151,0.42757008249554534
scarcity_mutable,13159,55,104,5.2548767044501306,0.09895835573995482,0.9696797524625979,False,0.476035789587029,0.45070654043863495,0.4246851726245151,0.42757008249554534
scarcity_mutable,13159,60,99,5.293667349746803,0.1000537004824639,0.9477747728418444,False,0.48108337511298893,0.4467864098144635,0.42544261541286427,0.4292144311736592
scarcity_mutable,13159,65,97,5.192423001123837,0.10016406268399403,0.9338737940119395,False,0.4837034313542826,0.44288313930948536,0.427833144787438,0.42916390329311266
scarcity_mutable,13159,70,93,5.210244998583408,0.10001839081610306,0.9216709110138872,False,0.49060371340009373,0.44396705329959046,0.42703062672922776,0.4311215562311558
scarcity_mutable,13159,75,88,5.317409300423154,0.09941934165194219,0.9045818109070232,False,0.496227626911979,0.4403427945774991,0.4238443425793202,0.4346121578898968
scarcity_mutable,13159,80,86,5.24976379140619,0.09952555599166897,0.9032462341134871,False,0.49782403204247266,0.4405038133113043,0.4232012552200243,0.4322628116494997
scarcity_mutable,13159,85,86,5.155793230773701,0.09950856148961161,0.895895998656857,False,0.49729083082974307,0.4392736194942418,0.42312249609954256,0.43243264581995533
scarcity_mutable,13159,90,86,5.129946719145792,0.09942640770833165,0.8918597100065282,False,0.49840138960503955,0.4376240283276062,0.4231938053188341,0.43128565606060665
scarcity_mutable,13159,95,89,4.881674735005829,0.09960950132790634,0.8874522407756712,False,0.5002171790955828,0.4335624388114688,0.4218697488717552,0.4336634855722414
scarcity_mutable,13159,100,87,4.874286220073687,0.09869640548565856,0.8774249412337151,False,0.5024207974688443,0.43250763842137924,0.42187568479383053,0.43810191804660265
scarcity_mutable,13159,105,86,4.8216112446420185,0.09791471646951805,0.8704353314704105,False,0.5064549945876291,0.42655977765306674,0.4210014272560338,0.4380349483284968
scarcity_mutable,13159,110,87,4.649860148643868,0.09749824993367794,0.8683807861931031,False,0.5065625961425645,0.4268630741573797,0.4220202872822097,0.4378037443987561
scarcity_mutable,13159,115,82,4.816816642897834,0.09830021553222956,0.8556763622034271,False,0.5081759762035714,0.4246166440747423,0.42465902659594934,0.44020061918008135
scarcity_mutable,13159,120,79,4.912655708558763,0.098057398165296,0.8578246284353539,False,0.5062630388758508,0.4257455511246818,0.42330015635226115,0.4370665785755301
scarcity_mutable,13159,125,74,5.196567362354476,0.09693073792342621,0.8437504255001509,False,0.5074742663138702,0.419449767337543,0.4222677719268125,0.43736439822622375
scarcity_mutable,13159,129,75,5.102004699872119,0.09697359333566882,0.8420450852412351,False,0.5074836607997869,0.41990940326097737,0.4237192634329889,0.43522551762021633
scarcity_mutable,13159,130,73,5.148183785321889,0.09721128448546207,0.8383408896779688,True,0.5097819263512873,0.4169323977782745,0.4222362707510759,0.435120108992232
scarcity_mutable,13159,135,70,4.929880267218157,0.09505733601209111,0.8214620543470855,True,0.5149271558941972,0.4118146123998351,0.4224441495540535,0.43515702280376034
scarcity_mutable,13159,140,66,4.77505035975623,0.09591984052793287,0.7972822941963272,True,0.5173153050364652,0.4089320253616802,0.42086458722175646,0.43324903759621436
scarcity_mutable,13159,145,63,4.572854662601765,0.09528165568366731,0.7912140762688304,True,0.5160610998763533,0.4074180125151793,0.4213694617521268,0.431883002918191
scarcity_mutable,13159,150,61,4.304361107901641,0.09638619301292925,0.7851686031355449,True,0.5165233917443142,0.40710548945245434,0.4204863586515882,0.43075927574134754
scarcity_mutable,13159,155,57,4.186477760650294,0.09622360352125882,0.7693192090274619,True,0.5188695896229932,0.4077721165400523,0.4172624671447684,0.43018928586291727
scarcity_mutable,13159,160,55,3.937818476275558,0.09661083152883546,0.760459036735418,True,0.5203371538900954,0.4074776771736361,0.41527342911238774,0.4281906626590775
scarcity_mutable,13159,165,51,3.811494896263183,0.0972026736176768,0.7508723884181695,True,0.5217807711494493,0.404604601641621,0.41395538815708566,0.42909408647493763
scarcity_mutable,13159,170,49,3.5660453785206383,0.09621764936019615,0.7412560990201708,True,0.5282992611083404,0.40540091990610816,0.4188544155023351,0.4312486994723488
scarcity_mutable,13159,175,44,3.557401793178794,0.09585374304866935,0.735553607953761,True,0.5346295998454619,0.40246268674030206,0.4121486302204589,0.43521422146505556
scarcity_mutable,13159,180,42,3.3353506366179966,0.09522357476479248,0.7281978391023061,True,0.5364162378492094,0.3980783341517994,0.4121902145143512,0.4376114279346305
scarcity_mutable,13159,185,41,3.034660839369112,0.09449469532730602,0.7190078095624783,True,0.5372096890934156,0.3933999142916624,0.40950000586330126,0.4360837594910699
scarcity_mutable,13159,190,38,2.9183741005523824,0.09545690071150927,0.7214818697780082,True,0.5434121838681555,0.3956001958449966,0.4148780419314577,0.4360662079175704
scarcity_mutable,13159,195,34,2.89395130675197,0.09410701327697295,0.7065528209333259,True,0.5407745369398593,0.3948139313975607,0.40876873446256207,0.4345687986391828
scarcity_mutable,13159,200,32,2.7514190542239696,0.09367918226940021,0.6989550114453398,True,0.5389054720378542,0.38963717389251656,0.4114482319417497,0.43223597097219124
scarcity_mutable,13159,205,31,2.528045475327969,0.09076300426058032,0.6879368695794221,True,0.5477282044105716,0.3868979088695948,0.4106500834748046,0.436981163466978
scarcity_mutable,13159,210,28,2.4919789191131123,0.09241360942304278,0.6518135366966695,True,0.5517643870128003,0.38059156540563016,0.41447611454332334,0.4428282198453267
scarcity_mutable,13159,215,27,2.3093040642654503,0.0919137748847122,0.6505989554953036,True,0.5459545483829467,0.37677840438571325,0.412863996990496,0.4456878811774851
scarcity_mutable,13159,220,23,2.09449781457249,0.09781669356799791,0.6204143131803285,True,0.5481730269635748,0.38238134304910254,0.41912040341394724,0.4413523691243506
scarcity_mutable,13159,225,17,2.629904177362791,0.09991759245265687,0.586210465299128,True,0.5478287512894119,0.37038326967273727,0.41920331842215947,0.4525029747795435
scarcity_mutable,13159,230,14,2.820901050770252,0.10262021417876453,0.5620360214530755,True,0.5575628133996953,0.3664769446549464,0.4172231204675866,0.46223400535935527
scarcity_mutable,13159,235,14,2.8179010507702515,0.10262021417876453,0.5620360214530755,True,0.5575628133996953,0.3664769446549464,0.4172231204675866,0.46223400535935527
scarcity_mutable,13159,240,11,3.207619519162148,0.07979233257602117,0.4906330494670474,True,0.5562387978481804,0.32652629706109276,0.4078441918596225,0.45414424635784445
scarcity_mutable,13159,245,9,3.4315678567537473,0.06208395501983122,0.4281420223505276,True,0.5565665175956098,0.3252082937286798,0.38406089133653426,0.502320360745212
scarcity_mutable,13159,250,6,3.8839784517973066,0.057502389799387064,0.29051913109828054,True,0.564022637236171,0.3021714556934782,0.3983784386988471,0.5076650581564821
scarcity_mutable,13159,255,6,3.8333117851306393,0.057502389799387064,0.29051913109828054,True,0.564022637236171,0.3021714556934782,0.3983784386988471,0.5076650581564821
scarcity_mutable,13159,259,6,3.754645118463971,0.057502389799387064,0.29051913109828054,True,0.564022637236171,0.3021714556934782,0.3983784386988471,0.5076650581564821
scarcity_frozen,13159,0,72,7.06176919683217,0.0966109604491379,0.9999999999999998,False,0.46114999899061865,0.46128952917496424,0.4288136730972497,0.4318045861085176
scarcity_frozen,13159,5,79,7.379599889778888,0.09590664828138087,0.9929724521564701,False,0.4632613618731168,0.457706804115302,0.42837700129220335,0.4242001901995847
scarcity_frozen,13159,10,88,7.423244015309615,0.09635543947723982,0.9879853083426379,False,0.46738858982327985,0.4532334487623873,0.4235447465446528,0.42474180934459954
scarcity_frozen,13159,15,92,7.310881482927362,0.0955344220664624,0.9841884217504646,False,0.46681354441148515,0.45424375530376165,0.4245930377491641,0.42547661448627677
scarcity_frozen,13159,20,98,6.865848760041134,0.09735529512907451,0.9790363146153687,False,0.47081909805311395,0.45504562887628835,0.42709964628421165,0.42387940893788945
scarcity_frozen,13159,25,101,6.501401056464232,0.09692278127307992,0.9760131110428577,False,0.47116010452642415,0.4532072627859473,0.42789548145751927,0.42321865333770814
scarcity_frozen,13159,30,102,6.297835410192867,0.09660665441308869,0.9749504132895886,False,0.4714594277456083,0.452850704532255,0.4273227211211415,0.4240174488420159
scarcity_frozen,13159,35,103,6.06165493207587,0.09631779905159296,0.9739306073205934,False,0.4717291662561745,0.45350486853478517,0.42795690751966237,0.4233804707695861
scarcity_frozen,13159,40,104,5.8179911642873625,0.09672244656209444,0.9741286797678573,False,0.47288936331471326,0.45192597614737456,0.42640299216855354,0.42363907061458933
scarcity_frozen,13159,45,106,5.4669591774896205,0.09628191528530139,0.9726732374829149,False,0.4719919528246215,0.4521331243694354,0.4267143787792849,0.42395621282961343
scarcity_frozen,13159,50,106,5.200189626721565,0.09628191528530139,0.9726732374829149,False,0.4719919528246215,0.4521331243694354,0.4267143787792849,0.42395621282961343
scarcity_frozen,13159,55,105,5.032143594690693,0.09616354070483836,0.9643261723717215,False,0.47503175073841825,0.4522603341087898,0.4269946326978476,0.42395626288918753
scarcity_frozen,13159,60,99,5.159249500248421,0.09725181917505345,0.9430588624638384,False,0.47899803619483783,0.4488859669091635,0.4249026304099486,0.4208892058302922
scarcity_frozen,13159,65,97,5.130786841305823,0.09725256187587429,0.9295460325628893,False,0.4807420474286241,0.4475237699899883,0.4294781243524302,0.4196967121522481
scarcity_frozen,13159,70,94,5.11955963469552,0.0980105327467132,0.9211758047541355,False,0.4810459027796517,0.44763318413687014,0.42915812516266544,0.4201950553342573
scarcity_frozen,13159,75,94,4.999185030349767,0.09792439107037892,0.9144511212512612,False,0.48167350929809,0.4448390537434543,0.4299775416924802,0.41996345854167066
scarcity_frozen,13159,80,96,4.8541605404034645,0.09658898237154549,0.9054035248992421,False,0.480138570349747,0.4427724209606625,0.4328473107561685,0.41538289736742046
scarcity_frozen,13159,85,95,4.818261420640038,0.09685823898747964,0.8935238779028093,False,0.4828848058836683,0.4421256418966567,0.43438241481207984,0.4144110778201518
scarcity_frozen,13159,90,91,5.021623879291403,0.09443149819627994,0.8852776438024039,False,0.49256170299045254,0.44009579417775363,0.43316958389476673,0.41830391338354755
scarcity_frozen,13159,95,93,4.868661055401106,0.09379171900767669,0.8755498689707162,False,0.4930618441257583,0.4367597590095146,0.4346881889194096,0.41915652764616174
scarcity_frozen,13159,100,89,4.964375755749786,0.0929670194123907,0.8642715537228584,False,0.49980188883416055,0.43780938026622296,0.4357700037179685,0.419169566179044
scarcity_frozen,13159,105,87,4.929103521507575,0.09334323004829682,0.8584233672045677,False,0.49861970365603264,0.43819672110005686,0.43533844341484973,0.419286735240852
scarcity_frozen,13159,110,86,4.903398293295019,0.09394523198370672,0.849640163699484,False,0.49953213619010284,0.4363543269433591,0.4376510155549113,0.4191592475321168
scarcity_frozen,13159,115,85,4.966779599614885,0.09417378668665796,0.8442454219000094,False,0.4988242797751677,0.436187377926331,0.44044767177826766,0.42043970743221
scarcity_frozen,13159,120,80,5.246841850274739,0.09315070157195274,0.817909349544984,False,0.5007343955161484,0.4344080421718551,0.4383165230080624,0.41936599809892117
scarcity_frozen,13159,125,80,5.1899121388006275,0.09263846765854036,0.7992140741261184,False,0.5048454767491363,0.4315347481622114,0.4415683788833015,0.41700798094784436
scarcity_frozen,13159,129,80,5.11783919016848,0.09263846765854036,0.7992140741261184,False,0.5048454767491363,0.4315347481622114,0.4415683788833015,0.41700798094784436
scarcity_frozen,13159,130,80,5.023508453010442,0.09263846765854036,0.7992140741261184,True,0.5048454767491363,0.4315347481622114,0.4415683788833015,0.41700798094784436
scarcity_frozen,13159,135,77,4.754094796401382,0.09276454704216129,0.7814942450512892,True,0.5064859042127252,0.43070911731850686,0.44163706095635,0.4169507364305053
scarcity_frozen,13159,140,73,4.608853233861145,0.09232484824481196,0.7674798188363011,True,0.5073241219536101,0.43051827143958893,0.43757823905172755,0.4158461852600882
scarcity_frozen,13159,145,67,4.619857301621624,0.0923828473168631,0.7341637869643843,True,0.5121158650543093,0.42796909398177496,0.4377855922255985,0.41555882803843974
scarcity_frozen,13159,150,65,4.337984856410075,0.09298334039572448,0.7194158283556161,True,0.5134339469301947,0.4279722802347746,0.4381775345371553,0.41559950908371107
scarcity_frozen,13159,155,61,4.191663275017755,0.09178271312795745,0.7016701734966525,True,0.5142660598072711,0.42303587897552,0.44117128271701417,0.413544485442462
scarcity_frozen,13159,160,60,3.8429208134087025,0.09183447928225977,0.7068931237880257,True,0.5141279439767773,0.42388588483937756,0.43894341735978787,0.4153045060550727
scarcity_frozen,13159,165,58,3.5465789311098037,0.09262060077424855,0.7154121828052666,True,0.5138220808951657,0.42484656444261115,0.4361501810086398,0.4174123775575161
scarcity_frozen,13159,170,56,3.2534475010550485,0.09276109857418292,0.6988487056653436,True,0.5181649883168135,0.427381368784138,0.43846336095101573,0.4158415725580301
scarcity_frozen,13159,175,53,3.003940430102085,0.0922829884790341,0.7011369943855154,True,0.5207051109607989,0.4265442355149615,0.43564628299767577,0.4219146629316594
scarcity_frozen,13159,180,51,2.7277835188108694,0.09119484754076575,0.6919867296445525,True,0.517686360800959,0.4247161115714007,0.43444441439913123,0.4166829591433291
scarcity_frozen,13159,185,45,2.6899717163241426,0.09311093712686737,0.6658417936293267,True,0.5164867928044479,0.42401864838808573,0.4332719046468863,0.41566221070193204
scarcity_frozen,13159,190,40,2.642535375245464,0.09213036789903327,0.643691419779636,True,0.5158869645112635,0.4174887367715933,0.4290664299150183,0.41917931508633577
scarcity_frozen,13159,195,38,2.4104662897320686,0.09299830062364778,0.6463737296751353,True,0.5161126565740245,0.4200572215276888,0.42493767584723613,0.42037325573691786
scarcity_frozen,13159,200,36,2.173481083606074,0.09498772852995832,0.6476426532818702,True,0.515364464669869,0.42235146644012156,0.4256300892924532,0.42095009874264666
scarcity_frozen,13159,205,27,2.5209242299932915,0.09930948392590759,0.6580731594259622,True,0.5126969365952078,0.43380981214207637,0.41244308881080893,0.4312280529635153
scarcity_frozen,13159,210,27,2.2266279336969936,0.09930948392590759,0.6580731594259622,True,0.5126969365952078,0.43380981214207637,0.41244308881080893,0.4312280529635153
scarcity_frozen,13159,215,25,2.110514933842995,0.0985355342003614,0.6570032356536881,True,0.5198050812195332,0.43610334232227066,0.41859709743560236,0.437122340965604
scarcity_frozen,13159,220,19,2.120262651368952,0.09557850696690193,0.5967464437481345,True,0.5178046842106149,0.4350724475709219,0.43000320533239283,0.43237893854114584
scarcity_frozen,13159,225,18,2.057388354222784,0.09546920559369916,0.5790072408476619,True,0.5214190716590327,0.4286273166049115,0.4239510689569037,0.4287268338715844
scarcity_frozen,13159,230,14,2.2569631658841596,0.09911470144845813,0.547621485301091,True,0.5150646589929541,0.4300609614627367,0.4074848148261027,0.43313808647083424
scarcity_frozen,13159,235,11,2.2677932066443236,0.0988862434833011,0.5017557351632711,True,0.5119197017066667,0.4407693600489036,0.4265044661633395,0.40678823061530217
scarcity_frozen,13159,240,9,2.0077472525652955,0.0905408142469744,0.4417364159792455,True,0.48065253010616704,0.4340908811654978,0.43444645053178327,0.3822451752662218
scarcity_frozen,13159,245,7,2.061452456155392,0.08993614963470321,0.4550063285050211,True,0.4933301668056611,0.42490175216853027,0.41279202797371334,0.39091624992188284
scarcity_frozen,13159,250,6,2.47802786551463,0.07728877396638358,0.4189617378034388,True,0.5215106411845801,0.4306746201579265,0.44725992879163073,0.403620676643496
scarcity_frozen,13159,255,4,2.841111798271967,0.06701740942797277,0.32415304878624457,True,0.5640792623972701,0.4231093966359817,0.46684293967570345,0.3946664059056438
scarcity_frozen,13159,259,4,3.274861798271966,0.06701740942797277,0.32415304878624457,True,0.5640792623972701,0.4231093966359817,0.46684293967570345,0.3946664059056438
stable_mutable,13177,0,72,6.894857676977219,0.09827402934227941,0.9999999999999998,False,0.48364435370155623,0.49869394704270104,0.44441474933402225,0.422459344235959
stable_mutable,13177,5,74,7.107361102300437,0.09712919137756292,0.9976457266718767,False,0.4828278384203703,0.499498979095188,0.4436767855838375,0.4220263718368397
stable_mutable,13177,10,85,6.7752908420027325,0.09788558320677163,0.9892354577680827,False,0.48759229878456867,0.4917796437050613,0.43683856663641685,0.4101215099831393
stable_mutable,13177,15,92,6.456573060546003,0.09776914277463,0.9833247917127548,False,0.4910192788767049,0.4913952016327336,0.43560150622218824,0.40570829677870884
stable_mutable,13177,20,94,6.136326825215235,0.09784853023048684,0.9817293451745189,False,0.49415808328806154,0.4919116617983119,0.43760326397248805,0.4052929014581161
stable_mutable,13177,25,95,5.787418121791915,0.09792238806363084,0.9816401763047491,False,0.4943848458567701,0.4915836008774826,0.43685583875706024,0.40315579889218767
stable_mutable,13177,30,96,5.498070016356583,0.09800928000793589,0.9815785045184847,False,0.4940955600565551,0.49029820410571495,0.4381200138426713,0.40443936017863097
stable_mutable,13177,35,97,5.163089913095173,0.09772909514674456,0.9788536796590164,False,0.49487841202201666,0.49078224909886387,0.4373035096511506,0.40394043109182065
stable_mutable,13177,40,97,4.871595067734348,0.09772909514674456,0.9788536796590164,False,0.49487841202201666,0.49078224909886387,0.4373035096511506,0.40394043109182065
stable_mutable,13177,45,97,4.57906929453847,0.09772909514674456,0.9788536796590164,False,0.49487841202201666,0.49078224909886387,0.4373035096511506,0.40394043109182065
stable_mutable,13177,50,97,4.305722902785892,0.09727740787324438,0.9756787600663986,False,0.4970816876314879,0.4930407228114495,0.436567005940779,0.4040932944105715
stable_mutable,13177,55,97,4.050825995569397,0.09727740787324438,0.9756787600663986,False,0.4970816876314879,0.4930407228114495,0.436567005940779,0.4040932944105715
stable_mutable,13177,60,87,4.178422616049417,0.09591937110150328,0.9394317168844809,False,0.5033425042104559,0.4809815771418828,0.4412284418971122,0.4063849848081494
stable_mutable,13177,65,81,4.178861328349372,0.0963655497470526,0.9149583728362787,False,0.5065700191070969,0.47510636519318533,0.43873173685745465,0.4031058090361716
stable_mutable,13177,70,77,4.122308670081806,0.09453765915236212,0.8956791051636815,False,0.5119724164598117,0.4669599684450788,0.4412271928235503,0.41022228382382436
stable_mutable,13177,75,76,3.9254416788986735,0.09458388698110372,0.8953084623670438,False,0.5134641524765587,0.4681379969161684,0.4408567356592738,0.40881669042505203
stable_mutable,13177,80,75,3.732460901283987,0.09555256434553988,0.8890155913406961,False,0.515877594986648,0.46790664934546927,0.43713261592955577,0.40887797597297515
stable_mutable,13177,85,66,3.9914752655238703,0.095890519618156,0.8641882508682812,False,0.5176214819964343,0.46183673828960214,0.43285846963680613,0.40845595969434223
stable_mutable,13177,90,59,4.322310771602974,0.09430063477080994,0.8459749685488318,False,0.5251329048530754,0.45624010203702675,0.4350016553935034,0.41095167963703616
stable_mutable,13177,95,59,4.242056534314839,0.09288883763239161,0.8404808490778786,False,0.5231844237553482,0.4563554895707915,0.4327032395929979,0.4176426490514897
stable_mutable,13177,100,56,4.465866705795991,0.09391329897103516,0.8280155642363782,False,0.5224625100040227,0.4572588664592656,0.4317905500233576,0.4176642996175485
stable_mutable,13177,105,52,4.719403757257222,0.09442069704718853,0.8194623057615712,False,0.5255723752540585,0.45499920813493655,0.4277904424249614,0.4250722296481092
stable_mutable,13177,110,53,4.551867837308972,0.09526112913596102,0.8075386654597335,False,0.5253734029985577,0.44678670789219205,0.4232053898171514,0.4260107036252069
stable_mutable,13177,115,50,4.726460907301941,0.0946810849953943,0.7882535344375724,False,0.5270790728363004,0.4490970893214268,0.4218509195222469,0.42867208602200085
stable_mutable,13177,120,49,4.770497487189736,0.09331402730995775,0.7834452385176386,False,0.5296696536999718,0.4416532800252919,0.4265222548876781,0.42884140264642384
stable_mutable,13177,125,46,5.08856906244124,0.09312120384051602,0.7701244868320773,False,0.5327918020420322,0.437143001784078,0.4278435307951333,0.4252652537095877
stable_mutable,13177,129,46,5.05911254070211,0.09466148559851713,0.7630776814236808,False,0.5324430984870585,0.4358017348539409,0.42451767842163113,0.4195589670750307
stable_mutable,13177,130,46,5.051721236354283,0.09466148559851713,0.7630776814236808,False,0.5324430984870585,0.4358017348539409,0.42451767842163113,0.4195589670750307
stable_mutable,13177,135,46,5.037590801571675,0.09466148559851713,0.7630776814236808,False,0.5324430984870585,0.4358017348539409,0.42451767842163113,0.4195589670750307
stable_mutable,13177,140,45,5.18542615271771,0.09339233625186785,0.7550014853647357,False,0.5360220827238444,0.4341861099868103,0.4270743063834476,0.4156687628039965
stable_mutable,13177,145,46,5.203025584180369,0.09285558537964253,0.7516438432733759,False,0.5337943421951342,0.4340438998272461,0.4263181893364963,0.41701693780404847
stable_mutable,13177,150,46,5.33295167113689,0.09245089256195403,0.7489840706068877,False,0.5358834319916669,0.4361793804194268,0.42659851440409896,0.4180676167795602
stable_mutable,13177,155,46,5.318821236354281,0.09245089256195403,0.7489840706068877,False,0.5358834319916669,0.4361793804194268,0.42659851440409896,0.4180676167795602
stable_mutable,13177,160,47,5.204378231325466,0.09306503301059044,0.7502277510482689,False,0.5391357271076395,0.4384417487624913,0.42842783992832567,0.41566044980945305
stable_mutable,13177,165,47,5.248496883240358,0.09339398945187177,0.744677007779775,False,0.5358336967666666,0.43524093099705013,0.43055573003602005,0.41920043741274565
stable_mutable,13177,170,46,5.558864206789062,0.09427833681924579,0.7433126590064699,False,0.5357576224686625,0.4358776744983553,0.43177563472474273,0.41962990836605996
stable_mutable,13177,175,47,5.453143691750995,0.093713268421398,0.744677007779775,False,0.5370035943246158,0.4362566303937038,0.43208646859189115,0.4173182902811454
stable_mutable,13177,180,47,5.477707436431846,0.0930003854916374,0.7312276407740262,False,0.5318128150271216,0.42877632647291825,0.4340621360318634,0.41534192224359084
stable_mutable,13177,185,47,5.488345734304186,0.09356600117774308,0.7243307673955954,False,0.5312117236891117,0.42572802874631527,0.4259134109892668,0.4161681302862646
stable_mutable,13177,190,49,5.264637745148913,0.09400588869994392,0.7209412638875021,False,0.5312984351953317,0.4259856582256413,0.42250667087064403,0.42039424231572337
stable_mutable,13177,195,49,5.25086223494483,0.09400588869994392,0.7209412638875021,False,0.5312984351953317,0.4259856582256413,0.42250667087064403,0.42039424231572337
stable_mutable,13177,200,46,5.6022054241803625,0.09280613584220739,0.6938375879555255,False,0.5383083958067368,0.4291309275484229,0.421653806277011,0.4117962808472152
stable_mutable,13177,205,47,5.502903181112696,0.09258815451782505,0.6936514160563302,False,0.5398917722206884,0.4308727937839367,0.4220676575987415,0.40922000216693255
stable_mutable,13177,210,47,5.513009564091418,0.09258815451782505,0.6936514160563302,False,0.5398917722206884,0.4308727937839367,0.4220676575987415,0.40922000216693255
stable_mutable,13177,215,46,5.655359685049928,0.09235144962021485,0.698723920157043,False,0.5430493377250064,0.42984827573611323,0.4214115991597561,0.40654330254809035
stable_mutable,13177,220,46,5.460250989397753,0.09330357348267419,0.6744244318057556,False,0.5449004475562335,0.4302376901383463,0.4222818502311377,0.41097765546515475
stable_mutable,13177,225,42,5.3739636093404,0.0914987303435004,0.6533847743321629,False,0.5464217141736349,0.42476872195324733,0.41798159776744787,0.40467297340008007
stable_mutable,13177,230,38,5.3508515682183395,0.09096427222474453,0.6494149827229966,False,0.5433868629630386,0.4312240921976645,0.42162240659013234,0.40709046308057856
stable_mutable,13177,235,36,5.5110346553415805,0.09199544658635601,0.634601809765572,False,0.5424193229157093,0.4269733630990651,0.41642259185473146,0.40878397709040487
stable_mutable,13177,240,30,5.865693802666642,0.093106565349614,0.5986044988974075,False,0.546263194493319,0.42153982959760294,0.4144374780451447,0.4070167827115457
stable_mutable,13177,245,30,6.115693802666639,0.093106565349614,0.5986044988974075,False,0.546263194493319,0.42153982959760294,0.4144374780451447,0.4070167827115457
stable_mutable,13177,250,24,6.507301559231972,0.0950216451583547,0.5843488440077831,False,0.5493138476364311,0.4205412328762961,0.420919721981823,0.41623734839052573
stable_mutable,13177,255,23,6.592326844415974,0.09646842149166983,0.5674943900639957,False,0.550652426503175,0.4056191558672247,0.4163219689804613,0.42421793831679894
stable_mutable,13177,259,21,6.907206399122259,0.09547176622571835,0.5458806098591774,False,0.5422818874834328,0.39513823457696856,0.40552557359895497,0.42784014989831765
scarcity_mutable,13177,0,72,6.894857676977219,0.09827402934227941,0.9999999999999998,False,0.48364435370155623,0.49869394704270104,0.44441474933402225,0.422459344235959
scarcity_mutable,13177,5,74,7.107361102300437,0.09712919137756292,0.9976457266718767,False,0.4828278384203703,0.499498979095188,0.4436767855838375,0.4220263718368397
scarcity_mutable,13177,10,85,6.7752908420027325,0.09788558320677163,0.9892354577680827,False,0.48759229878456867,0.4917796437050613,0.43683856663641685,0.4101215099831393
scarcity_mutable,13177,15,92,6.456573060546003,0.09776914277463,0.9833247917127548,False,0.4910192788767049,0.4913952016327336,0.43560150622218824,0.40570829677870884
scarcity_mutable,13177,20,94,6.136326825215235,0.09784853023048684,0.9817293451745189,False,0.49415808328806154,0.4919116617983119,0.43760326397248805,0.4052929014581161
scarcity_mutable,13177,25,95,5.787418121791915,0.09792238806363084,0.9816401763047491,False,0.4943848458567701,0.4915836008774826,0.43685583875706024,0.40315579889218767
scarcity_mutable,13177,30,96,5.498070016356583,0.09800928000793589,0.9815785045184847,False,0.4940955600565551,0.49029820410571495,0.4381200138426713,0.40443936017863097
scarcity_mutable,13177,35,97,5.163089913095173,0.09772909514674456,0.9788536796590164,False,0.49487841202201666,0.49078224909886387,0.4373035096511506,0.40394043109182065
scarcity_mutable,13177,40,97,4.871595067734348,0.09772909514674456,0.9788536796590164,False,0.49487841202201666,0.49078224909886387,0.4373035096511506,0.40394043109182065
scarcity_mutable,13177,45,97,4.57906929453847,0.09772909514674456,0.9788536796590164,False,0.49487841202201666,0.49078224909886387,0.4373035096511506,0.40394043109182065
scarcity_mutable,13177,50,97,4.305722902785892,0.09727740787324438,0.9756787600663986,False,0.4970816876314879,0.4930407228114495,0.436567005940779,0.4040932944105715
scarcity_mutable,13177,55,97,4.050825995569397,0.09727740787324438,0.9756787600663986,False,0.4970816876314879,0.4930407228114495,0.436567005940779,0.4040932944105715
scarcity_mutable,13177,60,87,4.178422616049417,0.09591937110150328,0.9394317168844809,False,0.5033425042104559,0.4809815771418828,0.4412284418971122,0.4063849848081494
scarcity_mutable,13177,65,81,4.178861328349372,0.0963655497470526,0.9149583728362787,False,0.5065700191070969,0.47510636519318533,0.43873173685745465,0.4031058090361716
scarcity_mutable,13177,70,77,4.122308670081806,0.09453765915236212,0.8956791051636815,False,0.5119724164598117,0.4669599684450788,0.4412271928235503,0.41022228382382436
scarcity_mutable,13177,75,76,3.9254416788986735,0.09458388698110372,0.8953084623670438,False,0.5134641524765587,0.4681379969161684,0.4408567356592738,0.40881669042505203
scarcity_mutable,13177,80,75,3.732460901283987,0.09555256434553988,0.8890155913406961,False,0.515877594986648,0.46790664934546927,0.43713261592955577,0.40887797597297515
scarcity_mutable,13177,85,66,3.9914752655238703,0.095890519618156,0.8641882508682812,False,0.5176214819964343,0.46183673828960214,0.43285846963680613,0.40845595969434223
scarcity_mutable,13177,90,59,4.322310771602974,0.09430063477080994,0.8459749685488318,False,0.5251329048530754,0.45624010203702675,0.4350016553935034,0.41095167963703616
scarcity_mutable,13177,95,59,4.242056534314839,0.09288883763239161,0.8404808490778786,False,0.5231844237553482,0.4563554895707915,0.4327032395929979,0.4176426490514897
scarcity_mutable,13177,100,56,4.465866705795991,0.09391329897103516,0.8280155642363782,False,0.5224625100040227,0.4572588664592656,0.4317905500233576,0.4176642996175485
scarcity_mutable,13177,105,52,4.719403757257222,0.09442069704718853,0.8194623057615712,False,0.5255723752540585,0.45499920813493655,0.4277904424249614,0.4250722296481092
scarcity_mutable,13177,110,53,4.551867837308972,0.09526112913596102,0.8075386654597335,False,0.5253734029985577,0.44678670789219205,0.4232053898171514,0.4260107036252069
scarcity_mutable,13177,115,50,4.726460907301941,0.0946810849953943,0.7882535344375724,False,0.5270790728363004,0.4490970893214268,0.4218509195222469,0.42867208602200085
scarcity_mutable,13177,120,49,4.770497487189736,0.09331402730995775,0.7834452385176386,False,0.5296696536999718,0.4416532800252919,0.4265222548876781,0.42884140264642384
scarcity_mutable,13177,125,46,5.08856906244124,0.09312120384051602,0.7701244868320773,False,0.5327918020420322,0.437143001784078,0.4278435307951333,0.4252652537095877
scarcity_mutable,13177,129,46,5.05911254070211,0.09466148559851713,0.7630776814236808,False,0.5324430984870585,0.4358017348539409,0.42451767842163113,0.4195589670750307
scarcity_mutable,13177,130,46,4.9720908015716745,0.09466148559851713,0.7630776814236808,True,0.5324430984870585,0.4358017348539409,0.42451767842163113,0.4195589670750307
scarcity_mutable,13177,135,46,4.559808192876022,0.09466148559851713,0.7630776814236808,True,0.5324430984870585,0.4358017348539409,0.42451767842163113,0.4195589670750307
scarcity_mutable,13177,140,44,4.392540383461295,0.09353757413545455,0.7540434083951267,True,0.5385482265437888,0.4351038362356411,0.42483449352474184,0.41721279303994074
scarcity_mutable,13177,145,43,4.109552950518535,0.0931436521071559,0.7456259245608032,True,0.5389084658334037,0.43511061485562913,0.42006942268233155,0.41546181690420275
scarcity_mutable,13177,150,39,4.099762910571718,0.09204599044265566,0.7173794199632275,True,0.543054275456077,0.43278955586653833,0.4186121811586523,0.4123018341854217
scarcity_mutable,13177,155,39,3.743609064417871,0.09204599044265566,0.7173794199632275,True,0.543054275456077,0.43278955586653833,0.4186121811586523,0.4123018341854217
scarcity_mutable,13177,160,38,3.722035618744657,0.09271091363317727,0.6937999458351647,True,0.5420637619179626,0.4316568059036217,0.4153837613498435,0.4141652879064138
scarcity_mutable,13177,165,37,3.840730162162138,0.09140553566584636,0.6762763291532455,True,0.5344408622590038,0.4256590292917378,0.4211039783500377,0.4111347936980426
scarcity_mutable,13177,170,37,3.6685788108107875,0.09222499132216411,0.6729695847570709,True,0.5323462124282816,0.4245433913588171,0.42527735367925484,0.41340884323672983
scarcity_mutable,13177,175,34,3.7087562352940937,0.09148337859231018,0.6552847389748058,True,0.5409558723429874,0.4228263445560128,0.4232571084081143,0.40197552852824153
scarcity_mutable,13177,180,31,3.866180903225782,0.09045034065907293,0.6486737008156913,True,0.5350582477600044,0.4226647192618901,0.42501829613535924,0.4048641918282711
scarcity_mutable,13177,185,28,4.286825714285689,0.08966713618441569,0.6286597474976522,True,0.5298800054774107,0.42455857483956466,0.4358603748011354,0.417603261577938
scarcity_mutable,13177,190,27,4.18197303703701,0.09013225348659465,0.6265876185481742,True,0.5276290624221274,0.42093443829980715,0.4368329434432237,0.42090478056841535
scarcity_mutable,13177,195,26,4.080267076923049,0.08897088416842053,0.6122218331958905,True,0.5278304825527467,0.42126918867628027,0.441515533486935,0.4283566720746648
scarcity_mutable,13177,200,26,3.7747670769230486,0.08897088416842053,0.6122218331958905,True,0.5278304825527467,0.42126918867628027,0.441515533486935,0.4283566720746648
scarcity_mutable,13177,205,25,3.6288857599999718,0.08991830602289207,0.6100327295542274,True,0.5293779881456598,0.4177408760298708,0.44357319563056136,0.4302810517486019
scarcity_mutable,13177,210,24,3.4646809999999704,0.08939683621666358,0.6164594956840724,True,0.5349534244258747,0.41336761341306755,0.4442093692594693,0.42640795730258274
scarcity_mutable,13177,215,22,3.5319996363636075,0.08811095844581152,0.61406822823743,True,0.5359339645572411,0.4193074416005972,0.45190761057311557,0.4333528540179979
scarcity_mutable,13177,220,20,3.2319383999999687,0.09015675833099185,0.6072098678339248,True,0.54127861309934,0.4256989881793463,0.44717809786964147,0.4347236410415647
scarcity_mutable,13177,225,14,3.5593194285714,0.08949242843725186,0.5069891900080077,True,0.5205594910283705,0.412974688680733,0.4317205915693897,0.4332655642918618
scarcity_mutable,13177,230,12,3.7952726666666394,0.08855224471178252,0.45259565549140285,True,0.5060784778170028,0.41484272901651204,0.4308198836858488,0.4340607718421065
scarcity_mutable,13177,235,12,3.8436893333333058,0.08855224471178252,0.45259565549140285,True,0.5060784778170028,0.41484272901651204,0.4308198836858488,0.4340607718421065
scarcity_mutable,13177,240,11,3.5670247272726994,0.08708180015623093,0.4205734458096883,True,0.5045867148419411,0.4229806821751038,0.4415433479143674,0.4229006363126148
scarcity_mutable,13177,245,11,3.3950247272726988,0.08708180015623093,0.4205734458096883,True,0.5045867148419411,0.4229806821751038,0.4415433479143674,0.4229006363126148
scarcity_mutable,13177,250,7,3.6731462857142643,0.06948288845011581,0.23481900272474984,True,0.46862557708063024,0.42100327455366715,0.48684373599434216,0.4687346243190947
scarcity_mutable,13177,255,7,3.3432891428571208,0.06948288845011581,0.23481900272474984,True,0.46862557708063024,0.42100327455366715,0.48684373599434216,0.4687346243190947
scarcity_mutable,13177,259,6,3.386011999999983,0.04114922695899528,0.16207652439312228,True,0.4324618384599288,0.3965603532649436,0.4845295495291446,0.49048890640096127
scarcity_frozen,13177,0,72,6.894857676977219,0.09827402934227941,0.9999999999999998,False,0.48364435370155623,0.49869394704270104,0.44441474933402225,0.422459344235959
scarcity_frozen,13177,5,74,7.09317191311125,0.09723871480832603,0.9976457266718767,False,0.4826456887910887,0.4977487763875043,0.4440736834974894,0.4210165750054623
scarcity_frozen,13177,10,88,6.765792290570821,0.09782301998789233,0.9879853083426379,False,0.4902582038431102,0.48922700258973517,0.4368412993579541,0.4081066897905666
scarcity_frozen,13177,15,95,6.502470753370865,0.0967254537837681,0.979515928871825,False,0.4932593557063728,0.4839780494927367,0.43922720501584095,0.4052574541841171
scarcity_frozen,13177,20,95,6.359049700739284,0.0967254537837681,0.979515928871825,False,0.4932593557063728,0.4839780494927367,0.43922720501584095,0.4052574541841171
scarcity_frozen,13177,25,97,6.056131150208577,0.09653451725372988,0.9767732311422354,False,0.49491340138398476,0.48204792743199665,0.43995536891936754,0.4059300550013705
scarcity_frozen,13177,30,100,5.727397215702321,0.09681189339195699,0.9737168253464916,False,0.4958992406877133,0.4784299828634848,0.4411907578960747,0.4104868298845991
scarcity_frozen,13177,35,101,5.497472490794372,0.09671834113298566,0.9726434189924764,False,0.49709779532910825,0.4790262924016275,0.4419697061672462,0.40981912259880515
scarcity_frozen,13177,40,103,5.276453607477979,0.09619729198121228,0.9666419875518182,False,0.49831329715982786,0.47756185328232154,0.44230945276568195,0.40807764606927266
scarcity_frozen,13177,45,106,5.053204920473883,0.09567920413261922,0.96003637168731,False,0.4997338462777007,0.4772589528614807,0.4438637384964649,0.40706392065750074
scarcity_frozen,13177,50,106,4.919714354436147,0.09567920413261922,0.96003637168731,False,0.4997338462777007,0.4772589528614807,0.4438637384964649,0.40706392065750074
scarcity_frozen,13177,55,109,4.584584601561756,0.09543035121861387,0.9549848405219947,False,0.5007738955124347,0.4746838594733244,0.4425994246997066,0.40634714584957665
scarcity_frozen,13177,60,97,4.859255336044322,0.09126152036892692,0.9134893611323306,False,0.508145372725858,0.45838890829447565,0.4441169283626937,0.40811929826477206
scarcity_frozen,13177,65,92,4.8904366043076,0.09155689685476719,0.8961488616202415,False,0.5112081394785447,0.45517903297401024,0.4457639007719963,0.4100059193380889
scarcity_frozen,13177,70,91,4.718604566204126,0.09047324010735751,0.8818673002529004,False,0.5140701453133871,0.4539878357462547,0.4481235066881524,0.40981195242941115
scarcity_frozen,13177,75,89,4.651018151961522,0.09101419779797987,0.8741603990912179,False,0.5178435689588763,0.45189807457628073,0.4488830448485356,0.4130526250045026
scarcity_frozen,13177,80,87,4.610105925569833,0.0896263788291303,0.8504303974983929,False,0.5199338828461635,0.44903324953078,0.4509868256864174,0.4145954172601236
scarcity_frozen,13177,85,83,4.655890018368378,0.0899038393921321,0.833989502781245,False,0.5147702965479437,0.44517090582607355,0.4493245780312762,0.41129932704671635
scarcity_frozen,13177,90,79,4.653540145880703,0.08959194385463269,0.8164544990840972,False,0.5166442112610576,0.4427234758582168,0.44845491283204514,0.41164536387101575
scarcity_frozen,13177,95,77,4.546951578241238,0.0889551948357758,0.794421867408442,False,0.5189590978155405,0.4425256467158878,0.44478004796361104,0.40839531488977965
scarcity_frozen,13177,100,74,4.568719885467234,0.08659398126738838,0.7761588118415603,False,0.5217331106756005,0.4349012702490785,0.44624071765162354,0.4097869984709386
scarcity_frozen,13177,105,72,4.523128771174658,0.08497285687404138,0.763356419513668,False,0.523072619326454,0.43134294057832423,0.4449440750947451,0.40685687273559723
scarcity_frozen,13177,110,72,4.4320648822857684,0.08502030912076539,0.7561592030604136,False,0.523355439120014,0.4313103981869404,0.44612499928407723,0.4057553214545917
scarcity_frozen,13177,115,67,4.696485127232469,0.08663575089139014,0.7306932160457347,False,0.5258340719190234,0.43409833302195194,0.44994003170971153,0.4087923524653902
scarcity_frozen,13177,120,65,4.77128417730116,0.08552481806422682,0.7158384706394694,False,0.5294189643263929,0.43422164616067493,0.4511102231492213,0.40476591904601
scarcity_frozen,13177,125,68,4.440786345949638,0.08632806605730965,0.7121122914914051,False,0.5308047152920147,0.4371484936517227,0.4497956861801933,0.4063412218873439
scarcity_frozen,13177,129,64,4.684534289093949,0.08571056238021854,0.706356320972231,False,0.5272671564446603,0.4322701649690532,0.4482795666212814,0.40293848330798937
scarcity_frozen,13177,130,65,4.539587607723273,0.08522784955209738,0.700859065014688,True,0.5277660638779912,0.431829203627335,0.4484516756884414,0.401664554046757
scarcity_frozen,13177,135,61,4.381335828771619,0.08471819166523199,0.6893631597887209,True,0.5309936600510782,0.432879792569696,0.45023786177831476,0.403865801506943
scarcity_frozen,13177,140,58,4.158354313708082,0.08583405326085347,0.6934287786688008,True,0.5325466463061929,0.4326342609159762,0.44954489505744727,0.4069414719591955
scarcity_frozen,13177,145,54,3.996408490778013,0.08615138063512544,0.6939288452646223,True,0.5352719493800668,0.43261305647336457,0.44807121849874726,0.4085017336344845
scarcity_frozen,13177,150,55,3.5681647000365944,0.08558570224521536,0.6879277939544841,True,0.5357160255660869,0.43208568595125557,0.44827840827125526,0.4068950308652736
scarcity_frozen,13177,155,50,3.684715740405593,0.0848843549898876,0.6673481416033723,True,0.5379786678653538,0.4324457107849417,0.44809829556395575,0.40593914978407575
scarcity_frozen,13177,160,48,3.453874779861161,0.08559940015366715,0.6374806942390501,True,0.5392379160987556,0.43117871346996167,0.4482054132011324,0.4076297835332683
scarcity_frozen,13177,165,45,3.259341228418043,0.08715112499115346,0.6398401055224177,True,0.5372483213349819,0.43095847700779694,0.44939643933039397,0.41386922663125864
scarcity_frozen,13177,170,41,3.1539983238734624,0.08589118775528985,0.6143917873669927,True,0.542929898559397,0.42244710458521434,0.4452117225882551,0.4079452485542352
scarcity_frozen,13177,175,38,3.005041391884528,0.08373337697950893,0.6051100188501685,True,0.5457808114463709,0.4225329863461567,0.446398432107632,0.4093109902242626
scarcity_frozen,13177,180,36,2.776172026242905,0.08398116321499788,0.5992227980988234,True,0.5439162918135412,0.41865114218764216,0.446863276208782,0.4150543882126038
scarcity_frozen,13177,185,34,2.536963086610135,0.08400557168191058,0.5813503146565517,True,0.5478248646639446,0.41610978262083387,0.44463542849541315,0.4139628857191663
scarcity_frozen,13177,190,31,2.4274488775694723,0.08493008494859439,0.5950072226505185,True,0.5477589451806495,0.41119853206033924,0.4395458684865811,0.41799871193198895
scarcity_frozen,13177,195,26,2.535917019083175,0.08568825008705114,0.5850146206934319,True,0.5435537304866677,0.4159602966941934,0.4325769464205675,0.41430298578208447
scarcity_frozen,13177,200,22,2.7066655680073923,0.07954608505266218,0.5635684765410895,True,0.5491887538571709,0.4161677074482295,0.4509517062493732,0.41957152725939134
scarcity_frozen,13177,205,22,2.4696655680073922,0.07954608505266218,0.5635684765410895,True,0.5491887538571709,0.4161677074482295,0.4509517062493732,0.41957152725939134
scarcity_frozen,13177,210,20,2.4759137599011245,0.08191444338191085,0.5809120400882234,True,0.5481380152817714,0.41742371041731535,0.4501002112756419,0.42951537185254196
scarcity_frozen,13177,215,20,2.2369637599011236,0.08191444338191085,0.5809120400882234,True,0.5481380152817714,0.41742371041731535,0.4501002112756419,0.42951537185254196
scarcity_frozen,13177,220,20,2.0194637599011225,0.08191444338191085,0.5809120400882234,True,0.5481380152817714,0.41742371041731535,0.4501002112756419,0.42951537185254196
scarcity_frozen,13177,225,17,2.1776290943108467,0.08266793476024314,0.5480748125007465,True,0.5546180816323367,0.42178133657221123,0.43737896775485413,0.4360442522026658
scarcity_frozen,13177,230,13,1.9186358556372707,0.07762356100691428,0.5249498585226707,True,0.5608734334760079,0.40096204740459684,0.42829211222836194,0.4505659087681921
scarcity_frozen,13177,235,11,2.1064573284563526,0.08046597845948508,0.5017557351632711,True,0.5552146115218253,0.4038088374338408,0.4153291967313106,0.4445942415523032
scarcity_frozen,13177,240,9,1.683961623668883,0.07490504419867372,0.44173641597924546,True,0.562083004160638,0.39146768975301693,0.40922333923173443,0.4285780569449547
scarcity_frozen,13177,245,9,1.871628290335549,0.07490504419867372,0.44173641597924546,True,0.562083004160638,0.39146768975301693,0.40922333923173443,0.4285780569449547
scarcity_frozen,13177,250,4,1.4781494088467844,0.07130710685404364,0.32415304878624457,True,0.5857797736184377,0.43203995047080457,0.44263713783208075,0.46800284617021604
scarcity_frozen,13177,255,4,1.6661494088467836,0.07130710685404364,0.32415304878624457,True,0.5857797736184377,0.43203995047080457,0.44263713783208075,0.46800284617021604
scarcity_frozen,13177,259,4,1.8016494088467832,0.07130710685404364,0.32415304878624457,True,0.5857797736184377,0.43203995047080457,0.44263713783208075,0.46800284617021604
