stepStart,stepEnd,totalVector,withinVector,reweightingVector,totalNorm,withinNorm,reweightingNorm,decompositionError,lineageTurnoverTV,lineageCountStart,lineageCountEnd,condition,seed
179,180,"[0.0034778899172661637,0.002423245034572974,-0.0013285842458267694,0.0013126326688545076]","[0.0006385712771051321,0.0001204435488138516,0.00035036585325168664,5.875265613269566e-05]","[0.0028393186401610496,0.0023028014857590802,-0.001678950099078437,0.0012538800127217544]",0.004632059519890414,0.0007405997772899903,0.004213752905033567,7.588981514137946e-17,0.017532467532467535,27,27,scarcity_mutable,14003
180,185,"[0.0007780667366360516,-0.0019380058898576524,0.0001183289519047781,-0.001120680892744197]","[0.0,0.0,0.0,0.0]","[0.0007780667366360652,-0.00193800588985768,0.00011832895190475535,-0.0011206808927441722]",0.002373011184129405,0.0,0.002373011184129419,4.5507119979992e-17,0.01785714285714286,27,26,scarcity_mutable,14003
185,190,"[0.0025828572275967687,-0.0036544685013144007,0.0002649640249939855,0.001812333736941396]","[-0.0017517846103485301,0.00013107421498782129,0.00024354971543678357,-0.0009757654423987135]","[0.004334641837945251,-0.0037855427163021086,2.141430955713544e-05,0.0027880991793402666]",0.0048353956398463375,0.0020241947617157595,0.006394795471843099,2.1047283239887516e-16,0.0482517482517483,26,25,scarcity_mutable,14003
190,195,"[-0.0027554953263220217,-0.002547686439073771,0.0019501663253749246,-0.0013165236440998984]","[0.0006880170640855451,0.0001297697215863138,0.0003774953468042744,6.330198590029849e-05]","[-0.0034435123904076274,-0.0026774561606601435,0.0015726709785706284,-0.0013798256300002081]",0.00442942929589392,0.0007979458248473285,0.004837743466864648,8.815810473304541e-17,0.018853695324283527,25,25,scarcity_mutable,14003
195,200,"[-0.0016058295939692657,-0.0049806234154245455,0.002653515707242926,-0.002533895636101513]","[0.0,0.0,0.0,0.0]","[-0.0016058295939692271,-0.00498062341542454,0.002653515707242881,-0.002533895636101537]",0.006391171331953321,0.0,0.0063911713319532975,6.418769882039771e-17,0.039215686274509776,25,23,scarcity_mutable,14003
200,205,"[-0.0021959102104113226,0.0007894260217055638,-0.0020185231725393105,-0.00019384785785692138]","[-6.518888141715968e-05,0.0005822671951323049,0.0001320700973016353,0.0002258360991943679]","[-0.0021307213289942376,0.00020715882657325695,-0.0021505932698409357,-0.0004196839570512969]",0.003091476651376887,0.0006416612276647654,0.0030633436303081543,7.566667565318012e-17,0.018282312925170074,23,23,scarcity_mutable,14003
205,210,"[-0.008316140068461264,-0.005106613393195902,0.0015328959777106133,-0.004874509194080945]","[-0.0026001404922341475,-0.001380354883052539,-0.003044079918572767,0.00041196150273717315]","[-0.005715999576227053,-0.003726258510143379,0.0045769758962834585,-0.005286470696818193]",0.011015729478681641,0.004254673314476457,0.009770011997091968,1.2622125048941915e-16,0.09205426356589151,23,22,scarcity_mutable,14003
210,215,"[-0.0031268469091632056,-0.0028086173832659878,-0.0034055479759262375,0.00016344751086017073]","[0.0015313048740656704,2.1840637378782587e-05,-0.0009681983888139142,0.0005246672753667944]","[-0.004658151783228884,-0.002830458020644744,-0.0024373495871123215,-0.0003612197645065782]",0.00541202136951334,0.00188628086474975,0.005981724113522571,5.3220551544522986e-17,0.04310833806012479,22,22,scarcity_mutable,14003
215,220,"[-0.002274629033349629,-0.0006154227346193974,-0.005129705640903148,-0.0008556004956551955]","[0.0007578921994316215,-0.0003648073688261949,-0.00017737119483463384,9.721924030272214e-05]","[-0.0030325212327811718,-0.0002506153657931459,-0.0049523344460685615,-0.0009528197359579091]",0.0057095196428528444,0.0008650994877765772,0.0058900318338518665,1.0784231520531934e-16,0.07124518613607189,22,20,scarcity_mutable,14003
220,225,"[0.005199964782746536,0.00573164765599421,-0.0030962352704976825,-0.0034284677522307683]","[0.004717313498975357,-0.0013665863675772836,0.0002230361881894747,-0.00292106574667982]","[0.00048265128377151384,0.0070982340235714,-0.0033192714586871303,-0.0005074020055509578]",0.009012906444240298,0.005718651518088108,0.007867203971348718,3.4882826242443e-16,0.09569377990430623,20,19,scarcity_mutable,14003
225,230,"[-0.006266129830425626,-0.012969113087662576,-0.0029228675458310427,-0.003181530131201371]","[0.003061999936863622,4.2070778897765034e-05,3.3734134420284256e-05,-0.0008168200352671258]","[-0.009328129767289466,-0.01301118386656027,-0.0029566016802511914,-0.0023647100959343598]",0.015037538561830696,0.003169534118072996,0.016451086830307236,2.889551550332039e-16,0.12987012987012986,19,16,scarcity_mutable,14003
230,235,"[-0.002625848849872381,0.002495359597562752,-0.003564778835095206,-0.005510376240811132]","[0.0036915582406109454,8.29671753623368e-05,-0.0010342250450007784,-0.001602159710307674]","[-0.0063174070904832924,0.0024123924222003938,-0.0025305537900944166,-0.003908216530503307]",0.007496252141034425,0.004155842029847888,0.008210184436383813,1.5649450924449628e-16,0.05494505494505498,16,16,scarcity_mutable,14003
235,240,"[0.009770524129430358,0.00812891619720596,0.0028370945446178353,0.005834641109079719]","[0.00249978344463935,4.641041619116225e-05,-0.001170224546286609,-0.0006854104454762531]","[0.00727074068479105,0.008082505781014774,0.004007319090904395,0.006520051554555963]",0.014270058256077358,0.0028443424836548195,0.013295121224569842,6.970264852407413e-17,0.09531772575250834,16,16,scarcity_mutable,14003
240,245,"[0.010342725709814315,0.007508298492409526,-0.003069955711013761,-0.0023585886090873864]","[0.002322133525252315,-0.0031218245464003235,-0.0002523574347156086,0.0005377396526974674]","[0.008020592184562015,0.010630123038809808,-0.002817598276298154,-0.0028963282617848183]",0.013354178733792505,0.00393585325139896,0.013916069569311018,5.651179569181987e-17,0.11739130434782616,16,15,scarcity_mutable,14003
245,250,"[-0.006972332476323007,0.000930175991921689,-0.004979241713026272,-0.0029983133631653613]","[0.0014066355521754111,0.00034741942284488363,0.001740158697775835,-0.002702667793735583]","[-0.008378968028498508,0.0005827565690767145,-0.006719400410802189,-0.0002956455694298756]",0.009124767317406662,0.0035258884453076714,0.010760318704611605,1.8021214405582121e-16,0.04736842105263153,15,15,scarcity_mutable,14003
250,255,"[-0.0059043328685757235,-0.024532190726876346,0.0036286425743322637,-0.007351476692296632]","[0.0,0.0,0.0,0.0]","[-0.005904332868575682,-0.024532190726876266,0.003628642574332211,-0.007351476692296622]",0.026531128603442762,0.0,0.026531128603442672,1.0470407076333207e-16,0.10526315789473692,15,13,scarcity_mutable,14003
255,260,"[0.01189794278709766,-0.008887051197161211,-0.008751210076883731,0.004785325038913768]","[0.0,0.0,0.0,0.0]","[0.01189794278709773,-0.008887051197161227,-0.008751210076883717,0.004785325038913787]",0.01788920722345795,0.0,0.017889207223458006,7.654436623743477e-17,0.05882352941176471,13,12,scarcity_mutable,14003
260,265,"[0.0,0.0,0.0,0.0]","[0.0,0.0,0.0,0.0]","[0.0,0.0,0.0,0.0]",0.0,0.0,0.0,0.0,0.0,12,12,scarcity_mutable,14003
265,270,"[0.0,0.0,0.0,0.0]","[0.0,0.0,0.0,0.0]","[0.0,0.0,0.0,0.0]",0.0,0.0,0.0,0.0,0.0,12,12,scarcity_mutable,14003
270,275,"[0.006943868775551865,0.010979437070495146,-0.0021674484882027722,0.0034921747418811266]","[0.0,0.0,0.0,0.0]","[0.006943868775551873,0.010979437070495198,-0.002167448488202683,0.0034921747418811596]",0.013625654822205508,0.0,0.013625654822205548,1.0886340067002425e-16,0.06249999999999999,12,11,scarcity_mutable,14003
275,280,"[0.00645493481021564,0.0004905683379577419,0.0050260837052049645,-0.00955403521968995]","[-0.004668454277359421,0.0019004350309591357,0.0013465301670101204,-0.0017776931093164317]","[0.011123389087575106,-0.0014098666930013322,0.0036795535381948705,-0.00777634211037342]",0.012587610857074629,0.005511756065744523,0.01413251993607753,1.262570072183204e-16,0.10256410256410262,11,10,scarcity_mutable,14003
280,285,"[-0.0009672713603627869,-0.010540673197143358,0.0018901512706614998,0.004951377375789601]","[0.0,0.0,0.0,0.0]","[-0.0009672713603628511,-0.010540673197143392,0.0018901512706614612,0.004951377375789538]",0.011837660878611907,0.0,0.011837660878611912,1.035044607480766e-16,0.07692307692307684,10,9,scarcity_mutable,14003
285,290,"[0.007240623616878938,-0.00929079847147718,-0.004742109244457282,0.0099567692255636]","[0.00488033304575289,-0.001961700185630968,-0.004335673755698028,0.004937602149629387]","[0.002360290571126052,-0.007329098285846165,-0.000406435488759255,0.005019167075934177]",0.016135997648004455,0.008416881854917868,0.009200210932712595,5.841666817108909e-17,0.07575757575757575,9,9,scarcity_mutable,14003
290,295,"[0.005733831131244482,-0.002857705665044452,0.00032981924145975006,-0.006560112151786701]","[0.0023925771588820892,-0.007739298872093359,-0.0035967609043297804,9.920402396702252e-05]","[0.003341253972362416,0.004881593207048882,0.003926580145789606,-0.006659316175753724]",0.00917535575799174,0.008863842447498504,0.009734395405822478,8.242218725726807e-17,0.07272727272727272,9,9,scarcity_mutable,14003
295,300,"[0.0,0.0,0.0,0.0]","[0.0,0.0,0.0,0.0]","[0.0,0.0,0.0,0.0]",0.0,0.0,0.0,0.0,0.0,9,9,scarcity_mutable,14003
300,305,"[0.0022159559467276324,0.000782801475694539,0.00016623772811069637,-0.004911772570343087]","[0.0,0.0,0.0,0.0]","[0.0022159559467275908,0.0007828014756945112,0.00016623772811063392,-0.0049117725703431425]",0.005447603479807359,0.0,0.005447603479807386,9.739201700399851e-17,0.09999999999999995,9,8,scarcity_mutable,14003
305,310,"[0.018974629172951563,0.014552131469737106,0.027120345289528003,-0.009131801053599842]","[-0.0002165612072657641,-0.0025547781971311987,0.0017641427350603962,-0.0012872563503407099]","[0.019191190380217195,0.0171069096668683,0.02535620255446757,-0.007844544703259047]",0.03729214396718548,0.003367939859051554,0.036951617503767686,1.60740641749901e-16,0.19047619047619047,8,7,scarcity_mutable,14003
310,315,"[0.0,0.0,0.0,0.0]","[0.0,0.0,0.0,0.0]","[0.0,0.0,0.0,0.0]",0.0,0.0,0.0,0.0,0.0,7,7,scarcity_mutable,14003
315,320,"[-0.012101772879343997,-0.028140214328088553,0.022168512946668717,0.01226451927554012]","[0.0,0.0,0.0,0.0]","[-0.012101772879343903,-0.02814021432808852,0.022168512946668748,0.012264519275540078]",0.03975155303356964,0.0,0.039751553033569594,1.1263686567305979e-16,0.28571428571428575,7,5,scarcity_mutable,14003
320,325,"[0.0,0.0,0.0,0.0]","[0.0,0.0,0.0,0.0]","[0.0,0.0,0.0,0.0]",0.0,0.0,0.0,0.0,0.0,5,5,scarcity_mutable,14003
325,330,"[0.0038552535517685227,-0.05152520512302433,0.02634676940018338,-0.020157682530476673]","[0.0,0.0,0.0,0.0]","[0.0038552535517684394,-0.05152520512302436,0.02634676940018335,-0.020157682530476728]",0.061401906857556796,0.0,0.06140190685755682,1.0749688212373146e-16,0.3999999999999999,5,3,scarcity_mutable,14003
330,335,"[0.0,0.0,0.0,0.0]","[0.0,0.0,0.0,0.0]","[0.0,0.0,0.0,0.0]",0.0,0.0,0.0,0.0,0.0,3,3,scarcity_mutable,14003
335,339,"[0.0,0.0,0.0,0.0]","[0.0,0.0,0.0,0.0]","[0.0,0.0,0.0,0.0]",0.0,0.0,0.0,0.0,0.0,3,3,scarcity_mutable,14003
179,180,"[0.016360171395076062,0.0005526618556023211,-0.03588036241631848,-0.05120675246499018]","[-0.012674542102089431,0.0015831792334246707,-0.006972287268396458,0.002811324809300112]","[0.02903471349716559,-0.0010305173778224104,-0.02890807514792204,-0.054018077274290255]",0.06463352495679035,0.014821160916716826,0.0678063863887288,1.214925819315949e-16,0.8545454545454542,27,3,neutral_bottleneck_mutable,14003
180,185,"[0.0,0.0,0.0,0.0]","[0.0,0.0,0.0,0.0]","[0.0,0.0,0.0,0.0]",0.0,0.0,0.0,0.0,0.0,3,3,neutral_bottleneck_mutable,14003
185,190,"[-0.02993642862161916,-0.0517735185478545,0.010785226756990285,-0.024097691647471164]","[-0.0002570807462159754,-0.0003785692711059362,6.220702076763692e-06,-0.015291555725411575]","[-0.029679347875403134,-0.05139494927674854,0.01077900605491354,-0.008806135922059546]",0.06537359436636962,0.015298402544174423,0.060959326627501406,7.238184373059934e-17,0.16666666666666666,3,3,neutral_bottleneck_mutable,14003
190,195,"[0.032638895069985185,0.063091382431817,-0.010396452567657533,0.0007022156211767827]","[0.004343174847084119,0.00766377326121987,0.0013688836111391336,-0.0005668586047607977]","[0.028295720222901104,0.05542760917059723,-0.01176533617879667,0.001269074225937597]",0.07179414559222408,0.008932623319628422,0.06334746503288202,1.0453693833988007e-16,0.15,3,3,neutral_bottleneck_mutable,14003
195,200,"[-0.004229351702336737,-0.009314291531797025,-0.0034387986047340613,0.018665544696516267]","[-0.004620607169359659,-0.004443081999093993,-0.0035671873343797364,0.006467765353065206]","[0.00039125546702285796,-0.004871209532703067,0.00012838872964564263,0.012197779343451062]",0.021560875149745938,0.009779969448064797,0.01314093100694901,7.988326265650336e-17,0.13333333333333336,3,3,neutral_bottleneck_mutable,14003
200,205,"[0.0,0.0,0.0,0.0]","[0.0,0.0,0.0,0.0]","[0.0,0.0,0.0,0.0]",0.0,0.0,0.0,0.0,0.0,3,3,neutral_bottleneck_mutable,14003
205,210,"[-0.016176081213191584,-0.02885447154634524,0.009195665643214501,-0.02048570861632576]","[0.0005548275491106099,0.0007882894563190197,0.0023103057452855042,-0.01123033127557605]","[-0.016730908762302238,-0.029642761002664306,0.0068853598979290165,-0.00925537734074968]",0.03998087862678128,0.011505958763704856,0.035940044219745046,7.435066101588464e-17,0.09523809523809523,3,3,neutral_bottleneck_mutable,14003
210,215,"[0.00685764185778126,0.02627975259016735,-0.013985921326808426,0.0073549891334583894]","[-0.00911083853127142,-0.006245449277892195,-0.006643784280080269,0.0057775837339582034]","[0.015968480389052783,0.032525201868059565,-0.007342137046728125,0.0015774053995002025]",0.031422197704218065,0.014125627730786487,0.037003733685952535,1.1025051394343179e-16,0.08928571428571427,3,3,neutral_bottleneck_mutable,14003
215,220,"[0.0,0.0,0.0,0.0]","[0.0,0.0,0.0,0.0]","[0.0,0.0,0.0,0.0]",0.0,0.0,0.0,0.0,0.0,3,3,neutral_bottleneck_mutable,14003
220,225,"[0.003916859217759083,0.0015637333300161371,-6.603601024934846e-05,0.0025521826736882858]","[0.002892630925236764,0.004025853725478455,-0.00015239964989778354,-0.005758927108303039]","[0.001024228292522321,-0.002462120395462345,8.636363964844782e-05,0.008311109781991304]",0.0049300147275309425,0.007600215719347802,0.008728865042118575,3.635397141118663e-17,0.08333333333333334,3,3,neutral_bottleneck_mutable,14003
225,230,"[0.0,0.0,0.0,0.0]","[0.0,0.0,0.0,0.0]","[0.0,0.0,0.0,0.0]",0.0,0.0,0.0,0.0,0.0,3,3,neutral_bottleneck_mutable,14003
230,235,"[0.0,0.0,0.0,0.0]","[0.0,0.0,0.0,0.0]","[0.0,0.0,0.0,0.0]",0.0,0.0,0.0,0.0,0.0,3,3,neutral_bottleneck_mutable,14003
235,240,"[0.0,0.0,0.0,0.0]","[0.0,0.0,0.0,0.0]","[0.0,0.0,0.0,0.0]",0.0,0.0,0.0,0.0,0.0,3,3,neutral_bottleneck_mutable,14003
240,245,"[0.0,0.0,0.0,0.0]","[0.0,0.0,0.0,0.0]","[0.0,0.0,0.0,0.0]",0.0,0.0,0.0,0.0,0.0,3,3,neutral_bottleneck_mutable,14003
245,250,"[0.0,0.0,0.0,0.0]","[0.0,0.0,0.0,0.0]","[0.0,0.0,0.0,0.0]",0.0,0.0,0.0,0.0,0.0,3,3,neutral_bottleneck_mutable,14003
250,255,"[0.00828712806769627,0.022522968320715375,-0.0018535764395414267,0.0023218424761781153]","[-0.0015008456884504622,0.00046061224786370835,0.0035821334749671922,0.0008491530417761592]","[0.009787973756146756,0.022062356072851664,-0.005435709914508596,0.0014726894344019806]",0.02418237564193716,0.0040021797241329175,0.024784425395421184,4.147268178118183e-17,0.06666666666666668,3,3,neutral_bottleneck_mutable,14003
255,260,"[-0.011497673312288903,-0.02232171716034209,0.000849013887079475,-0.014153925055986616]","[-0.0006174676281104195,-0.0014854741462903985,-0.00411548032865256,-0.00659564530078231]","[-0.010880205684178534,-0.02083624301405166,0.004964494215731981,-0.0075582797552043585]",0.028835914545118396,0.00793899332285394,0.02518534681807292,9.710191165609288e-17,0.06363636363636366,3,3,neutral_bottleneck_mutable,14003
260,265,"[0.0,0.0,0.0,0.0]","[0.0,0.0,0.0,0.0]","[0.0,0.0,0.0,0.0]",0.0,0.0,0.0,0.0,0.0,3,3,neutral_bottleneck_mutable,14003
265,270,"[0.0,0.0,0.0,0.0]","[0.0,0.0,0.0,0.0]","[0.0,0.0,0.0,0.0]",0.0,0.0,0.0,0.0,0.0,3,3,neutral_bottleneck_mutable,14003
270,275,"[-0.0022606071616723122,-0.0014600096231752735,-0.0029169416128920767,0.015323277215639142]","[-0.0031695091999542594,-0.00016839976062818924,-0.0027670151512045674,0.00849545429794303]","[0.00090890203828186,-0.0012916098625470763,-0.00014992646168755092,0.0068278229176960675]",0.015828876960780117,0.00948173315504126,0.0070097077465149414,1.0619360406694274e-16,0.060606060606060635,3,3,neutral_bottleneck_mutable,14003
275,280,"[0.0,0.0,0.0,0.0]","[0.0,0.0,0.0,0.0]","[0.0,0.0,0.0,0.0]",0.0,0.0,0.0,0.0,0.0,3,3,neutral_bottleneck_mutable,14003
280,285,"[-0.01773054203618496,-0.019131708819163484,0.0030316546012987833,-0.010340856019524669]","[-0.006934886364571489,0.0015941941098110823,-0.0020824088647013843,0.00013653776878285416]","[-0.010795655671613412,-0.02072590292897459,0.005114063466000258,-0.010477393788307539]",0.028222661746835565,0.007415468494395146,0.026115869875056052,1.1087312444032211e-16,0.06666666666666668,3,3,neutral_bottleneck_mutable,14003
285,290,"[0.0,0.0,0.0,0.0]","[0.0,0.0,0.0,0.0]","[0.0,0.0,0.0,0.0]",0.0,0.0,0.0,0.0,0.0,3,3,neutral_bottleneck_mutable,14003
290,295,"[0.0033247645708902596,0.0168942400108692,-0.0035271095302001343,-0.002651593956453868]","[-0.006277786504630588,-0.004810714002194929,0.0008460737179150561,-0.004836930374758495]","[0.00960255107552088,0.021704954013064163,-0.004373183248115205,0.002185336418304618]",0.017774725234012256,0.009309420432822025,0.02423250797688884,5.0696162070100035e-17,0.06363636363636366,3,3,neutral_bottleneck_mutable,14003
295,300,"[0.0,0.0,0.0,0.0]","[0.0,0.0,0.0,0.0]","[0.0,0.0,0.0,0.0]",0.0,0.0,0.0,0.0,0.0,3,3,neutral_bottleneck_mutable,14003
300,305,"[0.0,0.0,0.0,0.0]","[0.0,0.0,0.0,0.0]","[0.0,0.0,0.0,0.0]",0.0,0.0,0.0,0.0,0.0,3,3,neutral_bottleneck_mutable,14003
305,310,"[0.0,0.0,0.0,0.0]","[0.0,0.0,0.0,0.0]","[0.0,0.0,0.0,0.0]",0.0,0.0,0.0,0.0,0.0,3,3,neutral_bottleneck_mutable,14003
310,315,"[0.0012488362553342292,0.002680052789780063,-0.004053479003460703,0.00017327401398770093]","[1.9053382316672782e-06,0.003443502230535823,-0.0027854108608172333,-0.008046385535505393]","[0.0012469309171025383,-0.0007634494407557438,-0.0012680681426434845,0.008219659549493101]",0.005020258047557446,0.00918479967618064,0.008444435545646426,3.328694902037566e-17,0.060606060606060635,3,3,neutral_bottleneck_mutable,14003
315,320,"[0.0,0.0,0.0,0.0]","[0.0,0.0,0.0,0.0]","[0.0,0.0,0.0,0.0]",0.0,0.0,0.0,0.0,0.0,3,3,neutral_bottleneck_mutable,14003
320,325,"[0.0,0.0,0.0,0.0]","[0.0,0.0,0.0,0.0]","[0.0,0.0,0.0,0.0]",0.0,0.0,0.0,0.0,0.0,3,3,neutral_bottleneck_mutable,14003
325,330,"[0.0,0.0,0.0,0.0]","[0.0,0.0,0.0,0.0]","[0.0,0.0,0.0,0.0]",0.0,0.0,0.0,0.0,0.0,3,3,neutral_bottleneck_mutable,14003
330,335,"[0.0,0.0,0.0,0.0]","[0.0,0.0,0.0,0.0]","[0.0,0.0,0.0,0.0]",0.0,0.0,0.0,0.0,0.0,3,3,neutral_bottleneck_mutable,14003
335,339,"[0.0,0.0,0.0,0.0]","[0.0,0.0,0.0,0.0]","[0.0,0.0,0.0,0.0]",0.0,0.0,0.0,0.0,0.0,3,3,neutral_bottleneck_mutable,14003
179,180,"[0.0,0.0,0.0,0.0]","[0.0,0.0,0.0,0.0]","[0.0,0.0,0.0,0.0]",0.0,0.0,0.0,0.0,0.0,31,31,scarcity_mutable,14011
180,185,"[0.003211940592270146,-0.0036110178864106612,0.0002100686342642044,-0.00743011439566843]","[-7.22635965255405e-05,-0.00017802702575650417,0.0004992851564338999,-0.0003706432201004352]","[0.003284204188795803,-0.0034329908606541516,-0.0002892165221695594,-0.007059471175568018]",0.008866044287509018,0.0006508284822625364,0.008514176582524607,1.804938490243283e-16,0.03632478632478637,31,30,scarcity_mutable,14011
185,190,"[0.0,0.0,0.0,0.0]","[0.0,0.0,0.0,0.0]","[0.0,0.0,0.0,0.0]",0.0,0.0,0.0,0.0,0.0,30,30,scarcity_mutable,14011
190,195,"[0.005759492815918588,0.003219745035628052,0.001452724259341731,-0.0036560418280962015]","[0.0010810830974689089,0.00024871529035957644,0.0002464585009914146,-0.0003432497942573075]","[0.004678409718449578,0.0029710297452684694,0.001206265758350307,-0.003312792033838965]",0.007682158890151798,0.0011870813675819523,0.006568424725928496,1.2350542844127243e-16,0.04945054945054938,30,29,scarcity_mutable,14011
195,200,"[0.003297216760226096,-0.0008287063722299259,-0.0014316020902095383,0.0014879639586548032]","[0.0007470738055012734,3.354655488135319e-05,-0.0003919678287454332,0.0005675290753681514]","[0.0025501429547247945,-0.0008622529271113476,-0.0010396342614641192,0.0009204348832866868]",0.00397767694794818,0.0010173360665828182,0.0030289848087809244,8.311016090093814e-17,0.036474164133738635,29,28,scarcity_mutable,14011
200,205,"[0.002362959367168238,0.0011243144273446193,0.002462385736596684,-0.0027905468637871023]","[0.0016295819946389428,0.001407769901175521,0.000729801116603772,-0.0001434437507030463]","[0.0007333773725292558,-0.0002834554738308523,0.0017325846199928918,-0.0026471031130841124]",0.004549522526288908,0.0022782755213799407,0.0032599376885023585,8.705326542082835e-17,0.01942645698427381,28,28,scarcity_mutable,14011
205,210,"[-0.0026030383184901806,-0.001516262286617831,8.25300209685298e-05,-0.002647993684497474]","[0.00023608890579257134,0.0010981495959712536,-0.00011998017747499401,-0.00042554072841786684]","[-0.0028391272242826488,-0.002614411882589136,0.0002025101984435248,-0.0022224529560795525]",0.004011675655738795,0.0012071249567047733,0.004458262039174744,1.275991987493204e-16,0.021256038647343038,28,28,scarcity_mutable,14011
210,215,"[-0.0011293238837200015,-0.009961665140900189,-0.0068961775826120175,-0.0023041370868975286]","[0.0,0.0,0.0,0.0]","[-0.0011293238837199087,-0.009961665140900177,-0.006896177582611968,-0.002304137086897417]",0.012384524931538696,0.0,0.01238452493153863,1.5371218706247069e-16,0.08888888888888889,28,24,scarcity_mutable,14011
215,220,"[-0.004167934163502585,-0.0009021366299076794,0.004184703587725158,-0.0008704341766945234]","[-0.00031606660021953303,0.0006076235258746404,-0.0009889363298755463,0.00022214383197177023]","[-0.003851867563282954,-0.0015097601557823698,0.005173639917600632,-0.0010925780086663106]",0.006037791439209445,0.0012232936653156844,0.006713906177112641,1.3303726161403176e-16,0.07124518613607188,24,22,scarcity_mutable,14011
220,225,"[0.0,0.0,0.0,0.0]","[0.0,0.0,0.0,0.0]","[0.0,0.0,0.0,0.0]",0.0,0.0,0.0,0.0,0.0,22,22,scarcity_mutable,14011
225,230,"[0.0006734187555359483,0.0016862703322290118,-0.0032207460449052983,-0.001523261610741511]","[-0.0005615892430159022,-0.000385133354476325,7.115721731498233e-05,-0.0001585338719057283]","[0.0012350079985518942,0.0020714036867053504,-0.003291903262220254,-0.001364727738835686]",0.0039988162591191,0.0007027848296020583,0.004302913766129597,1.1009238925662607e-16,0.024182076813655806,22,22,scarcity_mutable,14011
230,235,"[0.0005263365843541923,-0.00414450176558967,-0.009882159907664612,0.004625597503230494]","[0.0,0.0,0.0,0.0]","[0.0005263365843541482,-0.004144501765589583,-0.009882159907664662,0.004625597503230469]",0.011683627937740552,0.0,0.011683627937740552,1.12400395370253e-16,0.054054054054054,22,20,scarcity_mutable,14011
235,240,"[0.007057721984624066,0.002776018330449548,-0.010584832798891997,-0.0001601236520958338]","[0.0011601668722251816,-0.0015622095989865044,0.0005574553589058174,7.945280149435123e-05]","[0.005897555112398829,0.004338227929436028,-0.011142288157797794,-0.00023957645359015982]",0.013022367002496054,0.002025723383735413,0.013334517619323024,6.834364090107617e-17,0.06964285714285715,20,19,scarcity_mutable,14011
240,245,"[-0.0020865701034821216,0.00420361632159072,-0.007035516826096544,-0.000670806422269965]","[0.0016601763766847318,-0.0006546152566150286,-0.0022181096377760262,-0.001277304344562688]","[-0.0037467464801668286,0.00485823157820579,-0.004817407188320577,0.0006064979222927298]",0.00848366920868179,0.003120292212234107,0.00782405106079623,7.661443901846147e-17,0.05416666666666664,19,19,scarcity_mutable,14011
245,250,"[-0.003417761009850362,-0.0036054312153817603,0.003971615923926475,-0.003209900890665418]","[-0.0002878167820387944,-0.001620155933397374,0.001046475798202348,0.000649341636095676]","[-0.0031299442278116393,-0.0019852752819844704,0.0029251401257240593,-0.0038592425267612476]",0.007124424281609255,0.002055358826369871,0.006098201903016447,2.0101657973731958e-16,0.05952380952380948,19,18,scarcity_mutable,14011
250,255,"[0.005481482851707353,-0.0016307497388355907,0.0004677177035282698,-0.003069811756045593]","[0.00010094296229023705,-0.0015882346552129223,0.001088199000614257,-0.0018431165984530884]","[0.005380539889417193,-4.251508362251573e-05,-0.0006204812970858669,-0.0012266951575923908]",0.006507572745042779,0.0026671960299322565,0.005553538969309478,2.3780152545710324e-16,0.06593406593406598,18,17,scarcity_mutable,14011
255,260,"[0.00131873392685522,-0.003186867075123667,0.005271276034828298,0.0039596466908041195]","[0.0,0.0,0.0,0.0]","[0.001318733926855161,-0.003186867075123879,0.005271276034828291,0.003959646690804147]",0.007440452531647348,0.0,0.007440452531647438,2.2155617675336807e-16,0.038461538461538436,17,16,scarcity_mutable,14011
260,265,"[0.0012665737042492076,0.005298659799932048,-0.005630724275253074,-0.0014311548373496796]","[0.0,0.0,0.0,0.0]","[0.0012665737042492518,0.0052986597999320866,-0.00563072427525305,-0.001431154837349814]",0.00796450027660902,0.0,0.007964500276609058,1.4858491383820815e-16,0.03999999999999997,16,15,scarcity_mutable,14011
265,270,"[-0.001085715976858026,-0.002806922555817215,0.010814061480565018,-0.0003000887641835259]","[0.0,0.0,0.0,0.0]","[-0.0010857159768580627,-0.0028069225558171097,0.010814061480565032,-0.0003000887641835207]",0.011229050377863191,0.0,0.011229050377863183,1.1255438995395927e-16,0.04166666666666667,15,14,scarcity_mutable,14011
270,275,"[0.009177583256527622,-0.00907824759217668,0.0014039582139900308,-0.004309552142558237]","[-0.00163986170317892,0.00039264706045214924,-0.000584895260701623,0.0002893566539137178]","[0.010817444959706535,-0.009470894652628873,0.0019888534746917118,-0.004598908796471922]",0.013681591724335886,0.001808078499067434,0.015225651422501915,7.979521752719312e-17,0.1556064073226544,14,11,scarcity_mutable,14011
275,280,"[0.010566472452055553,0.002835059885221314,-0.005944360124038484,0.011500667505523698]","[-0.0002142529964108614,-0.0015875355683935982,-0.000135362774492924,-0.00030878504243774305]","[0.010780725448466432,0.004422595453614925,-0.005808997349545613,0.011809452547961506]",0.016949592177681074,0.001637023155162296,0.01757814015847893,8.59607557482888e-17,0.26720647773279355,11,7,scarcity_mutable,14011
280,285,"[0.014412054051305412,-0.008317550415188113,-0.004782470916360304,-0.010823637670744013]","[0.002265502177037934,-0.002520428979998599,0.0004515418042042981,0.0003790517607029615]","[0.012146551874267535,-0.005797121435189554,-0.005234012720564561,-0.011202689431447069]",0.020418425683199126,0.0034398593860238656,0.018276774305798434,1.2532101517052232e-16,0.13986013986013984,7,6,scarcity_mutable,14011
285,290,"[-0.0026071554877482583,-0.004464389460964502,0.003494221161290556,-0.0008423380314602213]","[0.006107396091293061,0.0032447494021593526,-0.006994452583866899,-0.0036444782311908803]","[-0.008714551579041413,-0.007709138863123806,0.010488673745157454,0.0028021401997307266]",0.0062965981195977384,0.010489674648164346,0.015913469070758933,1.2535702868201927e-16,0.17045454545454544,6,5,scarcity_mutable,14011
290,295,"[-0.007755196190245006,0.007396997934039362,0.003495131225042969,0.002008824240376683]","[0.0038157676133059,0.010604464903545966,-0.0035724410073891782,-0.008280629738195027]","[-0.01157096380355101,-0.0032074669695066425,0.007067572232432078,0.010289453978571641]",0.011450325912146283,0.014434192806722793,0.017320464432033934,1.478495618792672e-16,0.10714285714285712,5,5,scarcity_mutable,14011
295,300,"[0.008880566927357836,-0.009246479134667362,-0.004513593639825286,-0.017715699689330122]","[-0.005036786105271183,-0.001982976724533659,-0.0006734667911704679,0.005423874232268239]","[0.013917353032629117,-0.007263502410133675,-0.0038401268486549147,-0.023139573921598364]",0.022328913730119596,0.007692423556108174,0.02822476994031526,1.3960213444339907e-16,0.11904761904761904,5,5,scarcity_mutable,14011
300,305,"[0.0,0.0,0.0,0.0]","[0.0,0.0,0.0,0.0]","[0.0,0.0,0.0,0.0]",0.0,0.0,0.0,0.0,0.0,5,5,scarcity_mutable,14011
305,310,"[0.0,0.0,0.0,0.0]","[0.0,0.0,0.0,0.0]","[0.0,0.0,0.0,0.0]",0.0,0.0,0.0,0.0,0.0,5,5,scarcity_mutable,14011
310,315,"[0.0,0.0,0.0,0.0]","[0.0,0.0,0.0,0.0]","[0.0,0.0,0.0,0.0]",0.0,0.0,0.0,0.0,0.0,5,5,scarcity_mutable,14011
315,320,"[0.0,0.0,0.0,0.0]","[0.0,0.0,0.0,0.0]","[0.0,0.0,0.0,0.0]",0.0,0.0,0.0,0.0,0.0,5,5,scarcity_mutable,14011
320,325,"[0.0,0.0,0.0,0.0]","[0.0,0.0,0.0,0.0]","[0.0,0.0,0.0,0.0]",0.0,0.0,0.0,0.0,0.0,5,5,scarcity_mutable,14011
325,330,"[0.0,0.0,0.0,0.0]","[0.0,0.0,0.0,0.0]","[0.0,0.0,0.0,0.0]",0.0,0.0,0.0,0.0,0.0,5,5,scarcity_mutable,14011
330,335,"[0.014149374088150979,0.013505939762475272,-0.011976647969200338,0.01671547333438833]","[0.005916676375813227,-0.000346297000132371,-0.0012524785433029114,-0.0017968756268937902]","[0.008232697712337745,0.013852236762607653,-0.010724169425897314,0.018512348961282253]",0.028380668443939917,0.006318579386884852,0.026783887859862857,1.7393144182283468e-16,0.13333333333333336,5,5,scarcity_mutable,14011
335,339,"[0.0,0.0,0.0,0.0]","[0.0,0.0,0.0,0.0]","[0.0,0.0,0.0,0.0]",0.0,0.0,0.0,0.0,0.0,5,5,scarcity_mutable,14011
179,180,"[-0.029669479396882248,-0.017145181956753963,-0.0037868997639710633,0.015904752281274193]","[-0.010284962362433899,-0.007950095006109822,-0.0030902828281370457,0.003135782500953559]","[-0.019384517034448188,-0.009195086950644157,-0.0006966169358338147,0.012768969780320666]",0.03796757862918417,0.01372470186393932,0.024976809025469032,2.6044549236726305e-16,0.7222222222222225,31,5,neutral_bottleneck_mutable,14011
180,185,"[0.0,0.0,0.0,0.0]","[0.0,0.0,0.0,0.0]","[0.0,0.0,0.0,0.0]",0.0,0.0,0.0,0.0,0.0,5,5,neutral_bottleneck_mutable,14011
185,190,"[-0.018732139786565016,-0.021996031799887183,-0.01474575158410496,-0.0037270169768017225]","[-0.005163718723964224,0.002675701088778082,-0.001863012798531427,-0.002215335620579406]","[-0.013568421062600788,-0.024671732888665275,-0.01288273878557357,-0.0015116813562223996]",0.03265036479506106,0.006496298636608908,0.031000751490919513,9.15467340958845e-17,0.13333333333333336,5,5,neutral_bottleneck_mutable,14011
190,195,"[0.0,0.0,0.0,0.0]","[0.0,0.0,0.0,0.0]","[0.0,0.0,0.0,0.0]",0.0,0.0,0.0,0.0,0.0,5,5,neutral_bottleneck_mutable,14011
195,200,"[0.01591653651723418,0.017361652254440252,0.014926602480204332,-0.010205119651032601]","[-0.004826714377285796,0.011331182318511367,0.0028229060972300804,-0.006437371885265654]","[0.02074325089452002,0.0060304699359288744,0.012103696382974245,-0.0037677477657668407]",0.029693619388725473,0.014181023236643733,0.02504684440560951,1.1600618727639406e-16,0.16666666666666663,5,5,neutral_bottleneck_mutable,14011
200,205,"[0.0,0.0,0.0,0.0]","[0.0,0.0,0.0,0.0]","[0.0,0.0,0.0,0.0]",0.0,0.0,0.0,0.0,0.0,5,5,neutral_bottleneck_mutable,14011
205,210,"[0.0,0.0,0.0,0.0]","[0.0,0.0,0.0,0.0]","[0.0,0.0,0.0,0.0]",0.0,0.0,0.0,0.0,0.0,5,5,neutral_bottleneck_mutable,14011
210,215,"[-0.001255982698629643,-0.0016490986551448428,0.01575759697846113,0.00624476907560656]","[0.0043014748405918015,0.001067740326685137,-6.265038531097962e-05,0.004662768691867151]","[-0.0055574575392214704,-0.0027168389818299967,0.015820247363772105,0.001582000383739346]",0.01707618289480752,0.006433357766680636,0.01706017292463738,7.059946265080657e-17,0.08333333333333334,5,5,neutral_bottleneck_mutable,14011
215,220,"[0.0,0.0,0.0,0.0]","[0.0,0.0,0.0,0.0]","[0.0,0.0,0.0,0.0]",0.0,0.0,0.0,0.0,0.0,5,5,neutral_bottleneck_mutable,14011
220,225,"[0.007409317054528353,-0.010522653994297526,-0.017314180450849148,-0.004557086847160774]","[-0.0004133835655031762,-0.004724812555029281,-0.0008924448731084395,8.730805817291153e-05]","[0.007822700620031502,-0.0057978414392682335,-0.016421735577740765,-0.0046443949053336046]",0.022049310907948188,0.004826885144785393,0.019648242001956886,1.0207635341100679e-16,0.101010101010101,5,5,neutral_bottleneck_mutable,14011
225,230,"[0.0,0.0,0.0,0.0]","[0.0,0.0,0.0,0.0]","[0.0,0.0,0.0,0.0]",0.0,0.0,0.0,0.0,0.0,5,5,neutral_bottleneck_mutable,14011
230,235,"[-0.0051891822709100865,0.0066258312072979275,0.0006882736512347498,-0.009764608600747238]","[0.0008527217314854388,-0.0006818900686029125,-0.001466157406934556,-0.005204250605805549]","[-0.0060419040023954665,0.007307721275900847,0.002154431058169407,-0.00456035799494168]",0.01290932041484375,0.005515972292075377,0.01073991771136305,1.1752751549742868e-16,0.09790209790209789,5,5,neutral_bottleneck_mutable,14011
235,240,"[-0.0009855713903763053,-0.0037833428223018606,0.010681540780567267,0.005128316641152986]","[0.0018054859150128835,-0.002346719367955722,0.00041481926641452686,0.0025494824585252885]","[-0.0027910573053892035,-0.0014366234543461793,0.010266721514152697,0.002578834182627649]",0.012477178322659314,0.003929224734138434,0.01104127910263112,7.822621984818538e-17,0.05494505494505497,5,5,neutral_bottleneck_mutable,14011
240,245,"[0.0,0.0,0.0,0.0]","[0.0,0.0,0.0,0.0]","[0.0,0.0,0.0,0.0]",0.0,0.0,0.0,0.0,0.0,5,5,neutral_bottleneck_mutable,14011
245,250,"[0.0,0.0,0.0,0.0]","[0.0,0.0,0.0,0.0]","[0.0,0.0,0.0,0.0]",0.0,0.0,0.0,0.0,0.0,5,5,neutral_bottleneck_mutable,14011
250,255,"[0.0,0.0,0.0,0.0]","[0.0,0.0,0.0,0.0]","[0.0,0.0,0.0,0.0]",0.0,0.0,0.0,0.0,0.0,5,5,neutral_bottleneck_mutable,14011
255,260,"[0.0,0.0,0.0,0.0]","[0.0,0.0,0.0,0.0]","[0.0,0.0,0.0,0.0]",0.0,0.0,0.0,0.0,0.0,5,5,neutral_bottleneck_mutable,14011
260,265,"[0.0,0.0,0.0,0.0]","[0.0,0.0,0.0,0.0]","[0.0,0.0,0.0,0.0]",0.0,0.0,0.0,0.0,0.0,5,5,neutral_bottleneck_mutable,14011
265,270,"[0.0,0.0,0.0,0.0]","[0.0,0.0,0.0,0.0]","[0.0,0.0,0.0,0.0]",0.0,0.0,0.0,0.0,0.0,5,5,neutral_bottleneck_mutable,14011
270,275,"[0.0,0.0,0.0,0.0]","[0.0,0.0,0.0,0.0]","[0.0,0.0,0.0,0.0]",0.0,0.0,0.0,0.0,0.0,5,5,neutral_bottleneck_mutable,14011
275,280,"[-0.00865419101974546,-0.012132034664125935,0.004626008158249817,0.007088852310934757]","[-0.0002508702941887614,0.0032399854364551996,-0.002483906656672561,-0.0010772120271437496]","[-0.008403320725556671,-0.015372020100581044,0.007109914814922446,0.008166064338078444]",0.017138642474368707,0.004229730436261105,0.0205949094836158,1.3185039633475853e-16,0.09740259740259741,5,5,neutral_bottleneck_mutable,14011
280,285,"[-0.00798491225537451,0.0030037146297383632,-0.00892554141027746,0.01942901258169666]","[-0.003939908729680895,0.0031131153416943725,0.0020838974677269704,0.009753397057457477]","[-0.004045003525693744,-0.00010940071195605569,-0.011009438878004575,0.00967561552423915]",0.023020272471655046,0.011166277389771743,0.015205239301637696,2.0209016633544765e-16,0.07575757575757577,5,5,neutral_bottleneck_mutable,14011
285,290,"[0.0,0.0,0.0,0.0]","[0.0,0.0,0.0,0.0]","[0.0,0.0,0.0,0.0]",0.0,0.0,0.0,0.0,0.0,5,5,neutral_bottleneck_mutable,14011
290,295,"[0.013375893531319183,0.0035539608180299442,-0.0069898402955531624,-0.007222985690044703]","[0.00014079474087034337,-0.0026225571172750067,-0.0017589154661718928,-0.0022510067459082864]","[0.013235098790448839,0.0061765179353049805,-0.00523092482938126,-0.0049719789441363535]",0.01710481086984617,0.0038805210964108724,0.01629111300647249,7.049682288004546e-17,0.06410256410256407,5,5,neutral_bottleneck_mutable,14011
295,300,"[0.0,0.0,0.0,0.0]","[0.0,0.0,0.0,0.0]","[0.0,0.0,0.0,0.0]",0.0,0.0,0.0,0.0,0.0,5,5,neutral_bottleneck_mutable,14011
300,305,"[0.001313514881916833,0.016957823336922473,0.00567388767186644,-0.002227343606837018]","[0.00040434138571947015,-0.0012532936950981532,-0.0007075953332962976,0.0004574550337641683]","[0.0009091734961973429,0.018211117032020607,0.006381483005162699,-0.0026847986406012426]",0.018067848641361958,0.0015633916035329085,0.019503918813558813,7.34906750854423e-17,0.06593406593406598,5,5,neutral_bottleneck_mutable,14011
305,310,"[0.0,0.0,0.0,0.0]","[0.0,0.0,0.0,0.0]","[0.0,0.0,0.0,0.0]",0.0,0.0,0.0,0.0,0.0,5,5,neutral_bottleneck_mutable,14011
310,315,"[0.0012803160908103628,-0.0014813583392158103,0.007315496907845109,0.006341067020058044]","[0.004064443357350789,0.0005720670670494508,-0.0025363363650393257,0.003293048445366103]","[-0.002784127266540412,-0.002053425406265264,0.00985183327288444,0.0030480185746919585]",0.009877209007766886,0.00584158632175067,0.010877359817702529,2.2964620300647496e-17,0.04761904761904759,5,5,neutral_bottleneck_mutable,14011
315,320,"[-0.0004987189229844757,-0.010554922736501715,-0.006518282178534118,-0.00948278696480076]","[0.0035286039416272895,-0.0008440822892979094,3.8460022521986935e-05,-0.005287295940333565]","[-0.004027322864611787,-0.00971084044720379,-0.006556742201056064,-0.004195491024467178]",0.015622623522201845,0.006412526664425984,0.013081007792764597,5.192049388106526e-17,0.04999999999999999,5,5,neutral_bottleneck_mutable,14011
320,325,"[0.0,0.0,0.0,0.0]","[0.0,0.0,0.0,0.0]","[0.0,0.0,0.0,0.0]",0.0,0.0,0.0,0.0,0.0,5,5,neutral_bottleneck_mutable,14011
325,330,"[0.0,0.0,0.0,0.0]","[0.0,0.0,0.0,0.0]","[0.0,0.0,0.0,0.0]",0.0,0.0,0.0,0.0,0.0,5,5,neutral_bottleneck_mutable,14011
330,335,"[0.0,0.0,0.0,0.0]","[0.0,0.0,0.0,0.0]","[0.0,0.0,0.0,0.0]",0.0,0.0,0.0,0.0,0.0,5,5,neutral_bottleneck_mutable,14011
335,339,"[0.0,0.0,0.0,0.0]","[0.0,0.0,0.0,0.0]","[0.0,0.0,0.0,0.0]",0.0,0.0,0.0,0.0,0.0,5,5,neutral_bottleneck_mutable,14011
179,180,"[0.0,0.0,0.0,0.0]","[0.0,0.0,0.0,0.0]","[0.0,0.0,0.0,0.0]",0.0,0.0,0.0,0.0,0.0,20,20,scarcity_mutable,14029
180,185,"[0.0,0.0,0.0,0.0]","[0.0,0.0,0.0,0.0]","[0.0,0.0,0.0,0.0]",0.0,0.0,0.0,0.0,0.0,20,20,scarcity_mutable,14029
185,190,"[-0.00012910775858043788,-0.0013257697320476214,0.0007248865018787409,0.0018093268233331239]","[0.0005499369289783126,-0.0010237681866688674,-0.00089049130866061,-0.00021104053151506852]","[-0.0006790446875588262,-0.000302001545378731,0.001615377810539377,0.002020367354848379]",0.0023608172716197283,0.001479204111213732,0.0026914004422294783,2.042800897853788e-16,0.03900508762012439,20,19,scarcity_mutable,14029
190,195,"[-0.000552269691111329,0.0004864999660317282,-0.0010396498580418911,0.001096556304584495]","[-0.0004940078628436917,3.449122456633158e-05,-0.00011116591353322393,0.0004994593711184004]","[-5.826182826768826e-05,0.0004520087414653749,-0.0009284839445086952,0.0005970969334659975]",0.0016807711281193532,0.0007120750921448812,0.0011942836874709163,1.1527676034618457e-16,0.016031457955232885,19,19,scarcity_mutable,14029
195,200,"[0.0009126114613812186,-0.0015221489112421938,0.00438272818143054,0.002834054093033944]","[-0.0009424308349896715,-0.0009443686269200213,-0.0004606957911188429,0.0011048786174517697]","[0.0018550422963709667,-0.0005777802843221448,0.004843423972549477,0.0017291754755822315]",0.005512709488263286,0.0017924858028745686,0.005497619082975706,1.3727643692845623e-16,0.043859649122807015,19,18,scarcity_mutable,14029
200,205,"[0.004663420223118053,-0.0003173588463231125,-0.0026627697054079635,0.0034632816195340754]","[0.0007851769460834946,8.382319486078598e-05,-0.0007345919945887225,0.0012060815599007823]","[0.0038782432770345437,-0.00040118204118382397,-0.0019281777108191927,0.002257200059633385]",0.006397879875002887,0.0016179577535597814,0.004900463176041725,1.2878570584928292e-16,0.03418803418803423,18,17,scarcity_mutable,14029
205,210,"[0.003097676003033012,-0.0010138728826251109,0.0010570482906971934,0.0014151908367529553]","[0.0018940557159287485,0.0007793026290745166,0.0008886794281893471,0.0005210795500200021]","[0.0012036202871042437,-0.0017931755116997118,0.00016836886250779382,0.0008941112867327549]",0.0037072430504600743,0.0022926043414119262,0.002343493818684721,2.225912212740863e-16,0.04827315541601252,17,17,scarcity_mutable,14029
210,215,"[4.373993239048524e-05,-0.003496830594501288,-0.0010411792883208704,0.0030608921578838544]","[0.0023275473716094404,-0.00045395293754861175,-0.00011450216887367096,8.281399615683318e-05]","[-0.0022838074392188506,-0.0030428776569527386,-0.000926677119447169,0.0029780781617270526]",0.00476265183494962,0.002375609172661039,0.004919609829618202,1.2930746198573518e-16,0.06712018140589572,17,16,scarcity_mutable,14029
215,220,"[0.0,0.0,0.0,0.0]","[0.0,0.0,0.0,0.0]","[0.0,0.0,0.0,0.0]",0.0,0.0,0.0,0.0,0.0,16,16,scarcity_mutable,14029
220,225,"[0.005105233854692415,0.0008367850200056703,0.0036226675129970576,0.0033097613073523324]","[0.0006888377371602149,-0.0006087126507858934,0.0015495707410437087,0.0024821404881893937]","[0.004416396117532181,0.0014454976707914983,0.0020730967719534386,0.0008276208191629504]",0.007130347936964532,0.0030671190723495926,0.005155259899307958,1.1314630188777218e-16,0.03617571059431523,16,16,scarcity_mutable,14029
225,230,"[0.002696333959162245,0.0004132173733726874,-0.0029954383728075795,0.0010324887133070781]","[-0.0006575632758415937,-0.000990104698729558,-0.0006758070584862092,-0.0003709223666379333]","[0.003353897235003711,0.001403322072102245,-0.0023196313143213753,0.0014034110799449832]",0.004180867063825779,0.001416684636238406,0.004535216818930219,1.3068554014627244e-16,0.021040974529346605,16,16,scarcity_mutable,14029
230,235,"[0.014077883835886928,0.0027687298696436047,-0.002157500328598294,0.003102997642566163]","[0.0014099198312390432,0.001559798319016287,-0.0035401535062226175,-0.0021396759262922093]","[0.012667964004647906,0.001208931550627364,0.0013826531776243434,0.005242673568858389]",0.014836983535255947,0.004640231098092194,0.013832432305142807,5.671113245077882e-17,0.09330759330759333,16,15,scarcity_mutable,14029
235,240,"[0.005471795948248315,0.002394007321564362,-0.002021563696063322,0.001650454690664216]","[0.001356878934789935,0.0007136593004761104,0.0006866678546475747,-0.00019047392592374165]","[0.00411491701345835,0.0016803480210881958,-0.002708231550710945,0.001840928616587834]",0.006517863332269798,0.0016906280193749973,0.005520837599790652,1.4676509661134613e-16,0.025525525525525478,15,15,scarcity_mutable,14029
240,245,"[0.010937108241090177,0.0009595806541353724,-0.0033914107443170916,-0.0021890038134302348]","[0.0014273084250318187,0.0012097827569055948,0.0010136547506880535,0.00023925890151041136]","[0.009509799816058455,-0.0002502021027702278,-0.004405065495005125,-0.002428262714940649]",0.011697629513751709,0.0021413837663103127,0.010761038772432322,9.93538640473693e-17,0.10069444444444446,15,13,scarcity_mutable,14029
245,250,"[-0.0004972592723427871,-0.00046786595450520885,0.0034078961559593224,-0.0002662413897661642]","[0.0007051912391806036,-0.0006256682488152007,-0.0004852000650869013,0.0007408360390576365]","[-0.0012024505115233843,0.00015780229430996715,0.0038930962210462702,-0.001007077428823819]",0.003485800628656621,0.0012934498758434732,0.0042001418941178025,5.602107876905117e-17,0.028225806451612892,13,13,scarcity_mutable,14029
250,255,"[0.012233038265834772,0.005574923540564047,0.008949580585123462,0.005583680536937641]","[0.0009014040740577261,-0.003288841250376077,0.002905439684376069,-0.0002621247190483509]","[0.011331634191777077,0.008863764790940086,0.006044140900747392,0.0058458052559860335]",0.0170879922367933,0.0044876826094084055,0.016663653202235153,6.453544378663091e-17,0.09557945041816009,13,13,scarcity_mutable,14029
255,260,"[0.002746902640786475,0.00024141553175544006,-0.0018864299681905505,0.0033822086517040217]","[0.0012279923573314735,-0.0011838520569843964,-8.190808470935787e-05,0.0009777041761714973]","[0.0015189102834550663,0.0014252675887398954,-0.001804521883481146,0.002404504475532646]",0.004754125467999494,0.0019677614979805446,0.0036573784531432965,1.5693750608568643e-16,0.03561253561253566,13,13,scarcity_mutable,14029
260,265,"[-0.011360596312935622,-0.004811412983381613,-0.0014882520693367818,-0.018261377369970022]","[-0.0037198460605164345,-0.003864975994603969,0.0003772271542426076,-0.0025597522181566917]","[-0.0076407502524192435,-0.0009464369887776725,-0.0018654792235794446,-0.015701625151813395]",0.022088586218961096,0.005955663346518225,0.017586865909969204,1.0631839303376039e-16,0.06410256410256407,13,13,scarcity_mutable,14029
265,270,"[0.011988101910885507,0.003402358610415268,0.006961796135220133,0.006367091366879851]","[0.0023934161980780203,-0.0005473531946393133,-0.00502171499596051,-0.0008521054700081704]","[0.009594685712807615,0.003949711805054676,0.011983511131180687,0.007219196836888042]",0.015630006060210137,0.0056543560066179615,0.017417794328542537,1.667732736832617e-16,0.06818181818181819,13,13,scarcity_mutable,14029
270,275,"[0.008700428413803696,0.004869250441367767,-0.0052067109212447504,0.0001813296391891539]","[0.00015853530962655173,0.0016580358417410412,0.00034330494005981385,-0.0005043747834991441]","[0.008541893104177207,0.003211214599626701,-0.005550015861304627,0.0006857044226882165]",0.011249434363555383,0.001773828768792408,0.010702742808461433,1.2272943513165904e-16,0.08636363636363639,13,12,scarcity_mutable,14029
275,280,"[0.012735165286750894,-0.004612762832591266,0.01059126418852735,0.006426097139670961]","[-0.00010217096022582242,-0.004010313773602098,-0.004978179453454501,0.003673645208151638]","[0.012837336246976631,-0.0006024490589891488,0.015569443641981848,0.0027524519315194184]",0.018355697137136185,0.007373669049667757,0.020375075797228116,1.2921070081617409e-16,0.13235294117647056,12,11,scarcity_mutable,14029
280,285,"[-0.0041339526526602555,-0.009362240797272825,-0.007293823223618934,0.009932352370584263]","[0.002866611449766707,0.004337998709592664,0.0033026520326595236,-0.0018767800926271284]","[-0.007000564102427034,-0.013700239506865431,-0.010596475256278475,0.01180913246321136]",0.01601850798643276,0.006439371706406827,0.022100799933220987,9.906167230448205e-17,0.1019607843137255,11,10,scarcity_mutable,14029
285,290,"[-0.013670974161596683,-0.0008141567963156904,-0.002288898993806354,0.004741373966863638]","[0.0,0.0,0.0,0.0]","[-0.013670974161596662,-0.0008141567963157702,-0.0022888989938063824,0.004741373966863549]",0.014672357394554261,0.0,0.014672357394554221,1.2418805885383885e-16,0.06666666666666665,10,9,scarcity_mutable,14029
290,295,"[-0.002867879698167819,0.005619373126723892,0.009911654577017981,-0.009071578562997396]","[-0.005259002704105948,-0.001677647096442877,0.0018380918138328106,-0.0009018654798746079]","[0.0023911230059381625,0.007297020223166811,0.00807356276318515,-0.008169713083122757]",0.014843736806453595,0.005887576078647777,0.013816316474316487,6.546714017464125e-17,0.09523809523809523,9,9,scarcity_mutable,14029
295,300,"[0.00376900439561334,0.003997893301304067,-0.016401003909304768,-0.0005208776429102557]","[0.0,0.0,0.0,0.0]","[0.003769004395613257,0.003997893301303977,-0.016401003909304726,-0.000520877642910228]",0.017304704208239985,0.0,0.017304704208239905,1.3256738189514616e-16,0.08333333333333334,9,8,scarcity_mutable,14029
300,305,"[0.0,0.0,0.0,0.0]","[0.0,0.0,0.0,0.0]","[0.0,0.0,0.0,0.0]",0.0,0.0,0.0,0.0,0.0,8,8,scarcity_mutable,14029
305,310,"[0.003567753507296767,0.004688571859235713,-0.005323621751131324,0.005636223024142739]","[0.0,0.0,0.0,0.0]","[0.0035677535072968954,0.00468857185923581,-0.005323621751131274,0.005636223024142739]",0.0097375320125297,0.0,0.009737532012529766,1.686611607089999e-16,0.09090909090909093,8,7,scarcity_mutable,14029
310,315,"[-0.05131376777501573,-0.03672822855410035,-0.003324949025807322,0.0351606160930405]","[0.0,0.0,0.0,0.0]","[-0.05131376777501573,-0.036728228554100406,-0.0033249490258074055,0.035160616093040484]",0.07231451960745415,0.0,0.07231451960745416,1.0103182026100663e-16,0.4,7,4,scarcity_mutable,14029
315,320,"[0.0,0.0,0.0,0.0]","[0.0,0.0,0.0,0.0]","[0.0,0.0,0.0,0.0]",0.0,0.0,0.0,0.0,0.0,4,4,scarcity_mutable,14029
320,325,"[0.0,0.0,0.0,0.0]","[0.0,0.0,0.0,0.0]","[0.0,0.0,0.0,0.0]",0.0,0.0,0.0,0.0,0.0,4,4,scarcity_mutable,14029
325,330,"[0.0,0.0,0.0,0.0]","[0.0,0.0,0.0,0.0]","[0.0,0.0,0.0,0.0]",0.0,0.0,0.0,0.0,0.0,4,4,scarcity_mutable,14029
330,335,"[0.0,0.0,0.0,0.0]","[0.0,0.0,0.0,0.0]","[0.0,0.0,0.0,0.0]",0.0,0.0,0.0,0.0,0.0,4,4,scarcity_mutable,14029
335,339,"[0.0024324288469306232,0.0155555947787675,-0.04186998104589851,0.006126400997540249]","[0.0009808601592088406,0.013881198247504084,-0.00033681152195830233,0.011858305721826778]","[0.0014515686877217132,0.0016743965312634168,-0.041533169523940164,-0.005731904724286585]",0.04514998716481724,0.01828613157647257,0.04198534932415988,9.813077866773594e-17,0.16666666666666669,4,3,scarcity_mutable,14029
179,180,"[0.024724640860362634,-0.0546458229366954,-0.015781872412336806,0.038560082429777376]","[0.017365534238289546,-0.024251110819105432,-0.012577354937123407,0.002585305440931789]","[0.007359106622073151,-0.03039471211759,-0.0032045174752132026,0.035974776988845554]",0.07303027648813253,0.03247386359488247,0.047774977620427324,2.0989437219196236e-16,0.6229508196721314,20,4,neutral_bottleneck_mutable,14029
180,185,"[0.0,0.0,0.0,0.0]","[0.0,0.0,0.0,0.0]","[0.0,0.0,0.0,0.0]",0.0,0.0,0.0,0.0,0.0,4,4,neutral_bottleneck_mutable,14029
185,190,"[0.013842296017243183,-0.0037357615880935224,-0.027633726103573508,0.008674410529170062]","[-0.00918640660698348,-0.0034964995848971183,0.0012307929678140462,-0.0009855371936823177]","[0.023028702624226696,-0.00023926200319638463,-0.028864519071387512,0.009659947722852412]",0.032317693142734645,0.009954984208212848,0.0381687495484457,6.461844948013606e-17,0.15,4,4,neutral_bottleneck_mutable,14029
190,195,"[-0.004981152843310355,0.0019773759509029154,0.004098887169400989,-0.0010351003917052903]","[-0.0007613119637381047,0.004874897940854581,-0.0031187674705929072,-0.0006551715018373815]","[-0.004219840879572313,-0.0028975219899516867,0.007217654639993895,-0.0003799288898679587]",0.006825995029885132,0.005873685901742392,0.008856724857120996,8.324978446429802e-17,0.17142857142857143,4,4,neutral_bottleneck_mutable,14029
195,200,"[0.0,0.0,0.0,0.0]","[0.0,0.0,0.0,0.0]","[0.0,0.0,0.0,0.0]",0.0,0.0,0.0,0.0,0.0,4,4,neutral_bottleneck_mutable,14029
200,205,"[0.0,0.0,0.0,0.0]","[0.0,0.0,0.0,0.0]","[0.0,0.0,0.0,0.0]",0.0,0.0,0.0,0.0,0.0,4,4,neutral_bottleneck_mutable,14029
205,210,"[0.0,0.0,0.0,0.0]","[0.0,0.0,0.0,0.0]","[0.0,0.0,0.0,0.0]",0.0,0.0,0.0,0.0,0.0,4,4,neutral_bottleneck_mutable,14029
210,215,"[-0.014983055423134495,-0.004903809370566559,-0.0034199699102803738,-0.011812287458598969]","[-0.0011997050999444782,-0.0024459532458757384,0.00010032040441744097,0.003398418793692769]","[-0.013783350323190042,-0.002457856124690806,-0.003520290314697831,-0.015210706252291716]",0.019994139775128462,0.004356752699971568,0.02097092824494721,3.950306647089063e-17,0.08928571428571427,4,4,neutral_bottleneck_mutable,14029
215,220,"[-0.007126063789002268,0.0032092060791138466,0.0055670348894231725,-0.008465953333008258]","[-0.004761167747871412,-0.0008585085110334122,-0.00046517983817269686,-0.00650227516246028]","[-0.002364896041130854,0.004067714590147219,0.006032214727595825,-0.0019636781705479715]",0.012796250704010107,0.008117988036273395,0.007898270807560573,5.974258955961591e-17,0.125,4,4,neutral_bottleneck_mutable,14029
220,225,"[0.011925343193964433,0.0009843929312819966,0.007535754632137348,0.01683775251852393]","[0.0017231525267742045,0.00018132030864279815,0.0018462497082830985,0.003313436657923]","[0.01020219066719015,0.0008030726226392476,0.0056895049238542515,0.013524315860600829]",0.021988186543865553,0.004170087787596085,0.017888745227734544,1.3653872412809164e-16,0.07272727272727272,4,4,neutral_bottleneck_mutable,14029
225,230,"[0.0,0.0,0.0,0.0]","[0.0,0.0,0.0,0.0]","[0.0,0.0,0.0,0.0]",0.0,0.0,0.0,0.0,0.0,4,4,neutral_bottleneck_mutable,14029
230,235,"[0.0,0.0,0.0,0.0]","[0.0,0.0,0.0,0.0]","[0.0,0.0,0.0,0.0]",0.0,0.0,0.0,0.0,0.0,4,4,neutral_bottleneck_mutable,14029
235,240,"[-0.013167383096098217,-0.003061011323868712,0.009348034151210272,-0.0006221442854156267]","[-0.0011491514572601828,-0.006667793131663409,-0.004159907728907416,0.0055594334598420446]","[-0.012018231638837976,0.003606781807794685,0.01350794188011772,-0.006181577745257643]",0.016447570456706802,0.009694954720152946,0.019445389273324093,7.437595293790607e-17,0.06818181818181815,4,4,neutral_bottleneck_mutable,14029
240,245,"[0.0,0.0,0.0,0.0]","[0.0,0.0,0.0,0.0]","[0.0,0.0,0.0,0.0]",0.0,0.0,0.0,0.0,0.0,4,4,neutral_bottleneck_mutable,14029
245,250,"[-0.005368376113544904,0.0010445241568171615,0.007800972852889443,-0.005846619484896232]","[0.004489949621238985,-0.001011854753891738,-0.002784948822568559,-0.001231423390355993]","[-0.009858325734783875,0.002056378910708912,0.010585921675458026,-0.004615196094540204]",0.01117804230012306,0.005518681106467311,0.015322436269324197,4.605396798404747e-17,0.05769230769230768,4,4,neutral_bottleneck_mutable,14029
250,255,"[-0.01215123742741575,0.0018418116510662275,0.005470074848874851,-0.006611182290654327]","[0.0009786690647980397,0.001641389638047993,0.000783893260979262,0.003954783949384642]","[-0.013129906492213801,0.00020042201301821196,0.004686181587895544,-0.010565966240039042]",0.014989139111636374,0.004461698982809472,0.017493843315233973,8.921607113232387e-17,0.061538461538461514,4,4,neutral_bottleneck_mutable,14029
255,260,"[0.008470290336771824,0.0026120451493558128,-0.009638089402971117,0.003703478212613298]","[0.0006974256426976578,0.003571432086264631,0.0002144990304037156,0.0010355271810207985]","[0.00777286469407411,-0.0009593869369088348,-0.009852588433374797,0.0026679510315925498]",0.013607979881762352,0.00378944007085081,0.0128658194605529,8.606134327130311e-17,0.04999999999999999,4,4,neutral_bottleneck_mutable,14029
260,265,"[0.0,0.0,0.0,0.0]","[0.0,0.0,0.0,0.0]","[0.0,0.0,0.0,0.0]",0.0,0.0,0.0,0.0,0.0,4,4,neutral_bottleneck_mutable,14029
265,270,"[0.0,0.0,0.0,0.0]","[0.0,0.0,0.0,0.0]","[0.0,0.0,0.0,0.0]",0.0,0.0,0.0,0.0,0.0,4,4,neutral_bottleneck_mutable,14029
270,275,"[-0.006451986623379202,-0.00580553873308054,-0.005266026614676567,-0.008775433942071698]","[-0.0011835261600783426,-0.004081890875111359,-0.0025910977429952128,-0.0031028898606971908]","[-0.0052684604633008,-0.0017236478579691324,-0.00267492887168134,-0.00567254408137446]",0.013419079273471355,0.005865516199728672,0.008370223319322852,9.125453446443752e-17,0.044117647058823525,4,4,neutral_bottleneck_mutable,14029
275,280,"[0.005175013167062259,-0.00020850386433984847,0.0033978779196423003,0.00889901728166409]","[-0.002003001107045213,-0.0007690245682334829,0.00045557306700094057,8.420670320733358e-05]","[0.007178014274107438,0.0005605207038935911,0.002942304852641374,0.008814810578456702]",0.010842615831839715,0.0021950056513851475,0.011755684401970506,7.824184622046148e-17,0.045751633986928095,4,4,neutral_bottleneck_mutable,14029
280,285,"[-0.004740516134770667,0.0023066724956830043,0.004057409728071781,-0.0004448248389470888]","[0.0004276297132706962,0.0007738578040080444,-0.002383745502527964,0.0020365947796439905]","[-0.005168145848041342,0.0015328146916749451,0.006441155230599696,-0.0024814196185910763]",0.006667358852286062,0.003257557979498075,0.008758149143161016,5.604559736940346e-17,0.038011695906432746,4,4,neutral_bottleneck_mutable,14029
285,290,"[0.0,0.0,0.0,0.0]","[0.0,0.0,0.0,0.0]","[0.0,0.0,0.0,0.0]",0.0,0.0,0.0,0.0,0.0,4,4,neutral_bottleneck_mutable,14029
290,295,"[0.021220954541927406,-0.0075140949674190605,-0.014188838494131162,0.011098797899441404]","[0.004345173029198821,-0.006193869606771957,-0.0036609467140841187,-8.450345832754702e-05]","[0.016875781512728432,-0.0013202253606470551,-0.010527891780047049,0.011183301357768953]",0.02883222134132445,0.008405606524053031,0.022856896798544232,1.6029070205205594e-16,0.07894736842105263,4,4,neutral_bottleneck_mutable,14029
295,300,"[0.0,0.0,0.0,0.0]","[0.0,0.0,0.0,0.0]","[0.0,0.0,0.0,0.0]",0.0,0.0,0.0,0.0,0.0,4,4,neutral_bottleneck_mutable,14029
300,305,"[0.0,0.0,0.0,0.0]","[0.0,0.0,0.0,0.0]","[0.0,0.0,0.0,0.0]",0.0,0.0,0.0,0.0,0.0,4,4,neutral_bottleneck_mutable,14029
305,310,"[0.0,0.0,0.0,0.0]","[0.0,0.0,0.0,0.0]","[0.0,0.0,0.0,0.0]",0.0,0.0,0.0,0.0,0.0,4,4,neutral_bottleneck_mutable,14029
310,315,"[-0.007056794065576688,-0.0007416212639538289,0.00699327035552888,-0.002307209815713196]","[-0.001871522804725582,-0.0013506045842657747,-0.0003845863517660967,-0.0010712971640696814]","[-0.005185271260851011,0.000608983320311892,0.007377856707294929,-0.0012359126516434636]",0.010226308815127243,0.002573385829477603,0.009122398172021142,1.299596200079649e-16,0.0394736842105263,4,4,neutral_bottleneck_mutable,14029
315,320,"[0.0,0.0,0.0,0.0]","[0.0,0.0,0.0,0.0]","[0.0,0.0,0.0,0.0]",0.0,0.0,0.0,0.0,0.0,4,4,neutral_bottleneck_mutable,14029
320,325,"[0.008593672611548087,0.0012474512237981572,-0.002192839170699956,0.008679589761603768]","[0.0029032357885247426,-0.00021556454777170436,-0.004655385130335193,0.0022470282803973983]","[0.005690436823023332,0.0014630157715699614,0.0024625459596352445,0.0064325614812063186]",0.012472015296996722,0.005932705362874395,0.009053367671617971,1.1264354460607128e-16,0.04093567251461991,4,4,neutral_bottleneck_mutable,14029
325,330,"[0.0,0.0,0.0,0.0]","[0.0,0.0,0.0,0.0]","[0.0,0.0,0.0,0.0]",0.0,0.0,0.0,0.0,0.0,4,4,neutral_bottleneck_mutable,14029
330,335,"[0.0,0.0,0.0,0.0]","[0.0,0.0,0.0,0.0]","[0.0,0.0,0.0,0.0]",0.0,0.0,0.0,0.0,0.0,4,4,neutral_bottleneck_mutable,14029
335,339,"[0.004557641751100294,-0.0011056510700409028,-0.006175225592060796,0.0049648038874523515]","[-0.0011566480210469057,0.00032994558857381035,-0.0006103056276324911,0.0030453225273992844]","[0.0057142897721472775,-0.0014355966586147347,-0.005564919964428319,0.0019194813600531112]",0.009207456292253563,0.0033306397269918728,0.008328672659456427,9.347809800307534e-17,0.04248366013071897,4,4,neutral_bottleneck_mutable,14029
179,180,"[0.0,0.0,0.0,0.0]","[0.0,0.0,0.0,0.0]","[0.0,0.0,0.0,0.0]",0.0,0.0,0.0,0.0,0.0,28,28,scarcity_mutable,14041
180,185,"[0.00235012393025702,-0.0011850150814141647,0.00019909900138564973,-0.0009703934266300784]","[0.0,0.0,0.0,0.0]","[0.002350123930256906,-0.0011850150814141892,0.00019909900138557633,-0.0009703934266300841]",0.0028122316841870175,0.0,0.0028122316841869294,1.3758747704608775e-16,0.0172413793103448,28,27,scarcity_mutable,14041
185,190,"[0.0017602697425841418,-0.005642209461662828,-0.0032250061909971373,0.004171022131282953]","[-8.607689762320053e-05,-2.1932551845237163e-05,-0.00097697530064048,-0.00024237784001504136]","[0.0018463466402073715,-0.005620276909817599,-0.002248030890356606,0.004413399971297937]",0.007920300987182043,0.0010105038468639256,0.0077154553105752656,8.25555704148397e-17,0.03444976076555026,27,26,scarcity_mutable,14041
190,195,"[-0.0038481660545188756,-0.0005667545046994515,-0.0017231561501659942,-0.0007428088204881611]","[0.00048368465234563136,-0.0009280999131003324,-0.0006504555734880113,2.407711029399901e-05]","[-0.0043318507068644575,0.0003613454084008913,-0.0010727005766780035,-0.0007668859307821286]",0.00431863690455662,0.001232474118159601,0.004542499489132761,6.302684606232713e-17,0.03224699828473416,26,26,scarcity_mutable,14041
195,200,"[0.0011833629775171994,-0.004829560156890622,0.0015517429706988217,0.0026219000305452433]","[0.0,0.0,0.0,0.0]","[0.0011833629775171925,-0.0048295601568905545,0.0015517429706987545,0.0026219000305452893]",0.005831574852719469,0.0,0.005831574852719414,1.0609947285808077e-16,0.037735849056603786,26,24,scarcity_mutable,14041
200,205,"[0.005972251579407506,-0.0027290656653962686,-0.0005038464151310151,0.001149825900710999]","[0.0,0.0,0.0,0.0]","[0.005972251579407488,-0.0027290656653962556,-0.0005038464151310015,0.001149825900710972]",0.006685173830631965,0.0,0.006685173830631937,3.755849092762884e-17,0.019607843137254923,24,23,scarcity_mutable,14041
205,210,"[0.0,0.0,0.0,0.0]","[0.0,0.0,0.0,0.0]","[0.0,0.0,0.0,0.0]",0.0,0.0,0.0,0.0,0.0,23,23,scarcity_mutable,14041
210,215,"[-0.00196049850650859,0.004105200106735762,-0.0014485112403316847,-0.00621947554645319]","[0.0006442841873820532,0.0013191681804220982,-0.0014382600875257174,-0.00030158319500620976]","[-0.002604782693890642,0.0027860319263136647,-1.0251152806040791e-05,-0.0059178923514470174]",0.007840681296715368,0.002077222016354617,0.007040484482354903,8.205082733162072e-17,0.044680851063829775,23,23,scarcity_mutable,14041
215,220,"[-0.0025117684305389076,-0.0010811008544653888,-0.0009436076235961877,0.0005825605261453037]","[-0.0005104396401559496,0.00023505965561812958,0.0002609639120988441,-0.00011582443577613159]","[-0.002001328790382893,-0.0013161605100835399,-0.0012045715356950807,0.0006983849619214414]",0.0029508527276211564,0.0006303325561024446,0.002770618984119548,8.444563902062887e-17,0.020814061054579086,23,23,scarcity_mutable,14041
220,225,"[0.0,0.0,0.0,0.0]","[0.0,0.0,0.0,0.0]","[0.0,0.0,0.0,0.0]",0.0,0.0,0.0,0.0,0.0,23,23,scarcity_mutable,14041
225,230,"[0.0029622641010550455,-0.007093149432035928,-0.005430604230717562,0.005450233600122811]","[-0.0005548271320298359,-0.00017436296168360876,9.801544678328142e-05,0.0005705017809273081]","[0.003517091233084792,-0.006918786470352345,-0.005528619677500747,0.004879731819195579]",0.010875857946671895,0.0008205576754213498,0.01070593083902053,1.5412215131197805e-16,0.10074231177094382,23,19,scarcity_mutable,14041
230,235,"[0.0037944546530422896,-0.006166726186680793,0.001599257436130097,0.004112318048376862]","[0.00048390269738536325,-4.0094798541058e-06,0.0005936595463809036,-0.0009622652880579867]","[0.0033105519556570055,-0.006162716706826832,0.0010055978897490943,0.005074583336434934]",0.008479102667942665,0.0012298634225295225,0.008700658286244663,2.1023147014004608e-16,0.0693196405648267,19,18,scarcity_mutable,14041
235,240,"[0.0011038457010708047,-0.0031258068234739644,0.00044053049975872893,0.0026715179572043835]","[0.0,0.0,0.0,0.0]","[0.001103845701070852,-0.003125806823473922,0.0004405304997588053,0.002671517957204412]",0.00428021248845569,0.0,0.004280212488455696,1.0341357949453666e-16,0.026315789473684265,18,17,scarcity_mutable,14041
240,245,"[0.0016473830278215251,0.0031234502350203086,0.004056811680021921,-0.00782695366981212]","[0.00013632110592640644,0.000883372876275771,0.00014576396837714966,-0.001957125001239737]","[0.0015110619218950752,0.0022400773587445415,0.003911047711644691,-0.005869828668572367]",0.00949677508249777,0.002156505619611371,0.007553306395620157,9.29868823353944e-17,0.05961844197138315,17,17,scarcity_mutable,14041
245,250,"[0.0010024074742012168,0.002042038980307581,-0.000576462901106245,0.00682458905835176]","[-0.0018428862823274656,-0.0017122718359844507,0.0008492598768968194,0.0025392415383934212]","[0.0028452937565286744,0.0037543108162920663,-0.0014257227780030968,0.0042853475199583005]",0.007216790784909625,0.003673839220584605,0.006525904923671374,6.144480865715615e-17,0.06831119544592029,17,17,scarcity_mutable,14041
250,255,"[0.0034891726373805776,-0.0004926419837774643,-0.009316750872725765,-0.0015345201732950842]","[-0.0006861537594727873,-0.001308257585655635,-0.00013442281519020457,0.0011474482577654738]","[0.004175326396853282,0.0008156156018781465,-0.009182328057535608,-0.0026819684310606367]",0.010078373916674823,0.0018753804652808005,0.010469321016746901,1.258595754532126e-16,0.09331797235023043,17,15,scarcity_mutable,14041
255,260,"[-0.0029973382391158543,-0.0025638713513859157,0.0008730616901297394,0.0025705756639968214]","[0.0,0.0,0.0,0.0]","[-0.0029973382391158213,-0.002563871351385881,0.0008730616901297591,0.002570575663996908]",0.004788274092533599,0.0,0.0047882740925336105,1.0098672498914636e-16,0.03571428571428571,15,14,scarcity_mutable,14041
260,265,"[0.0,0.0,0.0,0.0]","[0.0,0.0,0.0,0.0]","[0.0,0.0,0.0,0.0]",0.0,0.0,0.0,0.0,0.0,14,14,scarcity_mutable,14041
265,270,"[-0.005748058559040925,-0.002602826070124964,0.007467641288646687,0.006952603079881603]","[0.00014435220904157413,-0.0005260730915953402,0.002066441760017559,0.00024617085650017513]","[-0.0058924107680825,-0.002076752978529681,0.005401199528629251,0.006706432223381353]",0.011996634392685545,0.0021513651703256604,0.01063873099145378,1.5495703289920328e-16,0.10950080515297907,14,13,scarcity_mutable,14041
270,275,"[0.0007484595184236165,-0.0025865058732484902,0.0032060708449835884,-0.002314868016680127]","[-0.0003855748435662353,-0.0020221553124039923,0.003205266925903984,0.00350108150829643]","[0.0011340343619899774,-0.000564350560844501,8.039190795379111e-07,-0.005815949524976554]",0.0047841099988158945,0.005173885180548946,0.005952293256641545,1.4216668942981635e-16,0.03754940711462452,13,13,scarcity_mutable,14041
275,280,"[0.0,0.0,0.0,0.0]","[0.0,0.0,0.0,0.0]","[0.0,0.0,0.0,0.0]",0.0,0.0,0.0,0.0,0.0,13,13,scarcity_mutable,14041
280,285,"[-0.002475880844865719,0.002525817575371181,-0.00399946241043081,0.012509257310846955]","[0.00013773784421480416,0.0006319089907525141,-0.0006637111230613893,-8.460890846459165e-05]","[-0.0026136186890807905,0.0018939085846187177,-0.003335751287369429,0.012593866219311436]",0.013600991082397413,0.0009305653166703469,0.013422019050050011,2.943121466135854e-16,0.1004784688995215,13,13,scarcity_mutable,14041
285,290,"[0.006192017163605956,0.007215469160045895,0.0030360073995767123,-0.005155088303983868]","[0.0013230452076402376,-0.0008114350369478332,-0.0009599235767194888,-0.0003281696826181094]","[0.004868971955965723,0.008026904196993777,0.003995930976296269,-0.004826918621365599]",0.011233714795477051,0.001854190943343737,0.011287368455061038,1.8007106510893554e-16,0.08668730650154802,13,13,scarcity_mutable,14041
290,295,"[0.010072594586227224,-0.006119744256687265,-0.008161158593231577,0.005883614414902094]","[0.0,0.0,0.0,0.0]","[0.010072594586227288,-0.006119744256687187,-0.008161158593231526,0.00588361441490206]",0.015496124019666081,0.0,0.015496124019666052,1.178495344697609e-16,0.1176470588235294,13,11,scarcity_mutable,14041
295,300,"[-0.015103093521348532,-0.034967609387060616,0.0024024973974934305,-0.026238988878499236]","[-0.003966163610128387,-0.004215071595481238,0.009165585214417278,-2.966438329927209e-05]","[-0.011136929911219916,-0.030752537791579528,-0.006763087816923873,-0.026209324495199846]",0.0463151559564644,0.010840023737783996,0.042454891776850155,3.0054803885119506e-16,0.21818181818181814,11,9,scarcity_mutable,14041
300,305,"[0.0,0.0,0.0,0.0]","[0.0,0.0,0.0,0.0]","[0.0,0.0,0.0,0.0]",0.0,0.0,0.0,0.0,0.0,9,9,scarcity_mutable,14041
305,310,"[-0.007726577022324155,0.0008163783050558759,-8.544589820586035e-05,-0.013201697516031174]","[0.0,0.0,0.0,0.0]","[-0.007726577022324187,0.0008163783050558638,-8.544589820586252e-05,-0.013201697516031188]",0.015318569917755945,0.0,0.015318569917755973,3.707654398168222e-17,0.09090909090909093,9,8,scarcity_mutable,14041
310,315,"[0.0,0.0,0.0,0.0]","[0.0,0.0,0.0,0.0]","[0.0,0.0,0.0,0.0]",0.0,0.0,0.0,0.0,0.0,8,8,scarcity_mutable,14041
315,320,"[0.0,0.0,0.0,0.0]","[0.0,0.0,0.0,0.0]","[0.0,0.0,0.0,0.0]",0.0,0.0,0.0,0.0,0.0,8,8,scarcity_mutable,14041
320,325,"[-0.01059907026902962,0.0065638374699517055,-0.007826571414287276,-0.009883337698331662]","[0.0,0.0,0.0,0.0]","[-0.01059907026902969,0.006563837469951668,-0.007826571414287312,-0.00988333769833169]",0.017730195629546003,0.0,0.017730195629546062,9.112253253732786e-17,0.09999999999999995,8,7,scarcity_mutable,14041
325,330,"[-0.008803588086258918,0.0070242580493098394,0.01759590896794172,0.011216743890072323]","[-0.005442455039323112,0.0008811006505771527,-0.004947848199041123,-0.005581066051936765]","[-0.0033611330469358967,0.0061431573987327185,0.022543757166982765,0.016797809942009016]",0.02371233266128368,0.009275028586928266,0.028972797659814507,1.416032789054636e-16,0.19047619047619047,7,6,scarcity_mutable,14041
330,335,"[0.0,0.0,0.0,0.0]","[0.0,0.0,0.0,0.0]","[0.0,0.0,0.0,0.0]",0.0,0.0,0.0,0.0,0.0,6,6,scarcity_mutable,14041
335,339,"[0.0,0.0,0.0,0.0]","[0.0,0.0,0.0,0.0]","[0.0,0.0,0.0,0.0]",0.0,0.0,0.0,0.0,0.0,6,6,scarcity_mutable,14041
179,180,"[-0.029293095754738263,0.08042458339503028,0.02185810508852426,-0.04330598319235657]","[-0.0016959731535165742,0.0014802066693312722,0.0036362869723184726,0.0023809193098266496]","[-0.027597122601221737,0.07894437672569896,0.01822181811620558,-0.04568690250218302]",0.0983838605233505,0.004894762141957481,0.0970213559386798,2.98775589569075e-16,0.8448275862068964,28,6,neutral_bottleneck_mutable,14041
180,185,"[0.0,0.0,0.0,0.0]","[0.0,0.0,0.0,0.0]","[0.0,0.0,0.0,0.0]",0.0,0.0,0.0,0.0,0.0,6,6,neutral_bottleneck_mutable,14041
185,190,"[0.018348704092672863,-0.005729800544070296,-0.010811715990318937,-0.010967435786784663]","[0.0019272885596001254,-0.001080063149836571,-0.0025282766500108783,-0.007064528249308639]","[0.016421415533072782,-0.004649737394233723,-0.008283439340308021,-0.003902907537476012]",0.024630944085598124,0.007821810519558145,0.01936829885394763,6.001742121344228e-17,0.10714285714285712,6,6,neutral_bottleneck_mutable,14041
190,195,"[0.0,0.0,0.0,0.0]","[0.0,0.0,0.0,0.0]","[0.0,0.0,0.0,0.0]",0.0,0.0,0.0,0.0,0.0,6,6,neutral_bottleneck_mutable,14041
195,200,"[0.0,0.0,0.0,0.0]","[0.0,0.0,0.0,0.0]","[0.0,0.0,0.0,0.0]",0.0,0.0,0.0,0.0,0.0,6,6,neutral_bottleneck_mutable,14041
200,205,"[-0.01450939496531578,-0.003132743854795561,0.006101802608709628,-0.0014354618794036322]","[0.009207650698753515,-0.007599782536929209,0.002561651287845626,-0.00476437325184907]","[-0.02371704566406925,0.0044670386821336686,0.0035401513208641044,0.0033289113724455158]",0.01611301251169895,0.013107205491725775,0.024618428299130662,1.3797323578887531e-16,0.11538461538461539,6,6,neutral_bottleneck_mutable,14041
205,210,"[0.006234780103088977,-0.003779405345871012,-0.00173178591735057,0.0043017148179334]","[-0.002813248478541961,-0.0013151092666507604,0.0027405935922919285,0.006110726716527825]","[0.009048028581630813,-0.0024642960792202497,-0.004472379509642521,-0.0018090118985944967]",0.008640614592760987,0.007382121214627126,0.01054581807673521,1.4549976996740946e-16,0.060439560439560475,6,6,neutral_bottleneck_mutable,14041
210,215,"[-0.0007010923519288337,0.0024605044285238575,0.010067943536940627,-0.00338415879664683]","[-0.007233964087151247,0.0019085696765797167,0.004959714559368251,-0.005125570293595262]","[0.006532871735222361,0.0005519347519441454,0.005108228977572378,0.0017414114969484798]",0.010925274841058475,0.010336494278504159,0.008491734944537857,7.081624827150952e-17,0.05238095238095236,6,6,neutral_bottleneck_mutable,14041
215,220,"[0.0,0.0,0.0,0.0]","[0.0,0.0,0.0,0.0]","[0.0,0.0,0.0,0.0]",0.0,0.0,0.0,0.0,0.0,6,6,neutral_bottleneck_mutable,14041
220,225,"[-0.0002665762419468143,0.001615088848466173,-0.0078000803870663105,0.005741368497057531]","[0.0059327532568043285,0.0032689382173917785,-0.0034542797189822862,0.0051647380252143014]","[-0.006199329498751115,-0.0016538493689255817,-0.004345800668084023,0.0005766304718431911]",0.00982263412455699,0.009191848863058714,0.007770803698264352,5.288239858762323e-17,0.08627450980392158,6,6,neutral_bottleneck_mutable,14041
225,230,"[-0.011979002509632575,0.000733736348644376,-0.004432426063996131,0.0014460928689561392]","[-0.0008369193134809938,-0.0024506050953224377,-0.004633810327493429,0.0027108191780431507]","[-0.011142083196151509,0.003184341443966744,0.00020138426349727585,-0.0012647263090870215]",0.012875265261482713,0.005960422639186679,0.011658736494157815,1.0369780249468238e-16,0.08049535603715173,6,6,neutral_bottleneck_mutable,14041
230,235,"[0.0,0.0,0.0,0.0]","[0.0,0.0,0.0,0.0]","[0.0,0.0,0.0,0.0]",0.0,0.0,0.0,0.0,0.0,6,6,neutral_bottleneck_mutable,14041
235,240,"[-0.0015408416022908433,-0.006103200906351469,0.00017638114471035804,-0.004163372369114571]","[-0.00019309344199309274,-0.0021215022595028983,-0.0028067669751354564,-0.004453603576029484]","[-0.0013477481602976872,-0.003981698646848565,0.0029831481198457806,0.0002902312069149055]",0.007549041921910066,0.005678959638837936,0.0051627275810668324,7.24649457599557e-17,0.04210526315789473,6,6,neutral_bottleneck_mutable,14041
240,245,"[0.0,0.0,0.0,0.0]","[0.0,0.0,0.0,0.0]","[0.0,0.0,0.0,0.0]",0.0,0.0,0.0,0.0,0.0,6,6,neutral_bottleneck_mutable,14041
245,250,"[0.0,0.0,0.0,0.0]","[0.0,0.0,0.0,0.0]","[0.0,0.0,0.0,0.0]",0.0,0.0,0.0,0.0,0.0,6,6,neutral_bottleneck_mutable,14041
250,255,"[0.0,0.0,0.0,0.0]","[0.0,0.0,0.0,0.0]","[0.0,0.0,0.0,0.0]",0.0,0.0,0.0,0.0,0.0,6,6,neutral_bottleneck_mutable,14041
255,260,"[-0.003987704072641041,0.002547818850685002,0.0018265088065087531,-0.0027975682985291184]","[0.00417603279186086,-0.0001743281991520068,0.002016577361072068,-0.002285574421815976]","[-0.008163736864501872,0.0027221470498370176,-0.0001900685545632927,-0.0005119938767131158]",0.005792727118728529,0.005173014101137229,0.008622931516542894,4.564581280846566e-17,0.06363636363636366,6,6,neutral_bottleneck_mutable,14041
260,265,"[-0.00116909036893742,0.0005694935630318754,0.009493558995157858,-0.001369876962269867]","[-0.004993847295771726,5.008531018443205e-05,0.005151586744204511,-0.0019100251479403215]","[0.0038247569268342334,0.0005194082528474217,0.004341972250953298,0.0005401481856704281]",0.009679634316201072,0.007424827365037583,0.005834640826394026,9.367305989942936e-17,0.03557312252964427,6,6,neutral_bottleneck_mutable,14041
265,270,"[0.0,0.0,0.0,0.0]","[0.0,0.0,0.0,0.0]","[0.0,0.0,0.0,0.0]",0.0,0.0,0.0,0.0,0.0,6,6,neutral_bottleneck_mutable,14041
270,275,"[0.011939501027425692,0.007254286931392517,0.007281800514909953,0.0013660859251787283]","[-0.002225577948748716,0.004262480548129202,0.003109313997348276,0.0009007276342272431]","[0.014165078976174462,0.0029918063832632767,0.0041724865175616355,0.00046535829095149155]",0.015813512360028866,0.005796643980296088,0.01507403628476413,7.868290543290047e-17,0.07346326836581708,6,6,neutral_bottleneck_mutable,14041
275,280,"[0.0,0.0,0.0,0.0]","[0.0,0.0,0.0,0.0]","[0.0,0.0,0.0,0.0]",0.0,0.0,0.0,0.0,0.0,6,6,neutral_bottleneck_mutable,14041
280,285,"[-0.001017423942958784,-0.0007233850545107501,-0.0002279241658496578,0.0002167938654342172]","[0.0007065906023540562,0.0001641319219909114,0.0002192696698664415,-0.00041740100492137616]","[-0.0017240145453128533,-0.0008875169765016106,-0.00044719383571610095,0.0006341948703556415]",0.0012873952082649257,0.0008651660847399253,0.0020885636203660956,7.139261892018674e-17,0.02955665024630541,6,6,neutral_bottleneck_mutable,14041
285,290,"[0.0023398482718501867,-0.0037266940764736356,-0.005497896314749673,0.0023331839754631156]","[0.0007404894413140557,-0.0007990502869204146,0.00020410233107902298,0.00212289137137655]","[0.0015993588305361212,-0.002927643789553274,-0.005701998645828739,0.0002102926040865108]",0.007418473564420102,0.002394813460364314,0.006609542976915271,8.812262933081507e-17,0.03571428571428571,6,6,neutral_bottleneck_mutable,14041
290,295,"[-3.3591122304166277e-05,0.0010594098091339932,0.014183086608223261,0.0028656395188920714]","[0.00034837681034893185,-0.0002220600006661896,0.002770421931179576,0.0037087018775094427]","[-0.0003819679326530663,0.0012814698098001561,0.011412664677043693,-0.0008430623586173705]",0.014508456606261913,0.00464762136354583,0.011521620265664148,4.2425739812076116e-17,0.062169312169312166,6,6,neutral_bottleneck_mutable,14041
295,300,"[0.0013808224039145722,0.0025934739725013145,-0.0005143447339798768,-0.0015325826088369854]","[7.866483862736709e-05,-0.0008760295754211742,0.00043806906515873217,-0.00206004118179022]","[0.0013021575652871088,0.003469503547922561,-0.0009524137991386876,0.0005274585729532059]",0.0033535261614420987,0.0022823869414211,0.003862431071857893,1.4667171782596703e-16,0.032763532763532804,6,6,neutral_bottleneck_mutable,14041
300,305,"[0.010916513253631632,-0.001926663107992499,0.0007191205337159223,6.904058783241407e-05]","[0.0013469021957628884,-0.0009300226170619241,-0.0009675674942300525,-3.870000749769235e-05]","[0.009569611057868764,-0.000996640490930498,0.0016866880279460808,0.0001077405953301162]",0.011108744001604975,0.0019017813070036588,0.009768688376980045,1.328226014717069e-16,0.03384615384615383,6,6,neutral_bottleneck_mutable,14041
305,310,"[0.0,0.0,0.0,0.0]","[0.0,0.0,0.0,0.0]","[0.0,0.0,0.0,0.0]",0.0,0.0,0.0,0.0,0.0,6,6,neutral_bottleneck_mutable,14041
310,315,"[0.0,0.0,0.0,0.0]","[0.0,0.0,0.0,0.0]","[0.0,0.0,0.0,0.0]",0.0,0.0,0.0,0.0,0.0,6,6,neutral_bottleneck_mutable,14041
315,320,"[0.0,0.0,0.0,0.0]","[0.0,0.0,0.0,0.0]","[0.0,0.0,0.0,0.0]",0.0,0.0,0.0,0.0,0.0,6,6,neutral_bottleneck_mutable,14041
320,325,"[0.00025323614653094406,0.0016094261236127005,-0.007179693690582578,-0.001528072114201584]","[0.0016989095571653498,-0.00036639496983099175,-0.0008178417754817107,-0.0016642758087130245]","[-0.0014456734106343895,0.001975821093443676,-0.006361851915100846,0.00013620369451148228]",0.007519134715515385,0.002541499182477871,0.006818031375667254,5.244625593071559e-17,0.03384615384615383,6,6,neutral_bottleneck_mutable,14041
325,330,"[0.0022561406743398793,-0.00010048426482234252,0.0033568897387254992,0.002058020929859017]","[0.000119491663583271,-0.0010223973108460884,-0.000501262463874824,0.0017197997858930945]","[0.0021366490107565224,0.0009219130460236665,0.003858152202600229,0.0003382211439658771]",0.004539209919753218,0.0020660469210884353,0.00451828779741287,1.56985885363645e-16,0.02564102564102566,6,6,neutral_bottleneck_mutable,14041
330,335,"[0.0,0.0,0.0,0.0]","[0.0,0.0,0.0,0.0]","[0.0,0.0,0.0,0.0]",0.0,0.0,0.0,0.0,0.0,6,6,neutral_bottleneck_mutable,14041
335,339,"[-0.0037250540812117094,-0.009458407370014466,-0.004297690921333253,-0.001039030381638606]","[0.0007124904227032956,-0.005055632777328522,-0.0016771585709085607,0.0006635450927355495]","[-0.004437544503914977,-0.004402774592686037,-0.002620532350424587,-0.0017025754743741593]",0.011085451243606383,0.005414814710006973,0.006988717935629533,1.4344088984492854e-16,0.037037037037037035,6,6,neutral_bottleneck_mutable,14041
179,180,"[0.0,0.0,0.0,0.0]","[0.0,0.0,0.0,0.0]","[0.0,0.0,0.0,0.0]",0.0,0.0,0.0,0.0,0.0,22,22,scarcity_mutable,14057
180,185,"[0.001839753921582865,-0.002463404607950359,-0.00255129909881302,-0.000402898591927936]","[0.0009699106286753215,-0.0005054660668235209,-0.00013677065448976374,0.0002286773870488141]","[0.0008698432929076481,-0.0019579385411267114,-0.0024145284443231967,-0.0006315759789766708]",0.004015533728090481,0.0011257096124686991,0.003289222782164801,1.9191653267018644e-16,0.03205128205128208,22,21,scarcity_mutable,14057
185,190,"[0.0016109051824308995,0.00015540782310141665,0.002700380332180341,-0.0022574308172979562]","[0.00017429549181122327,-0.0005863559694473491,8.422671505438193e-05,-9.985230192090087e-05]","[0.0014366096906196315,0.0007417637925487565,0.002616153617125941,-0.0021575785153770746]",0.0038739146778906707,0.0006255052862286709,0.003756789284154281,5.268921382402178e-17,0.03769230769230773,21,20,scarcity_mutable,14057
190,195,"[0.0,0.0,0.0,0.0]","[0.0,0.0,0.0,0.0]","[0.0,0.0,0.0,0.0]",0.0,0.0,0.0,0.0,0.0,20,20,scarcity_mutable,14057
195,200,"[0.0016850941511583617,-0.009901055056498465,0.00975466393283686,0.0008504659276067916]","[0.0004961682193263401,-0.0037499037683231874,0.0022989688350077905,-0.00013163328413667895]","[0.0011889259318319065,-0.0061511512881752715,0.007455695097829014,0.0009820992117434888]",0.014026660125157743,0.00442837963586949,0.009787855500307585,1.2902789369852484e-16,0.06000000000000001,20,19,scarcity_mutable,14057
200,205,"[-0.000644652186866379,-0.008600099758094726,0.000280644438073685,0.0014331863547490942]","[0.00041830950172542917,-0.0007674556710590966,-0.0006702901827056417,0.00013809670393087538]","[-0.0010629616885918201,-0.007832644087035637,0.0009509346207792896,0.0012950896508181192]",0.0087470038709991,0.0011101039027688712,0.00806608546955964,1.0743256421010226e-16,0.10833333333333335,19,15,scarcity_mutable,14057
205,210,"[0.005458846329246758,-0.008202309631991034,0.008360199970232018,0.008580614841153023]","[0.0009879249753546157,-0.001627286826867911,0.0022310475543593786,0.00046117831956222496]","[0.004470921353892057,-0.006575022805123114,0.006129152415872672,0.008119436521590796]",0.01551118245459922,0.002968891511334568,0.012911693204445235,9.09862049726606e-17,0.08888888888888888,15,13,scarcity_mutable,14057
210,215,"[0.0,0.0,0.0,0.0]","[0.0,0.0,0.0,0.0]","[0.0,0.0,0.0,0.0]",0.0,0.0,0.0,0.0,0.0,13,13,scarcity_mutable,14057
215,220,"[0.0031506765292501626,-0.001256629373201812,-0.005028362296952027,0.002438882347835458]","[0.0011135757716370521,-0.004729227444594023,-0.0013839309407321656,0.0005316694528201781]","[0.002037100757613043,0.003472598071392237,-0.0036444313562198722,0.0019072128950152916]",0.006537465446910866,0.005079722480377869,0.005755697855101148,7.409219026245714e-17,0.04084967320261438,13,13,scarcity_mutable,14057
220,225,"[0.005200213388337982,-0.0018569978556034483,0.0037163604949546625,0.0043397990694981625]","[0.0,0.0,0.0,0.0]","[0.005200213388337884,-0.0018569978556035073,0.00371636049495471,0.0043397990694981625]",0.007945807171838628,0.0,0.0079458071718386,1.2393867814067268e-16,0.02941176470588235,13,12,scarcity_mutable,14057
225,230,"[0.0,0.0,0.0,0.0]","[0.0,0.0,0.0,0.0]","[0.0,0.0,0.0,0.0]",0.0,0.0,0.0,0.0,0.0,12,12,scarcity_mutable,14057
230,235,"[0.00012315708529686553,-0.0034812414091180965,0.009605399164341055,0.006121345133694722]","[0.0022474408856322393,-0.0014124638191038324,0.0009513920072790803,0.00018704313075235736]","[-0.002124283800335347,-0.002068777590014311,0.008654007157061851,0.0059343020029424005]",0.011910867674873617,0.0028259823882970272,0.01090413694511934,1.391081667005376e-16,0.048875855327468215,12,12,scarcity_mutable,14057
235,240,"[0.0,0.0,0.0,0.0]","[0.0,0.0,0.0,0.0]","[0.0,0.0,0.0,0.0]",0.0,0.0,0.0,0.0,0.0,12,12,scarcity_mutable,14057
240,245,"[0.004139435804631941,-0.009894345021107809,0.015534363553651953,0.004632057280089419]","[0.0030363118323740537,-0.004832468527003236,-0.004763347222246225,0.0015183855624867637]","[0.0011031239722579071,-0.0050618764941045905,0.0202977107758982,0.0031136717176025418]",0.019437216823415055,0.0075872862792925235,0.021178562048608268,1.1835912890970245e-16,0.1039426523297491,12,11,scarcity_mutable,14057
245,250,"[-0.0018672140949647087,0.005107216317846108,-0.006438015331115876,-0.006293233630199846]","[-0.0031327288729615377,-0.0002012852175346674,-0.004541780368320647,-0.0022059140543056084]","[0.0012655147779968294,0.005308501535380835,-0.001896234962795093,-0.004087319575894222]",0.010517745857438742,0.005945446296059757,0.00707697707740273,1.495645795521121e-16,0.05037037037037038,11,11,scarcity_mutable,14057
250,255,"[-0.0036763706119062878,-0.007244204807860366,-0.009347361463676485,-0.0017861943217579168]","[0.0005216586049077357,0.0003705441915372418,-0.002585749719970759,-0.0002817050496208743]","[-0.004198029216813956,-0.00761474899939756,-0.006761611743705769,-0.001504489272137019]",0.012512308366645216,0.00267859852297186,0.011117136905320762,9.647328164870595e-17,0.06956521739130432,11,11,scarcity_mutable,14057
255,260,"[0.0007246876020716719,-0.0012673070596084801,-0.002734697015779386,-0.0033711963049113947]","[-4.6011508906365064e-05,-9.72769031986028e-05,-0.0003350499892831732,0.0020467348997510308]","[0.0007706991109779886,-0.0011700301564099447,-0.0023996470264962995,-0.005417931204662409]",0.004579822223437368,0.0020767672233606895,0.006088943428608788,1.2110611064262495e-16,0.06625258799171842,11,11,scarcity_mutable,14057
260,265,"[0.006602086593976653,0.006480660374763414,-0.002303380466123439,-0.00254934661235956]","[0.0012975574598331505,-0.0016244886792756376,0.000897090338823795,0.0010341037368678339]","[0.005304529134143561,0.008105149054039095,-0.003200470804947083,-0.0035834503492273564]",0.009868699813504467,0.002489329316357796,0.010812751745132456,1.722171794748568e-16,0.040476190476190506,11,11,scarcity_mutable,14057
265,270,"[0.005468401081742513,0.011156753609434078,-0.0021078863098276113,-0.002246411782258595]","[-0.0002716085850435777,0.002406789958768935,0.0018761609933667998,0.002243270312745273]","[0.005740009666786087,0.008749963650665132,-0.003984047303194488,-0.0044896820950039275]",0.01280101996260657,0.003797189868597002,0.012063973354208345,9.768703690625177e-17,0.044736842105263123,11,11,scarcity_mutable,14057
270,275,"[-0.003652761741564481,-0.007713167617701633,-0.01373309519750815,0.00040350900443025806]","[-2.954254262048093e-06,-0.0018659824043923952,0.0004127741471710064,0.0023574120007032466]","[-0.003649807487302436,-0.005847185213309263,-0.014145869344679034,-0.001953902996272924]",0.01617394034426602,0.003034744288857416,0.01585667134201519,1.398672910477239e-16,0.09287925696594429,11,10,scarcity_mutable,14057
275,280,"[-0.002410859362519724,-0.0011241612380658572,3.265854509448829e-05,0.003556303335301103]","[0.0,0.0,0.0,0.0]","[-0.0024108593625196185,-0.0011241612380658468,3.265854509447051e-05,0.003556303335301139]",0.004441209446565226,0.0,0.004441209446565196,1.1325216978359462e-16,0.058823529411764705,10,9,scarcity_mutable,14057
280,285,"[0.008995980442004892,0.0055875192326346745,-0.007198049639352888,-0.0054523572813521826]","[0.0024198974960423776,-0.007083327698357746,-0.0007679247153239989,0.001141516803021951]","[0.006576082945962481,0.012670846930992458,-0.006430124924028837,-0.0065938740843741045]",0.013917189149469059,0.007610663844479081,0.016988846660088992,7.781641587127936e-17,0.058333333333333334,9,9,scarcity_mutable,14057
285,290,"[0.005911062813926837,0.002391377717987142,0.008992107809020045,0.014696460606063333]","[0.0,0.0,0.0,0.0]","[0.005911062813926905,0.002391377717987129,0.008992107809020117,0.014696460606063319]",0.018371263107769285,0.0,0.01837126310776933,1.0122895570750615e-16,0.13333333333333336,9,7,scarcity_mutable,14057
290,295,"[0.008842564709891532,-0.0015182985641601365,0.019886833465872167,-0.0015447204830668082]","[0.0004991637718391832,-0.0005619450402404219,-0.0035941649393088845,0.0010831338413814509]","[0.00834340093805224,-0.0009563535239197202,0.023480998405180954,-0.0026278543244483837]",0.021871636606543395,0.003828334785343427,0.02507568255761819,1.9126518662015908e-16,0.12587412587412586,7,7,scarcity_mutable,14057
295,300,"[-0.0010351185833981091,-1.8563123510506596e-05,0.00020715841837148918,-0.008161589879158049]","[0.0039420607728680316,8.225699716091269e-05,-0.0005766764041472054,-0.002069293589868822]","[-0.004977179356266078,-0.00010082012067145216,0.0007838348225186987,-0.0060922962892891236]",0.008229597744551544,0.004490115921303055,0.007906513147187726,1.2582261096543866e-16,0.08181818181818183,7,7,scarcity_mutable,14057
300,305,"[-0.006248284443317931,-0.014288064433431502,-0.007390973488734298,-0.0028408967317277156]","[-0.004155903525197853,-0.006058811052759364,0.0013258088036118595,-0.0003699858753619978]","[-0.0020923809181201316,-0.008229253380672128,-0.008716782292346171,-0.0024709108563657645]",0.017489626270735848,0.007474983880617608,0.012417180159041056,7.3234305521987e-17,0.07777777777777774,7,7,scarcity_mutable,14057
305,310,"[-0.0021214466352933448,0.0070659550832790075,0.006838412523425874,-0.002398183908984053]","[0.0,0.0,0.0,0.0]","[-0.0021214466352934037,0.007065955083279044,0.006838412523425859,-0.0023981839089839913]",0.010341345607181484,0.0,0.010341345607181496,9.389165774379938e-17,0.11111111111111113,7,6,scarcity_mutable,14057
310,315,"[-0.010815409402938458,-0.0012276889111641487,0.0014158951546768828,-0.00937799294521946]","[0.0,0.0,0.0,0.0]","[-0.010815409402938401,-0.0012276889111641912,0.0014158951546768637,-0.009377992945219595]",0.01443716770649245,0.0,0.014437167706492497,1.5412947308735548e-16,0.12499999999999997,6,5,scarcity_mutable,14057
315,320,"[-0.009676789733271574,-0.015392970824353314,-0.012078152161442257,-0.0016320407712440144]","[-0.0068738644980824055,-0.005638322031244095,0.0019043453753549364,0.005913070975580865]","[-0.002802925235189246,-0.00975464879310921,-0.013982497536797206,-0.007545111746824807]",0.021889018412329445,0.01084581154810016,0.01885334218619026,1.0723411741364753e-16,0.11904761904761904,5,5,scarcity_mutable,14057
320,325,"[0.0,0.0,0.0,0.0]","[0.0,0.0,0.0,0.0]","[0.0,0.0,0.0,0.0]",0.0,0.0,0.0,0.0,0.0,5,5,scarcity_mutable,14057
325,330,"[0.0,0.0,0.0,0.0]","[0.0,0.0,0.0,0.0]","[0.0,0.0,0.0,0.0]",0.0,0.0,0.0,0.0,0.0,5,5,scarcity_mutable,14057
330,335,"[-0.01344197091507393,-0.011489252736717026,-0.015240685058052483,0.03047746409440616]","[-0.0021448353632269007,-0.0022436560591498457,-0.005308154060926344,0.004285659090604069]","[-0.011297135551846988,-0.009245596677567143,-0.00993253099712603,0.026191805003802106]",0.03839067346627842,0.007495177424351916,0.03158753157445368,1.2576446107020924e-16,0.13333333333333336,5,5,scarcity_mutable,14057
335,339,"[0.0,0.0,0.0,0.0]","[0.0,0.0,0.0,0.0]","[0.0,0.0,0.0,0.0]",0.0,0.0,0.0,0.0,0.0,5,5,scarcity_mutable,14057
179,180,"[0.032989093639028244,-0.07483926128761392,0.05209809617169675,0.04755900753170228]","[0.023155811145321822,-0.012954633150977233,0.023405909940404937,0.004741507401426611]","[0.009833282493706233,-0.06188462813663658,0.028692186231291966,0.04281750013027561]",0.10800586165257976,0.035697795764589424,0.08113556872511657,2.716822870903453e-16,0.5925925925925924,22,5,neutral_bottleneck_mutable,14057
180,185,"[0.0,0.0,0.0,0.0]","[0.0,0.0,0.0,0.0]","[0.0,0.0,0.0,0.0]",0.0,0.0,0.0,0.0,0.0,5,5,neutral_bottleneck_mutable,14057
185,190,"[-0.017183543446980254,0.0051972903224590805,-0.02235913724003119,0.0069942334562668185]","[-0.0048134790819406225,0.009776146430749814,-0.0035588430902455817,0.0023195657942241136]","[-0.012370064365039644,-0.00457885610829078,-0.01880029414978568,0.004674667662042671]",0.029515018411810225,0.011695656010778767,0.02343689385402145,9.135341073846037e-17,0.13333333333333336,5,5,neutral_bottleneck_mutable,14057
190,195,"[0.012616421834788172,0.007796439184814985,0.01805798545418419,0.0111929601101447]","[-0.006233900346245267,-0.005276361331594086,0.0036107652331795175,0.0026599921006900443]","[0.018850322181033476,0.013072800516409067,0.01444722022100466,0.00853296800945471]",0.0259100706013445,0.009317439883000564,0.02842123281694816,6.651030251783879e-17,0.11904761904761904,5,5,neutral_bottleneck_mutable,14057
195,200,"[-0.01022840118345425,-0.014845816903886089,0.011463162252753178,0.0041559827514635606]","[0.0013778340588617532,0.006841306248131782,0.001770336954139378,-4.172036102761163e-05]","[-0.011606235242316017,-0.021687123152017866,0.009692825298613851,0.0041977031124912365]",0.021764529670470857,0.007199842456207092,0.026769527093335715,8.279557292393911e-17,0.10714285714285712,5,5,neutral_bottleneck_mutable,14057
200,205,"[0.0040322561888399555,0.011296685349777291,-0.011588586098262132,-0.012601202396421762]","[-0.002473219593326538,-0.0001525804103829464,-0.0054865239322272365,0.0046253881972062524]","[0.00650547578216646,0.011449265760160261,-0.006102062166034879,-0.017226590593628032]",0.020903583890250276,0.007591854633237127,0.022525485294611534,4.772854504744019e-17,0.15,5,5,neutral_bottleneck_mutable,14057
205,210,"[0.0,0.0,0.0,0.0]","[0.0,0.0,0.0,0.0]","[0.0,0.0,0.0,0.0]",0.0,0.0,0.0,0.0,0.0,5,5,neutral_bottleneck_mutable,14057
210,215,"[0.007913687555012539,0.006851333854962283,0.006725084793389902,-0.018477249502835857]","[0.003494917641455597,0.0005498680186041221,0.0027867155985260754,-0.00071498030183338]","[0.004418769913557011,0.006301465836358128,0.003938369194863754,-0.017762269201002524]",0.022275608655631496,0.004560020265033859,0.01975456803677772,1.1594456207645019e-16,0.07272727272727272,5,5,neutral_bottleneck_mutable,14057
215,220,"[0.011604932197711415,0.009814767785680134,0.005104269623184998,0.00660060231016063]","[0.0027145383768003243,0.003668562423971509,-0.0017656781442953802,-0.00022404433026514253]","[0.008890393820910975,0.006146205361708637,0.006869947767480459,0.006824646640425771]",0.017338559260889314,0.004898457311119878,0.014511613512417306,1.420064811451453e-16,0.06818181818181819,5,5,neutral_bottleneck_mutable,14057
220,225,"[-0.009078925856143671,-0.006484547995080414,-0.013384280824927486,0.0027896826958815346]","[-0.0016043141765806161,-0.0034915814786583123,-0.0030326816510667497,5.7242213131002964e-05]","[-0.007474611679562997,-0.0029929665164220715,-0.010351599173860714,0.0027324404827505904]",0.01764646027241945,0.004895446850591721,0.013395876409430303,9.158370690839783e-17,0.06410256410256408,5,5,neutral_bottleneck_mutable,14057
225,230,"[-0.005971525086860607,-0.008231853874003825,0.008180478867879815,0.004550944363648279]","[0.0005818836547633156,0.002759852174303425,0.0018500884475013434,0.0007804874404301607]","[-0.006553408741623983,-0.010991706048307261,0.00633039042037843,0.0037704569232180915]",0.013822223380296227,0.0034622767826872555,0.014766683997142023,7.839913814309171e-17,0.060439560439560475,5,5,neutral_bottleneck_mutable,14057
230,235,"[-0.007662539557616199,0.002879370611471088,-0.0072315820094623895,0.002398708736357169]","[-0.0016898955728836449,0.00466717411681862,0.0017912858146446613,0.00045879840583943444]","[-0.005972643984732422,-0.0017878035053475148,-0.00902286782410695,0.0019399103305177317]",0.011182793459225326,0.005296929500276684,0.011137509299832128,1.667777846351281e-16,0.05238095238095235,5,5,neutral_bottleneck_mutable,14057
235,240,"[0.0032870034627444644,0.0012062148368134906,-0.008211998829526668,0.0033335150157616233]","[0.002385492901661301,6.425473138170327e-05,-0.0018419290491495169,-0.0007327041491101778]","[0.0009015105610830918,0.001141960105431757,-0.006370069780377182,0.004066219164871834]",0.009529354287311323,0.0031022996384304177,0.007696019846504273,9.001881945920265e-17,0.05416666666666668,5,5,neutral_bottleneck_mutable,14057
240,245,"[0.006396480999121046,0.003981123072083148,0.0029533811529108833,-0.009709518152886065]","[0.0027140542570556064,0.00015867645189283878,-0.0004759911457864435,0.001761693573625248]","[0.0036824267420654325,0.003822446620190271,0.0034293722986973307,-0.011471211726511244]",0.012639680102074679,0.0032743549814958283,0.01309658954508403,7.959077859153832e-17,0.047794117647058806,5,5,neutral_bottleneck_mutable,14057
245,250,"[0.0,0.0,0.0,0.0]","[0.0,0.0,0.0,0.0]","[0.0,0.0,0.0,0.0]",0.0,0.0,0.0,0.0,0.0,5,5,neutral_bottleneck_mutable,14057
250,255,"[0.0,0.0,0.0,0.0]","[0.0,0.0,0.0,0.0]","[0.0,0.0,0.0,0.0]",0.0,0.0,0.0,0.0,0.0,5,5,neutral_bottleneck_mutable,14057
255,260,"[-0.0027934029960841045,0.0025638069671953256,-0.003924025993759794,0.00811513944645581]","[-0.003162063312753817,0.0016365105854775745,0.0016215128387117826,0.003848644188402615]","[0.00036866031666972846,0.0009272963817177271,-0.005545538832471689,0.004266495258053188]",0.009779042626898432,0.0054880030307276765,0.007067656736010571,1.158220252438367e-16,0.04575163398692812,5,5,neutral_bottleneck_mutable,14057
260,265,"[0.0027796573289918802,-0.0010181084377740568,0.010209335820171028,0.0019936927500057156]","[0.0009368840126036496,0.00225519412964722,0.00033953196228184526,-0.003202538521718466]","[0.0018427733163882548,-0.0032733025674212216,0.009869803857889218,0.00519623127172421]",0.01081519247762783,0.004041681228396082,0.01176962917070578,7.497789129718512e-17,0.06666666666666665,5,5,neutral_bottleneck_mutable,14057
265,270,"[0.0,0.0,0.0,0.0]","[0.0,0.0,0.0,0.0]","[0.0,0.0,0.0,0.0]",0.0,0.0,0.0,0.0,0.0,5,5,neutral_bottleneck_mutable,14057
270,275,"[0.0,0.0,0.0,0.0]","[0.0,0.0,0.0,0.0]","[0.0,0.0,0.0,0.0]",0.0,0.0,0.0,0.0,0.0,5,5,neutral_bottleneck_mutable,14057
275,280,"[-0.007497010353638589,-0.004225938802769669,-0.00952130039174609,0.0011731168307152484]","[-0.002697518436033352,-0.0028081341648309097,-0.00330024739512383,2.234215059016104e-05]","[-0.004799491917605266,-0.0014178046379387955,-0.006221052996622362,0.001150774680125048]",0.01288778829961488,0.005104346700719401,0.008066664453770222,1.1921590497098929e-16,0.038095238095238126,5,5,neutral_bottleneck_mutable,14057
280,285,"[0.0,0.0,0.0,0.0]","[0.0,0.0,0.0,0.0]","[0.0,0.0,0.0,0.0]",0.0,0.0,0.0,0.0,0.0,5,5,neutral_bottleneck_mutable,14057
285,290,"[0.0041361854451454905,0.00540520105990927,0.0095216699053699,-0.011540811100627324]","[-0.004161488026416034,0.0018727562309361235,-0.004689026763829752,0.0031036688703726056]","[0.008297673471561566,0.003532444828973181,0.014210696669199802,-0.014644479970999946]",0.016437054090738625,0.007241887250112762,0.02230995842567666,1.5930438976759072e-16,0.07857142857142858,5,5,neutral_bottleneck_mutable,14057
290,295,"[-0.002452784271903763,-0.009166954697107543,0.0020440099930730815,0.005493396708546205]","[0.0013391670242339344,-0.002574464057913324,-0.0018749299972205995,0.002811734184645152]","[-0.003791951296137761,-0.006592490639194248,0.003918939990293609,0.0026816625239010324]",0.011153680708742267,0.00445448595506405,0.008966004238219073,1.0271280708513389e-16,0.03809523809523811,5,5,neutral_bottleneck_mutable,14057
295,300,"[0.0,0.0,0.0,0.0]","[0.0,0.0,0.0,0.0]","[0.0,0.0,0.0,0.0]",0.0,0.0,0.0,0.0,0.0,5,5,neutral_bottleneck_mutable,14057
300,305,"[0.0,0.0,0.0,0.0]","[0.0,0.0,0.0,0.0]","[0.0,0.0,0.0,0.0]",0.0,0.0,0.0,0.0,0.0,5,5,neutral_bottleneck_mutable,14057
305,310,"[0.0,0.0,0.0,0.0]","[0.0,0.0,0.0,0.0]","[0.0,0.0,0.0,0.0]",0.0,0.0,0.0,0.0,0.0,5,5,neutral_bottleneck_mutable,14057
310,315,"[0.0,0.0,0.0,0.0]","[0.0,0.0,0.0,0.0]","[0.0,0.0,0.0,0.0]",0.0,0.0,0.0,0.0,0.0,5,5,neutral_bottleneck_mutable,14057
315,320,"[0.0,0.0,0.0,0.0]","[0.0,0.0,0.0,0.0]","[0.0,0.0,0.0,0.0]",0.0,0.0,0.0,0.0,0.0,5,5,neutral_bottleneck_mutable,14057
320,325,"[0.0,0.0,0.0,0.0]","[0.0,0.0,0.0,0.0]","[0.0,0.0,0.0,0.0]",0.0,0.0,0.0,0.0,0.0,5,5,neutral_bottleneck_mutable,14057
325,330,"[0.0,0.0,0.0,0.0]","[0.0,0.0,0.0,0.0]","[0.0,0.0,0.0,0.0]",0.0,0.0,0.0,0.0,0.0,5,5,neutral_bottleneck_mutable,14057
330,335,"[0.0010717618783726568,0.003340724768561565,-0.0034764883435242644,0.004466223466917996]","[0.0007799508430629561,0.0017854437548490453,0.0015072668031129864,0.0002920195742326259]","[0.0002918110353097884,0.0015552810137125315,-0.004983755146637259,0.004174203892685368]",0.006658996828526253,0.0024805768213916534,0.0066907283767379385,8.884108998183874e-17,0.038961038961038946,5,5,neutral_bottleneck_mutable,14057
335,339,"[0.005670483760810696,0.0031150315345558344,0.0024809167110622643,0.00444059593555024]","[0.00022112369166270084,-0.0004125414765644024,-0.0014715339577209884,0.0021655811095907342]","[0.005449360069147985,0.003527573011120222,0.00395245066878331,0.0022750148259595496]",0.00822992390808982,0.002659744327532763,0.007933275191212626,7.393463903995092e-17,0.03557312252964427,5,5,neutral_bottleneck_mutable,14057
179,180,"[0.0,0.0,0.0,0.0]","[0.0,0.0,0.0,0.0]","[0.0,0.0,0.0,0.0]",0.0,0.0,0.0,0.0,0.0,22,22,scarcity_mutable,14071
180,185,"[0.0023268718226838736,0.0017641662949603454,-0.00038418981428761656,-0.0014382565445358875]","[0.0007676209331584062,-0.00041092820269191265,0.0003955456753461388,-8.761790682625059e-05]","[0.0015592508895254987,0.0021750944976523107,-0.0007797354896337278,-0.001350638637709587]",0.0032776209202372607,0.0009603317987405366,0.0030975008593496427,8.364927168200997e-17,0.01885369532428354,22,22,scarcity_mutable,14071
185,190,"[0.0004922736423130791,-0.0006960115308157211,-0.002013596319213884,-0.0001270810522371324]","[0.001094782745359179,-0.0010073062380953608,-0.0010195267267932753,-7.825940032222674e-05]","[-0.0006025091030461356,0.00031129470727956184,-0.000994069592420637,-4.882165191490636e-05]",0.0021903162147356775,0.00180520757732362,0.0012043585522197111,9.033182182537272e-17,0.01621417797888383,22,22,scarcity_mutable,14071
190,195,"[0.0008434331978477427,-8.758982365442147e-05,-4.90895089966803e-05,0.003690629230759468]","[-0.0004825063839219283,9.541384516094767e-05,-0.0001991584781197499,-0.0001302444156967254]","[0.0013259395817695936,-0.000183003668815363,0.0001500689691231284,0.003820873646456103]",0.003787110433466291,0.0005463917272442628,0.004051321048124876,1.330494745146608e-16,0.019215686274509827,22,22,scarcity_mutable,14071
195,200,"[-0.0009502201908747621,0.0009826269184005088,-0.0009867616218734998,0.00025516566042910194]","[-0.00028719748347813084,0.0006376199591853158,1.6961322103158845e-05,0.00024123064052271014]","[-0.0006630227073965531,0.000345006959215215,-0.0010037229439765886,1.3935019906400145e-05]",0.0017050753897045108,0.0007399469678579263,0.0012515122234621626,1.0750896478358785e-16,0.01714285714285712,22,22,scarcity_mutable,14071
200,205,"[-0.0004739964288256182,-0.0027130175745216922,-0.00601204205695538,0.0014809442226670355]","[0.0002379369237621865,8.437959100095923e-05,0.0002422828005617209,-0.0007511098908149926]","[-0.0007119333525877989,-0.0027973971655227475,-0.006254324857517219,0.0022320541134821237]",0.006776649796134824,0.0008286138537310625,0.007240920175576572,1.7954801258210518e-16,0.07437641723356012,22,19,scarcity_mutable,14071
205,210,"[0.0,0.0,0.0,0.0]","[0.0,0.0,0.0,0.0]","[0.0,0.0,0.0,0.0]",0.0,0.0,0.0,0.0,0.0,19,19,scarcity_mutable,14071
210,215,"[0.005862092179002909,0.0034691738430457364,-0.0028243878358673036,0.002520719593637366]","[0.00027447492847358467,-3.9689757430396166e-05,-0.0004004261502432909,-0.00025830449116339544]","[0.0055876172505294,0.003508863600476058,-0.002423961685624055,0.002779024084800768]",0.007792976696073351,0.0005513384397620995,0.007558581574768885,1.1448599971312084e-16,0.06507936507936504,19,17,scarcity_mutable,14071
215,220,"[0.00298170297518896,-0.0012916364736626496,-0.0018458585831959695,0.0011157737090060627]","[0.0026489631894109278,-0.0007581499961165816,-0.00042137902468448584,-7.970908191706793e-05]","[0.0003327397857780109,-0.0005334864775459354,-0.0014244795585114716,0.0011954827909231806]",0.003900131060773953,0.0027884962283728837,0.0019630702235973324,1.4373053558575893e-16,0.05677655677655678,17,17,scarcity_mutable,14071
220,225,"[-0.0004816020093553197,-0.004367682439749443,-0.001760606027098488,-0.006848891001210722]","[-0.0010332496628417107,-0.0008487721830589373,0.0014937155092504793,-0.00034506456802039137]","[0.000551647653486283,-0.0035189102566904693,-0.003254321536348967,-0.006503826433190437]",0.008325600994464692,0.002034274972361323,0.008097988112071396,1.5610899955745484e-16,0.04989604989604993,17,16,scarcity_mutable,14071
225,230,"[0.0008982691574898061,0.004555951993653995,-0.0014233675627943754,0.0077476690275905535]","[-0.0008939861351549746,0.00019631811662532286,-0.0007668618929284101,0.00025660145655268543]","[0.0017922552926447175,0.004359633877028646,-0.0006565056698660267,0.007491067571037826]",0.009144175010774806,0.0012213408545919302,0.008875003077417473,1.0098625938455891e-16,0.025525525525525485,16,16,scarcity_mutable,14071
230,235,"[-0.00443150733779063,-0.0014785623381131097,-0.0038649828253974894,0.008692516617938628]","[-0.0011529339695950283,-0.001398586841473523,-7.866734234808618e-05,-0.000669943443537627]","[-0.003278573368195588,-7.997549663954408e-05,-0.0037863154830493294,0.00936246006147623]",0.010598223495772085,0.001933989312193891,0.010618252339750674,9.006372886996284e-17,0.08080808080808083,16,14,scarcity_mutable,14071
235,240,"[-0.002164048901294846,-0.0038085264703386357,0.0074112411392337485,-0.0036561269323583945]","[-0.0010411013099727755,-0.0023000367017210538,-3.625041955537681e-05,-0.0018086592256943842]","[-0.0011229475913221007,-0.0015084897686175958,0.007447491558789149,-0.0018474677066639817]",0.00935316742562928,0.0031059013272314757,0.007900305065013755,5.0232152588766184e-17,0.05083088954056694,14,14,scarcity_mutable,14071
240,245,"[0.00454100498488752,-0.00318001125577716,0.00763838238621134,0.0012090638439407608]","[0.0022951383914834146,-0.0016167528014560876,0.004516053545141211,-0.0038076105759296086]","[0.002245866593404126,-0.001563258454320998,0.0031223288410700805,0.005016674419870316]",0.009515246645061344,0.0065401978393310614,0.006511808763863842,1.0553515013832631e-16,0.10838709677419357,14,13,scarcity_mutable,14071
245,250,"[-0.00041281908532109224,-0.001851928950720949,-0.0042668296532889505,-0.003114164928306573]","[-0.0021197651808840044,-0.0003607503319610311,-0.0017949283805438264,0.00011290291836127701]","[0.0017069460955630128,-0.001491178618760041,-0.002471901272745063,-0.0032270678466678367]",0.005612835195033285,0.0028032231777641906,0.004654196110543793,1.7060657578125994e-16,0.06956521739130432,13,13,scarcity_mutable,14071
250,255,"[-0.0010502927926144823,0.00012491041572398887,-0.0038069959659871033,0.0012062365739258785]","[0.0008863400986053674,-0.00044595446912251035,-0.0009731119708108704,0.0005702505035344014]","[-0.0019366328912199333,0.0005708648848464884,-0.0028338839951761816,0.0006359860703914676]",0.0041312156224884685,0.0015022006202377786,0.003537203761723852,9.915633488756826e-17,0.03557312252964428,13,13,scarcity_mutable,14071
255,260,"[-0.0028638119574070364,-0.0061248000069575315,0.0015731050038536032,0.0038803878009591175]","[0.0018312077042658883,-0.0009802949062024645,0.0009435989259733192,-0.00020901799192958142]","[-0.004695019661672938,-0.005144505100754947,0.0006295060778801451,0.004089405792888786]",0.007952777055318229,0.0022909315165097186,0.008101151769729385,2.036841656611661e-16,0.04329004329004326,13,13,scarcity_mutable,14071
260,265,"[0.00024008972869726808,0.0029686337478790903,0.0012255117539662908,-0.013102865119199447]","[-0.002290337265325946,-7.290028578587343e-06,8.314787196253723e-05,0.003156404087810304]","[0.0025304269940232766,0.002975923776457741,0.001142363882003822,-0.016259269207009746]",0.013492864143609971,0.003900704842411805,0.016760907298839473,1.1238946612648345e-16,0.15686274509803924,13,10,scarcity_mutable,14071
265,270,"[0.0034308282440224103,-0.003982368104146705,0.001240896032875638,-0.011503778646171858]","[0.0021517585729243,-0.0002540338454629903,0.00405484508716848,-0.0022129558221618837]","[0.0012790696710981648,-0.003728334258683822,-0.002813949054292873,-0.009290822824009969]",0.01270852407879975,0.005102307350852992,0.010477318053552585,1.246988990764132e-16,0.09411764705882354,10,10,scarcity_mutable,14071
270,275,"[-0.0035994592904657896,0.0004742218901526152,0.008481111290017662,-0.008985595087752596]","[-0.002407111983577581,0.0022882872894367115,-0.001268537493625999,0.0014770626894911366]","[-0.0011923473068881354,-0.001814065399284093,0.009749648783643596,-0.010462657777243768]",0.012878321372738337,0.0038498504363029653,0.014464970948510255,1.0455329820735824e-16,0.06190476190476188,10,10,scarcity_mutable,14071
275,280,"[0.005175846776312554,0.013185300646141984,0.000700545723641699,0.019069531348949897]","[0.00012123823221026781,0.0031118520992233973,0.0013698624407195994,-0.0002327049328534312]","[0.005054608544102292,0.010073448546918665,-0.0006693167170778087,0.019302236281803366]",0.023765086432843304,0.0034101315060652885,0.022361747326804668,1.2649233923791043e-16,0.06593406593406598,10,10,scarcity_mutable,14071
280,285,"[0.0,0.0,0.0,0.0]","[0.0,0.0,0.0,0.0]","[0.0,0.0,0.0,0.0]",0.0,0.0,0.0,0.0,0.0,10,10,scarcity_mutable,14071
285,290,"[-0.0016191498051691955,-0.003374907206645683,0.012112934566429923,0.0007139327751979341]","[0.001240492803178545,-0.0015104102217467763,0.0008828507779955405,0.000329493734600876]","[-0.0028596426083477536,-0.0018644969848989265,0.011230083788434292,0.0003844390405969584]",0.012698209659757674,0.0021698278848893693,0.011743784744509113,1.3657849301529402e-16,0.07051282051282046,10,10,scarcity_mutable,14071
290,295,"[-0.0011635785091173023,0.0022642317341424745,-0.003280847836477252,0.0056430461024704615]","[0.0,0.0,0.0,0.0]","[-0.0011635785091172815,0.0022642317341423496,-0.003280847836477238,0.005643046102470538]",0.007006325151854003,0.0,0.007006325151854014,1.484988143495895e-16,0.08333333333333334,10,9,scarcity_mutable,14071
295,300,"[0.0034163978872778777,-0.003029566090339497,-0.00024843129176699286,-0.015970865472720752]","[0.00739815922134716,-0.0019223878006257363,-0.0005541672202843923,0.0030084428847840065]","[-0.003981761334069384,-0.0011071782897136596,0.00030573592851742756,-0.01897930835750474]",0.016612655033871153,0.0082332353676695,0.01942647387648976,1.4726295493044292e-16,0.20454545454545453,9,7,scarcity_mutable,14071
300,305,"[0.010126998373591323,0.01768832275389709,-0.0009343144074180354,0.03737068315259695]","[0.0,0.0,0.0,0.0]","[0.010126998373591316,0.01768832275389707,-0.0009343144074181169,0.03737068315259691]",0.04257785528427257,0.0,0.04257785528427252,9.413972068005826e-17,0.12499999999999997,7,6,scarcity_mutable,14071
305,310,"[0.003250140877375407,-0.0005928963792114494,0.06059084940481946,-0.035961443876698584]","[0.0,0.0,0.0,0.0]","[0.0032501408773755423,-0.0005928963792113523,0.06059084940481954,-0.03596144387669853]",0.07053645454042697,0.0,0.07053645454042702,1.9432000404524038e-16,0.28571428571428575,6,4,scarcity_mutable,14071
310,315,"[0.0,0.0,0.0,0.0]","[0.0,0.0,0.0,0.0]","[0.0,0.0,0.0,0.0]",0.0,0.0,0.0,0.0,0.0,4,4,scarcity_mutable,14071
315,320,"[0.03313344684762787,0.0057509609452748855,-0.0031533346099898996,0.0017783226071467206]","[0.0,0.0,0.0,0.0]","[0.033133446847627784,0.005750960945274851,-0.003153334609989882,0.0017783226071466686]",0.033823140041343104,0.0,0.033823140041343014,1.0557613155037045e-16,0.19999999999999998,4,3,scarcity_mutable,14071
320,325,"[0.0,0.0,0.0,0.0]","[0.0,0.0,0.0,0.0]","[0.0,0.0,0.0,0.0]",0.0,0.0,0.0,0.0,0.0,3,3,scarcity_mutable,14071
325,330,"[0.0,0.0,0.0,0.0]","[0.0,0.0,0.0,0.0]","[0.0,0.0,0.0,0.0]",0.0,0.0,0.0,0.0,0.0,3,3,scarcity_mutable,14071
330,335,"[-0.027878210601830822,0.012222433581190129,0.020598380996892762,-0.005598468459831585]","[-0.00822157710858171,0.00696603077665957,-0.002386361005328802,-0.005492419071888111]","[-0.019656633493249073,0.0052564028045305605,0.022984742002221552,-0.00010604938794345209]",0.03717820137924263,0.012328069639757772,0.0306972738547378,4.606825936312974e-17,0.15,3,3,scarcity_mutable,14071
335,339,"[0.0,0.0,0.0,0.0]","[0.0,0.0,0.0,0.0]","[0.0,0.0,0.0,0.0]",0.0,0.0,0.0,0.0,0.0,3,3,scarcity_mutable,14071
179,180,"[-0.0084448050878968,-0.03411377486515299,0.030759991071608594,0.04110861489825529]","[-0.006918687143263455,0.0008282707646926728,0.005291616527742016,-0.00045791232403296646]","[-0.0015261179446333303,-0.03494204562984555,0.025468374543866548,0.04156652722228831]",0.062218643814385806,0.008761572542596298,0.05999741557773172,1.2894259225729268e-16,0.7058823529411763,22,3,neutral_bottleneck_mutable,14071
180,185,"[0.0,0.0,0.0,0.0]","[0.0,0.0,0.0,0.0]","[0.0,0.0,0.0,0.0]",0.0,0.0,0.0,0.0,0.0,3,3,neutral_bottleneck_mutable,14071
185,190,"[0.0,0.0,0.0,0.0]","[0.0,0.0,0.0,0.0]","[0.0,0.0,0.0,0.0]",0.0,0.0,0.0,0.0,0.0,3,3,neutral_bottleneck_mutable,14071
190,195,"[-0.014685165753172136,-0.002465542326322734,0.006213098696078889,-0.007653556736620992]","[-0.017554557203237925,-0.005545047688875299,9.362709173033058e-06,0.00041768018161041646]","[0.002869391450065914,0.0030795053625525814,0.006203735986905819,-0.008071236918231452]",0.0178581219138218,0.018414249288746118,0.011015805288636603,1.3812854820047368e-16,0.09999999999999998,3,3,neutral_bottleneck_mutable,14071
195,200,"[-0.018045368638833437,0.0022021577869772435,0.021922589597230036,0.00148953903875787]","[-0.004801318332672173,0.011930017282744653,0.002213478960438812,0.0028560601594910767]","[-0.013244050306161402,-0.00972785949576746,0.01970911063679122,-0.0013665211207332106]",0.028518476281644153,0.013357939168942847,0.0256973255602254,1.4770701821632508e-16,0.1333333333333333,3,3,neutral_bottleneck_mutable,14071
200,205,"[0.00485826711070203,0.006872890426313061,-0.031110520419357357,0.01738999065793828]","[-0.004638889791539893,0.0005604015268180257,-0.0007307719212168858,0.0016214537536509155]","[0.009497156902241923,0.006312488899495025,-0.03037974849814045,0.015768536904287325]",0.036621245718537025,0.00499964881220478,0.036077962529003596,4.7697009830883764e-17,0.11904761904761905,3,3,neutral_bottleneck_mutable,14071
205,210,"[0.0,0.0,0.0,0.0]","[0.0,0.0,0.0,0.0]","[0.0,0.0,0.0,0.0]",0.0,0.0,0.0,0.0,0.0,3,3,neutral_bottleneck_mutable,14071
210,215,"[0.0,0.0,0.0,0.0]","[0.0,0.0,0.0,0.0]","[0.0,0.0,0.0,0.0]",0.0,0.0,0.0,0.0,0.0,3,3,neutral_bottleneck_mutable,14071
215,220,"[-0.011964987473276678,-0.013404909054417491,0.007992539369512053,-0.0023087664699844024]","[-0.0020525896710355675,-0.007338289961142705,-0.007541239499605149,0.0002403226315104775]","[-0.009912397802240992,-0.006066619093274737,0.015533778869117214,-0.002549089101494817]",0.019800595955147316,0.010723416995951932,0.01956669718206805,1.4274426446483048e-16,0.08928571428571427,3,3,neutral_bottleneck_mutable,14071
220,225,"[0.0,0.0,0.0,0.0]","[0.0,0.0,0.0,0.0]","[0.0,0.0,0.0,0.0]",0.0,0.0,0.0,0.0,0.0,3,3,neutral_bottleneck_mutable,14071
225,230,"[0.00333190447844256,0.007127043629179208,-0.01979847094029863,0.006064447626920155]","[-0.003075744170333169,0.0011645963870329974,0.001287090223376641,-0.004365292301880494]","[0.006407648648775674,0.005962447242146165,-0.02108556116367531,0.0104297399288006]",0.0221506955858997,0.005615056996148626,0.025099583719477167,9.557228313496285e-17,0.08333333333333334,3,3,neutral_bottleneck_mutable,14071
230,235,"[0.0,0.0,0.0,0.0]","[0.0,0.0,0.0,0.0]","[0.0,0.0,0.0,0.0]",0.0,0.0,0.0,0.0,0.0,3,3,neutral_bottleneck_mutable,14071
235,240,"[0.0,0.0,0.0,0.0]","[0.0,0.0,0.0,0.0]","[0.0,0.0,0.0,0.0]",0.0,0.0,0.0,0.0,0.0,3,3,neutral_bottleneck_mutable,14071
240,245,"[0.0,0.0,0.0,0.0]","[0.0,0.0,0.0,0.0]","[0.0,0.0,0.0,0.0]",0.0,0.0,0.0,0.0,0.0,3,3,neutral_bottleneck_mutable,14071
245,250,"[0.0,0.0,0.0,0.0]","[0.0,0.0,0.0,0.0]","[0.0,0.0,0.0,0.0]",0.0,0.0,0.0,0.0,0.0,3,3,neutral_bottleneck_mutable,14071
250,255,"[0.0015313300611836667,-0.0005139773562035654,0.0061087194633987485,-0.007122851571035427]","[-0.0010634226501030854,-0.0011590545309219252,0.0014002068365938408,-0.001508855414568335]","[0.0025947527112867453,0.0006450771747183986,0.004708512626804929,-0.005613996156467033]",0.009521586656880424,0.0025906560917495834,0.007799737828650439,7.322724267824792e-17,0.06666666666666668,3,3,neutral_bottleneck_mutable,14071
255,260,"[0.0,0.0,0.0,0.0]","[0.0,0.0,0.0,0.0]","[0.0,0.0,0.0,0.0]",0.0,0.0,0.0,0.0,0.0,3,3,neutral_bottleneck_mutable,14071
260,265,"[0.0,0.0,0.0,0.0]","[0.0,0.0,0.0,0.0]","[0.0,0.0,0.0,0.0]",0.0,0.0,0.0,0.0,0.0,3,3,neutral_bottleneck_mutable,14071
265,270,"[0.0,0.0,0.0,0.0]","[0.0,0.0,0.0,0.0]","[0.0,0.0,0.0,0.0]",0.0,0.0,0.0,0.0,0.0,3,3,neutral_bottleneck_mutable,14071
270,275,"[0.0,0.0,0.0,0.0]","[0.0,0.0,0.0,0.0]","[0.0,0.0,0.0,0.0]",0.0,0.0,0.0,0.0,0.0,3,3,neutral_bottleneck_mutable,14071
275,280,"[0.0,0.0,0.0,0.0]","[0.0,0.0,0.0,0.0]","[0.0,0.0,0.0,0.0]",0.0,0.0,0.0,0.0,0.0,3,3,neutral_bottleneck_mutable,14071
280,285,"[0.0,0.0,0.0,0.0]","[0.0,0.0,0.0,0.0]","[0.0,0.0,0.0,0.0]",0.0,0.0,0.0,0.0,0.0,3,3,neutral_bottleneck_mutable,14071
285,290,"[-0.000990700379420395,-0.0010660725192777054,0.00803303052637444,0.00029541550619782697]","[-0.0009907003794204837,-0.0010660725192776887,0.008033030526374422,0.0002954155061978825]","[0.0,0.0,0.0,0.0]",0.008169139955779224,0.008169139955779215,0.0,1.0765641690752774e-16,0.0,3,3,neutral_bottleneck_mutable,14071
290,295,"[-0.006243678071104819,-0.00921472757702918,0.0011328116996842108,0.003749644687565168]","[0.000540905020042639,-0.003849675763670418,-0.007863978041614204,0.004819608871618148]","[-0.006784583091147427,-0.00536505181335872,0.008996789741298444,-0.0010699641840530051]",0.011799907533721794,0.01000916390316741,0.012526028807447171,6.48900208367473e-17,0.06363636363636366,3,3,neutral_bottleneck_mutable,14071
295,300,"[0.0,0.0,0.0,0.0]","[0.0,0.0,0.0,0.0]","[0.0,0.0,0.0,0.0]",0.0,0.0,0.0,0.0,0.0,3,3,neutral_bottleneck_mutable,14071
300,305,"[0.0,0.0,0.0,0.0]","[0.0,0.0,0.0,0.0]","[0.0,0.0,0.0,0.0]",0.0,0.0,0.0,0.0,0.0,3,3,neutral_bottleneck_mutable,14071
305,310,"[-0.00017102328618856522,0.0049586825650508315,-0.015508551612178456,0.007657635504528304]","[-0.00454764417835116,0.00028161436583939905,-0.002647726634650756,0.0008172058892129764]","[0.004376620892162656,0.004677068199211333,-0.01286082497752772,0.006840429615315202]",0.017993674899063093,0.005332790641037928,0.015912953019426367,1.728771838378054e-16,0.060606060606060635,3,3,neutral_bottleneck_mutable,14071
310,315,"[0.0,0.0,0.0,0.0]","[0.0,0.0,0.0,0.0]","[0.0,0.0,0.0,0.0]",0.0,0.0,0.0,0.0,0.0,3,3,neutral_bottleneck_mutable,14071
315,320,"[0.011617370162807727,0.0017532912090565955,0.004488350604333224,-0.0045289597896343015]","[0.008415550517244989,0.0009337325498873229,-0.0009282013596411473,0.0022442506899243305]","[0.0032018196455626657,0.000819558659169297,0.005416551963974368,-0.006773210479558603]",0.013367650784150264,0.00880860748962553,0.00928109588450456,8.238110283803821e-17,0.06666666666666668,3,3,neutral_bottleneck_mutable,14071
320,325,"[0.009530782979364272,0.0062897330519327554,-0.013225346834460194,0.006895797730896991]","[0.005486463726119813,0.0016281728972671,-6.534278649383501e-05,-0.0002927526398754275]","[0.004044319253244503,0.004661560154665624,-0.013160004047966347,0.007188550370772408]",0.01878452531477773,0.005730811896173566,0.01621565984699214,5.714064323092614e-17,0.06363636363636366,3,3,neutral_bottleneck_mutable,14071
325,330,"[0.0,0.0,0.0,0.0]","[0.0,0.0,0.0,0.0]","[0.0,0.0,0.0,0.0]",0.0,0.0,0.0,0.0,0.0,3,3,neutral_bottleneck_mutable,14071
330,335,"[0.0,0.0,0.0,0.0]","[0.0,0.0,0.0,0.0]","[0.0,0.0,0.0,0.0]",0.0,0.0,0.0,0.0,0.0,3,3,neutral_bottleneck_mutable,14071
335,339,"[-1.5451556897749796e-05,-0.003043306856328476,0.003504579851480172,-0.009075708970166962]","[-0.0020566027897555047,-0.0029940180573069354,-0.0014950542712794284,-0.0033467213125884273]","[0.0020411512328577866,-4.92887990215362e-05,0.004999634122759661,-0.005728987657578512]",0.010193749487747691,0.005160376922329859,0.007873142236950603,7.222186353879772e-17,0.05303030303030304,3,3,neutral_bottleneck_mutable,14071
179,180,"[0.0,0.0,0.0,0.0]","[0.0,0.0,0.0,0.0]","[0.0,0.0,0.0,0.0]",0.0,0.0,0.0,0.0,0.0,36,36,scarcity_mutable,14087
180,185,"[0.0007861513508200524,0.002815696841903359,0.0026736416732349166,0.004389885321451292]","[0.0004146074892405989,0.0011785179767708812,0.00016944710869266533,0.0001531759907042079]","[0.0003715438615795096,0.0016371788651324535,0.002504194564542134,0.004236709330747105]",0.00591317474663591,0.0012700311801208048,0.005199913061565141,1.3412680807301146e-16,0.049031476997578656,36,35,scarcity_mutable,14087
185,190,"[0.0010095864937880172,0.0018521069658701261,-0.0013841881947725398,-0.00025600767062328167]","[0.0009529130496806352,0.0004891370846380864,4.138174438628408e-05,-0.0015108498041979334]","[5.6673444107352324e-05,0.0013629698812321041,-0.0014255699391588041,0.0012548421335746246]",0.0025359578047415236,0.0018524788655834325,0.00233832786581356,7.844830211369122e-17,0.034391534391534404,35,35,scarcity_mutable,14087
190,195,"[-0.00235626659461724,-0.004901911913035906,0.0012864601215391014,-0.00032890695332282727]","[0.0,0.0,0.0,0.0]","[-0.0023562665946172956,-0.004901911913035957,0.0012864601215391922,-0.00032890695332286646]",0.005598561609585712,0.0,0.005598561609585804,1.2446406011705317e-16,0.05555555555555557,35,32,scarcity_mutable,14087
195,200,"[0.008643195882430899,-0.007879129413399466,0.0006855181829015233,0.00041475281661595975]","[0.00033891103269909973,1.8219216634325383e-05,3.051052804301244e-06,-0.0003021001595329262]","[0.008304284849731829,-0.007897348630033784,0.0006824671300971097,0.0007168529761489298]",0.011722946321345438,0.0004543857868078323,0.01150256066373304,1.244461025647345e-16,0.09590792838874679,32,28,scarcity_mutable,14087
200,205,"[-1.286391574661927e-05,-0.0008710925740936237,0.004091387479296715,-0.004702526670855411]","[6.325190711446415e-05,-0.0009271756761958575,0.001008626315245712,-0.0020215919373005285]","[-7.611582286111255e-05,5.608310210224735e-05,0.0030827611640509784,-0.0026809347335547905]",0.006293820489084655,0.002442911488991672,0.004086534763463132,1.0060499799235058e-16,0.021256038647343024,28,28,scarcity_mutable,14087
205,210,"[-0.0006824390988092732,0.001302340524194423,-0.0020686270348589386,0.003691555743117192]","[0.0,0.0,0.0,0.0]","[-0.0006824390988093128,0.0013023405241944274,-0.0020686270348588285,0.0036915557431172067]",0.004479800841380498,0.0,0.004479800841380468,1.180524911200452e-16,0.022222222222222227,28,27,scarcity_mutable,14087
210,215,"[-0.00451185543620386,-0.0010396584319160573,-0.004002021514086296,0.00165409228575919]","[-0.00015381435910272455,0.0015400766475209282,0.0001998382442394155,0.00046071469976985787]","[-0.004358041077101109,-0.0025797350794369684,-0.004201859758325703,0.0011933775859893443]",0.00633955255686662,0.0016271718703782356,0.006687849475067224,3.454302832168436e-17,0.021670190274841426,27,27,scarcity_mutable,14087
215,220,"[0.0,0.0,0.0,0.0]","[0.0,0.0,0.0,0.0]","[0.0,0.0,0.0,0.0]",0.0,0.0,0.0,0.0,0.0,27,27,scarcity_mutable,14087
220,225,"[0.005313564194437015,0.00128856169964231,-0.005929113027992816,0.003594917464043168]","[9.95185982953771e-05,0.00021202316795700842,0.0005248820662856879,-0.0017999921235561456]","[0.005214045596141567,0.0010765385316851763,-0.006453995094278421,0.00539490958759921]",0.008830185081536223,0.0018895318477151156,0.009955114706731709,1.9552851993494916e-16,0.0979192166462668,27,24,scarcity_mutable,14087
225,230,"[-0.00017074228549207593,-0.002193854092481351,-0.0014744464375668898,0.004303029356794608]","[0.0001597980817687981,-0.0008585250628511731,4.960898286613371e-05,-0.00036882904850941755]","[-0.00033054036726084624,-0.0013353290296301127,-0.0015240554204330172,0.004671858405304016]",0.005052940000617674,0.0009492610961616266,0.005103074214189216,7.15432196408747e-17,0.04824561403508772,24,23,scarcity_mutable,14087
230,235,"[0.001317194555259027,-0.004036397907430378,-0.00041051720882134823,0.0034497292681644476]","[0.0005339980878954418,0.00023580145963869286,-0.0001600444642734734,-0.0002518296573390736]","[0.0007831964673635349,-0.0042721993670691155,-0.0002504727445478425,0.0037015589255034818]",0.005486042833033775,0.0006555827126334437,0.0057122114118099915,8.465473890855191e-17,0.05392156862745099,23,22,scarcity_mutable,14087
235,240,"[-0.0023701869973212775,-0.00750072432779797,-0.0006488907238583752,-0.0026945442544457077]","[-0.0004557688805571019,0.0025049786458855084,-0.001199866989381691,-0.0012176342196672544]","[-0.0019144181167640587,-0.010005702973683469,0.0005509762655232986,-0.0014769100347785235]",0.00834028055610643,0.0030667502627275073,0.010308439591876753,1.3789704839139916e-16,0.07685009487666031,22,21,scarcity_mutable,14087
240,245,"[0.002660582200719852,0.004663658622482636,-0.004132776994172527,0.006767731366936369]","[0.0004425495348999605,-0.0014007103199343552,-0.002879434259368672,0.0007478323973820777]","[0.0022180326658199495,0.006064368942416981,-0.0012533427348039358,0.006019898969554456]",0.009576556945605245,0.003317865946630607,0.008916630035552929,1.9311025572087667e-16,0.0578420467185762,21,20,scarcity_mutable,14087
245,250,"[0.0062999350184750336,0.0012427888345920568,-0.001019664311919466,0.0007165559493502172]","[0.0,0.0,0.0,0.0]","[0.006299935018475053,0.0012427888345920052,-0.0010196643119194434,0.0007165559493501647]",0.006541167561066303,0.0,0.0065411675610663024,7.930788821316471e-17,0.06896551724137928,20,18,scarcity_mutable,14087
250,255,"[0.004098370746393076,0.0021759957699334365,-0.001353348542645294,-0.005481388634957229]","[0.0007316611379086188,3.4942427199156446e-05,-0.0010260546199358587,0.0005300549481062221]","[0.00336670960848445,0.002141053342734305,-0.00032729392270939,-0.006011443583063622]",0.0073081306782909385,0.0013675874103865947,0.0072224246807076195,1.7780347074630695e-16,0.10185185185185185,18,16,scarcity_mutable,14087
255,260,"[-4.91307437606725e-05,0.010080046101100193,-0.002153160926595843,0.00797599011036948]","[0.000215194118186604,0.0001293729581291661,-0.0008393476591886053,0.0011046203190562356]","[-0.00026432486194733276,0.009950673142971002,-0.0013138132674072114,0.006871369791313198]",0.013033121784392965,0.0014098710625636984,0.01216665902133674,8.19405113954281e-17,0.03804347826086957,16,16,scarcity_mutable,14087
260,265,"[-0.005135929886720403,-0.009362657157951704,0.002216569688507808,0.002719071469439671]","[0.0003802954364326523,0.0018673098492177145,-0.00016887781894588073,-0.00042081622591844245]","[-0.005516225323153072,-0.011229967007169286,0.0023854475074536535,0.0031398876953580837]",0.011240269378381665,0.001958845758523408,0.013118313738746449,1.4065040166778897e-16,0.09782608695652177,16,16,scarcity_mutable,14087
265,270,"[-0.0014480746249059262,0.011070448035149505,0.0025745134959311855,0.012577283383654436]","[0.0003757584274861588,0.004731911408224826,0.003593484622314302,0.0010315745595607009]","[-0.001823833052392039,0.006338536626924591,-0.0010189711263831787,0.011545708824093668]",0.017013756694855015,0.006042305667032854,0.01333585797693644,1.3551191353160692e-16,0.08888888888888885,16,16,scarcity_mutable,14087
270,275,"[-0.0024174419083008436,0.004742831901100475,-0.012593928093400097,0.0013696731060846012]","[0.0,0.0,0.0,0.0]","[-0.002417441908300911,0.004742831901100551,-0.012593928093400111,0.0013696731060847162]",0.01374123389879414,0.0,0.013741233898794204,1.5409408128351395e-16,0.11111111111111113,16,14,scarcity_mutable,14087
275,280,"[0.0,0.0,0.0,0.0]","[0.0,0.0,0.0,0.0]","[0.0,0.0,0.0,0.0]",0.0,0.0,0.0,0.0,0.0,14,14,scarcity_mutable,14087
280,285,"[0.013445359973218496,-0.013742920589698282,0.027228010681878523,-0.013267727187622425]","[0.001435094337694486,-0.0009305072983363642,-0.002206269529434499,0.006331395424298731]","[0.012010265635523983,-0.01281241329136186,0.029434280211313002,-0.019599122611921226]",0.035875377650442165,0.0069195038005396056,0.03948299474077072,9.592879659166617e-17,0.2291666666666666,14,11,scarcity_mutable,14087
285,290,"[0.01250664764917686,0.007974342778923948,-0.0020273477903420822,0.0028710254049701955]","[0.0,0.0,0.0,0.0]","[0.012506647649176937,0.007974342778923931,-0.002027347790342044,0.0028710254049702346]",0.015243336383988474,0.0,0.015243336383988532,9.542950190947465e-17,0.08333333333333337,11,10,scarcity_mutable,14087
290,295,"[0.014283304303560174,0.04434929845888408,0.004578585247053402,-0.02463094664296256]","[0.0,0.0,0.0,0.0]","[0.01428330430356025,0.04434929845888397,0.004578585247053443,-0.024630946642962497]",0.052901039980479424,0.0,0.05290103998047932,1.5422462453571532e-16,0.45454545454545453,10,5,scarcity_mutable,14087
295,300,"[0.0,0.0,0.0,0.0]","[0.0,0.0,0.0,0.0]","[0.0,0.0,0.0,0.0]",0.0,0.0,0.0,0.0,0.0,5,5,scarcity_mutable,14087
300,305,"[0.0,0.0,0.0,0.0]","[0.0,0.0,0.0,0.0]","[0.0,0.0,0.0,0.0]",0.0,0.0,0.0,0.0,0.0,5,5,scarcity_mutable,14087
305,310,"[0.0,0.0,0.0,0.0]","[0.0,0.0,0.0,0.0]","[0.0,0.0,0.0,0.0]",0.0,0.0,0.0,0.0,0.0,5,5,scarcity_mutable,14087
310,315,"[-0.017056119574591078,-0.02074260337333317,-0.004508544651873614,0.053793007516705016]","[0.0,0.0,0.0,0.0]","[-0.017056119574591085,-0.020742603373333092,-0.004508544651873544,0.053793007516705106]",0.06029246588269866,0.0,0.06029246588269871,1.3764842223684933e-16,0.16666666666666669,5,4,scarcity_mutable,14087
315,320,"[0.0,0.0,0.0,0.0]","[0.0,0.0,0.0,0.0]","[0.0,0.0,0.0,0.0]",0.0,0.0,0.0,0.0,0.0,4,4,scarcity_mutable,14087
320,325,"[-0.03663779582054727,-0.03148141356109607,-0.047920946745732995,0.024187054601996216]","[0.0,0.0,0.0,0.0]","[-0.03663779582054735,-0.03148141356109603,-0.04792094674573312,0.024187054601996126]",0.07221383683007154,0.0,0.07221383683007163,1.8001047556827141e-16,0.19999999999999998,4,3,scarcity_mutable,14087
325,330,"[0.005275010655341972,0.001999665140857587,-0.05012692225796295,-0.011372074826982104]","[0.010152484182374686,-0.01308580920642228,-0.009987541356245877,-0.006977010048716767]","[-0.004877473527032723,0.015085474347279797,-0.04013938090171704,-0.004395064778265297]",0.05170934943524114,0.020560666069533613,0.04338026945360778,8.90472610073259e-17,0.16666666666666666,3,3,scarcity_mutable,14087
330,335,"[0.0,0.0,0.0,0.0]","[0.0,0.0,0.0,0.0]","[0.0,0.0,0.0,0.0]",0.0,0.0,0.0,0.0,0.0,3,3,scarcity_mutable,14087
335,339,"[0.0,0.0,0.0,0.0]","[0.0,0.0,0.0,0.0]","[0.0,0.0,0.0,0.0]",0.0,0.0,0.0,0.0,0.0,3,3,scarcity_mutable,14087
179,180,"[0.11664992199391161,-0.010797672292359839,-0.004888243435847928,-0.07231823870629184]","[-0.0025441246982629787,-0.007501977229924053,-0.009685838382178878,0.0009854591616811357]","[0.11919404669217454,-0.003295695062435707,0.00479759494633092,-0.07330369786797311]",0.13775927047421227,0.01255144723781451,0.1400518882814116,1.7198276359575862e-16,0.8305084745762707,36,3,neutral_bottleneck_mutable,14087
180,185,"[0.0,0.0,0.0,0.0]","[0.0,0.0,0.0,0.0]","[0.0,0.0,0.0,0.0]",0.0,0.0,0.0,0.0,0.0,3,3,neutral_bottleneck_mutable,14087
185,190,"[-0.02625708692264217,0.007205152200122522,-0.01832145743332736,-0.001804229676892033]","[0.0006706458496300952,-0.007781321941981722,-0.0005947353464065089,-0.01706844591174969]","[-0.02692773277227232,0.014986474142104213,-0.01772672208692082,0.015264216234857703]",0.032867611399344514,0.018779890654500156,0.038690181864114916,8.021572188077059e-17,0.16666666666666666,3,3,neutral_bottleneck_mutable,14087
190,195,"[0.0,0.0,0.0,0.0]","[0.0,0.0,0.0,0.0]","[0.0,0.0,0.0,0.0]",0.0,0.0,0.0,0.0,0.0,3,3,neutral_bottleneck_mutable,14087
195,200,"[0.027677538997904816,0.006403744327293237,0.03990944577982297,-0.007006892197131964]","[0.004449799605251575,-0.0013970322371848933,-0.0001679582617555797,-0.006701453470981886]","[0.023227739392653296,0.007800776564478138,0.04007740404157858,-0.0003054387261500688]",0.04948650833413831,0.008166400933095192,0.04697522325470418,6.327580737097533e-17,0.15,3,3,neutral_bottleneck_mutable,14087
200,205,"[0.0,0.0,0.0,0.0]","[0.0,0.0,0.0,0.0]","[0.0,0.0,0.0,0.0]",0.0,0.0,0.0,0.0,0.0,3,3,neutral_bottleneck_mutable,14087
205,210,"[-0.019641961337437897,0.007285250607526383,-0.012010768136715144,0.006773320864116694]","[-0.001469012732952474,0.0014736928066992172,0.0032072766642207598,-0.0002877822254932355]","[-0.01817294860448542,0.005811557800827153,-0.01521804480093597,0.007061103089609914]",0.025080230229367492,0.0038339550216791012,0.025406265555154236,6.898116505343049e-17,0.10000000000000002,3,3,neutral_bottleneck_mutable,14087
210,215,"[0.0,0.0,0.0,0.0]","[0.0,0.0,0.0,0.0]","[0.0,0.0,0.0,0.0]",0.0,0.0,0.0,0.0,0.0,3,3,neutral_bottleneck_mutable,14087
215,220,"[0.0016404523542149496,-0.01777183823166084,-0.016660677278625413,-0.014713266144672443]","[-0.0034198376710961897,0.0011856032720156341,0.0005406789237923978,-0.002931204569204401]","[0.005060290025311193,-0.01895744150367644,-0.017201356202417792,-0.011782061575468017]",0.028505923701666654,0.004688841940225843,0.02863031179844458,7.183017363321106e-17,0.11904761904761905,3,3,neutral_bottleneck_mutable,14087
220,225,"[0.01878654466662044,0.002060986748576299,0.029693374337271483,-0.0003838923898881741]","[0.0038841612729002915,-0.0026331921784416117,0.005365106981974423,-0.0003967999418516867]","[0.014902383393720114,0.004694178927017907,0.024328267355297105,1.2907551963547287e-05]",0.03519979800778804,0.007138783717440157,0.02891333785172505,6.673614460242277e-17,0.08928571428571427,3,3,neutral_bottleneck_mutable,14087
225,230,"[0.0,0.0,0.0,0.0]","[0.0,0.0,0.0,0.0]","[0.0,0.0,0.0,0.0]",0.0,0.0,0.0,0.0,0.0,3,3,neutral_bottleneck_mutable,14087
230,235,"[0.0,0.0,0.0,0.0]","[0.0,0.0,0.0,0.0]","[0.0,0.0,0.0,0.0]",0.0,0.0,0.0,0.0,0.0,3,3,neutral_bottleneck_mutable,14087
235,240,"[-0.0175262236930932,0.009422490909791359,-0.009484488190451057,-0.002948232848571153]","[-0.004673717266608702,0.004016820328164039,0.00020288491638027376,-0.007864299558558527]","[-0.012852506426484597,0.005405670581627259,-0.009687373106831338,0.00491606670998729]",0.022239591836399376,0.009993340206006531,0.017675437915024978,1.4281737225308437e-16,0.06944444444444445,3,3,neutral_bottleneck_mutable,14087
240,245,"[0.0,0.0,0.0,0.0]","[0.0,0.0,0.0,0.0]","[0.0,0.0,0.0,0.0]",0.0,0.0,0.0,0.0,0.0,3,3,neutral_bottleneck_mutable,14087
245,250,"[0.0,0.0,0.0,0.0]","[0.0,0.0,0.0,0.0]","[0.0,0.0,0.0,0.0]",0.0,0.0,0.0,0.0,0.0,3,3,neutral_bottleneck_mutable,14087
250,255,"[0.015429685072208654,0.0037240033142226237,0.019463327144432996,-0.00024875489697195885]","[0.0026381425274831526,0.0014936284943237344,0.0008961159686998437,-0.00047215514368817625]","[0.012791542544725589,0.002230374819898976,0.018567211175733234,0.000223400246716271]",0.025116256979133444,0.003196353607384678,0.022658097250768214,1.5765187840657322e-16,0.06666666666666665,3,3,neutral_bottleneck_mutable,14087
255,260,"[0.0,0.0,0.0,0.0]","[0.0,0.0,0.0,0.0]","[0.0,0.0,0.0,0.0]",0.0,0.0,0.0,0.0,0.0,3,3,neutral_bottleneck_mutable,14087
260,265,"[0.0,0.0,0.0,0.0]","[0.0,0.0,0.0,0.0]","[0.0,0.0,0.0,0.0]",0.0,0.0,0.0,0.0,0.0,3,3,neutral_bottleneck_mutable,14087
265,270,"[-0.011751228917572298,0.0005506379479399137,-0.0078538790112615,0.0023188203209439373]","[-0.0006704045590481484,-0.0030923959286106723,0.0008914698320540723,-0.0007467476672979801]","[-0.01108082435852409,0.0036430338765505964,-0.00874534884331558,0.0030655679882418763]",0.014333698979232657,0.0033711578711412933,0.014897489646647537,7.320990371842621e-17,0.054545454545454536,3,3,neutral_bottleneck_mutable,14087
270,275,"[0.0,0.0,0.0,0.0]","[0.0,0.0,0.0,0.0]","[0.0,0.0,0.0,0.0]",0.0,0.0,0.0,0.0,0.0,3,3,neutral_bottleneck_mutable,14087
275,280,"[-0.000490393699712599,0.012238914831049608,0.013178239795174462,0.008701753705354753]","[0.0021304443290752345,-0.0007385911292652421,-0.00033682486065918763,0.0018260422722986272]","[-0.002620838028787875,0.012977505960314748,0.01351506465583363,0.006875711433056087]",0.01998544580113686,0.002920991486207679,0.020129998342900256,1.184449067653218e-16,0.08181818181818183,3,3,neutral_bottleneck_mutable,14087
280,285,"[0.0,0.0,0.0,0.0]","[0.0,0.0,0.0,0.0]","[0.0,0.0,0.0,0.0]",0.0,0.0,0.0,0.0,0.0,3,3,neutral_bottleneck_mutable,14087
285,290,"[0.0,0.0,0.0,0.0]","[0.0,0.0,0.0,0.0]","[0.0,0.0,0.0,0.0]",0.0,0.0,0.0,0.0,0.0,3,3,neutral_bottleneck_mutable,14087
290,295,"[0.0,0.0,0.0,0.0]","[0.0,0.0,0.0,0.0]","[0.0,0.0,0.0,0.0]",0.0,0.0,0.0,0.0,0.0,3,3,neutral_bottleneck_mutable,14087
295,300,"[0.0,0.0,0.0,0.0]","[0.0,0.0,0.0,0.0]","[0.0,0.0,0.0,0.0]",0.0,0.0,0.0,0.0,0.0,3,3,neutral_bottleneck_mutable,14087
300,305,"[-0.001095976390284803,-0.01760355682232151,-0.017368636186129827,-0.0007869441507550312]","[-0.0033598811488232683,-0.0034190064139705445,-0.002910732342331201,0.004307935132516107]","[0.0022639047585384445,-0.014184550408350947,-0.01445790384379858,-0.0050948792832711635]",0.02476641235842022,0.007071709416233753,0.021007510883263004,5.831999978089198e-17,0.08181818181818183,3,3,neutral_bottleneck_mutable,14087
305,310,"[-0.003672887175786954,0.012750773525073034,0.013237274151853162,0.006901432725939238]","[-0.0033598811488232527,-0.0034190064139705445,-0.002910732342331201,0.004307935132516107]","[-0.0003130060269636581,0.01616977993904352,0.016148006494184443,0.0025934975934231025]",0.01997317016238906,0.007071709416233746,0.02300095866596269,1.1201062603496377e-16,0.08181818181818183,3,3,neutral_bottleneck_mutable,14087
310,315,"[0.0,0.0,0.0,0.0]","[0.0,0.0,0.0,0.0]","[0.0,0.0,0.0,0.0]",0.0,0.0,0.0,0.0,0.0,3,3,neutral_bottleneck_mutable,14087
315,320,"[0.0,0.0,0.0,0.0]","[0.0,0.0,0.0,0.0]","[0.0,0.0,0.0,0.0]",0.0,0.0,0.0,0.0,0.0,3,3,neutral_bottleneck_mutable,14087
320,325,"[0.0,0.0,0.0,0.0]","[0.0,0.0,0.0,0.0]","[0.0,0.0,0.0,0.0]",0.0,0.0,0.0,0.0,0.0,3,3,neutral_bottleneck_mutable,14087
325,330,"[0.0,0.0,0.0,0.0]","[0.0,0.0,0.0,0.0]","[0.0,0.0,0.0,0.0]",0.0,0.0,0.0,0.0,0.0,3,3,neutral_bottleneck_mutable,14087
330,335,"[0.0021320579730720324,-0.016516285643632445,-0.01699055541280342,-0.0006020683915275993]","[0.0021657385167191488,0.0005007345220869771,1.939365094738072e-06,0.0005740722266528705]","[-3.368054364721179e-05,-0.017017020165719394,-0.016992494777898253,-0.0011761406181804955]",0.023798630680066858,0.00229580510212903,0.02407713220527217,1.3895568344458028e-16,0.08181818181818183,3,3,neutral_bottleneck_mutable,14087
335,339,"[0.0,0.0,0.0,0.0]","[0.0,0.0,0.0,0.0]","[0.0,0.0,0.0,0.0]",0.0,0.0,0.0,0.0,0.0,3,3,neutral_bottleneck_mutable,14087
179,180,"[0.0,0.0,0.0,0.0]","[0.0,0.0,0.0,0.0]","[0.0,0.0,0.0,0.0]",0.0,0.0,0.0,0.0,0.0,29,29,scarcity_mutable,14101
180,185,"[0.0,0.0,0.0,0.0]","[0.0,0.0,0.0,0.0]","[0.0,0.0,0.0,0.0]",0.0,0.0,0.0,0.0,0.0,29,29,scarcity_mutable,14101
185,190,"[0.0020588830155817694,-0.004566823423335753,-0.003493631364359262,-0.004538171443967232]","[0.00034805162430528286,-0.00010251311647260103,0.0007062066333702501,-0.0002694558189356667]","[0.0017108313912764669,-0.004464310306863094,-0.0041998379977295,-0.0042687156250315545]",0.007608898449621571,0.0008384408861720096,0.007662739905536537,6.348945730034021e-17,0.032758620689655175,29,28,scarcity_mutable,14101
190,195,"[-0.00029645559947610867,0.0036221117991614427,-0.0002961873854467889,0.003447980576442633]","[-0.0006055000492320142,-0.0006882099010286256,0.0008352021587001391,-0.00010025579173650667]","[0.0003090444497558735,0.0043103217001900455,-0.0011313895441470133,0.0035482363681791996]",0.005018353996173323,0.0012441370692845256,0.005704770394689765,1.1126071125131844e-16,0.025246305418719202,28,28,scarcity_mutable,14101
195,200,"[-0.00026698247548417875,-0.007217433808019591,0.0031671147185533544,-0.003984741421987625]","[0.0024258826923908724,-0.0013383742562391291,0.00024128533610727557,-0.00036449112368683697]","[-0.0026928651678751027,-0.005879059551780542,0.0029258293824461117,-0.0036202502983008937]",0.008835802751077069,0.002804857372429501,0.007967531225120473,1.4536850760757766e-16,0.04548517520215635,28,27,scarcity_mutable,14101
200,205,"[0.0011949379497576684,-0.004185187099796761,-0.0053506555621617435,-0.002486924132366619]","[0.0,0.0,0.0,0.0]","[0.0011949379497577053,-0.004185187099796728,-0.0053506555621617114,-0.002486924132366588]",0.007331982975233654,0.0,0.007331982975233607,6.670936586094177e-17,0.018867924528301907,27,26,scarcity_mutable,14101
205,210,"[-0.0016778499027264582,-0.0031759365939927897,-0.00012992493297070418,0.000824193893941616]","[0.0019431023323506764,-0.0009781425239949633,-0.0008913058830863986,0.0009583359032208631]","[-0.003620952235077231,-0.0021977940699979496,0.0007613809501157265,-0.00013414200927924108]",0.0036875370653269095,0.002538748382936058,0.004305727452206137,1.5970121347649338e-16,0.048273155416012514,26,25,scarcity_mutable,14101
210,215,"[0.007100384505228541,0.007152187491693163,-0.0037401091281640264,0.005046593821908307]","[0.0018712074332938465,0.0001769333095075987,-0.0021424616631821824,0.0013643502304195375]","[0.005229177071934746,0.006975254182185557,-0.0015976474649818202,0.0036822435914888032]",0.011875427214728769,0.0031597968580082273,0.009597388136632192,6.642116649049566e-17,0.04658385093167704,25,25,scarcity_mutable,14101
215,220,"[-0.007506709042945259,-0.0017721864809395194,0.00019357949601078728,-0.005302671387608926]","[-0.0020029622808197894,0.0016512469677802,0.0012476535316177486,-0.0005968375554751017]","[-0.005503746762125595,-0.003423433448719648,-0.0010540740356070428,-0.004705833832133865]",0.009362004189536718,0.002941314136499849,0.008078803694088444,1.7038139689769855e-16,0.0745341614906832,25,23,scarcity_mutable,14101
220,225,"[0.006201766667371378,-0.004687353148810747,0.004762852356404779,0.0068100525629538056]","[0.0,0.0,0.0,0.0]","[0.006201766667371551,-0.004687353148810751,0.004762852356404879,0.006810052562953727]",0.01137957678550872,0.0,0.011379576785508811,2.155564068663029e-16,0.07142857142857141,23,20,scarcity_mutable,14101
225,230,"[-0.000947931928741097,-0.001020047342968844,0.000901247594633281,-0.004214587845271234]","[0.0003810704560311421,8.63017248411509e-05,-0.00015626012093055864,0.00022808984723198322]","[-0.001329002384772216,-0.0011063490678100217,0.0010575077155638903,-0.004442677692503132]",0.004529246014047472,0.0004786490196102804,0.004883232868348227,1.051720815728564e-16,0.02496626180836705,20,20,scarcity_mutable,14101
230,235,"[0.0017711096543996385,-0.005475481163258689,0.006073277299054991,-0.006214970428718547]","[-0.0010747723785971863,-0.0006067828649828582,0.000910858910944787,-0.0009728346220766671]","[0.0028458820329968796,-0.004868698298275768,0.005162418388110154,-0.005242135806641923]",0.010422489048119505,0.0018164229321914085,0.009270049573467394,1.060509349805527e-16,0.07443609022556393,20,18,scarcity_mutable,14101
235,240,"[-0.004461804273926728,-0.00955842136952434,0.0009241944882231734,0.0057845455642182575]","[-0.0017370213781105054,0.00021005719162952186,0.0006452179040465236,-0.00038835663898623786]","[-0.002724782895816259,-0.009768478561153952,0.00027897658417668034,0.006172902203204522]",0.012065911457191686,0.0019048607073786465,0.011875612185226635,1.0546049635014078e-16,0.075,18,16,scarcity_mutable,14101
240,245,"[-0.003557889606453535,0.0012122166262382161,0.0005681967888990225,-0.0004263394022213651]","[-0.003557889606453618,0.0012122166262382161,0.0005681967888990294,-0.00042633940222135125]","[0.0,0.0,0.0,0.0]",0.003825266066228607,0.0038252660662286843,0.0,8.469999434971913e-17,0.0,16,16,scarcity_mutable,14101
245,250,"[0.009806581854956531,0.01029384006032158,-0.005477816351933951,0.0022556049331120542]","[-0.0021558332586724595,-0.0004082289055514412,0.00027029137071031117,1.0933730120729797e-05]","[0.011962415113629051,0.010702068965873003,-0.005748107722644308,0.0022446712029913166]",0.015402156227789615,0.0022107566238871376,0.017196306193533087,7.849503926535805e-17,0.03125,16,16,scarcity_mutable,14101
250,255,"[-0.002675940640959995,-0.01671218965047022,-0.0028216810273332116,0.0031058782441312216]","[-0.001479527641107147,-0.0006891193732878459,-0.0016181574615076113,0.003737232245405305]","[-0.001196412999852868,-0.016023070277182316,-0.0012035235658256274,-0.0006313540012741047]",0.01743749708859059,0.004387393984789906,0.016125050760297247,7.107207809544806e-17,0.10714285714285714,16,15,scarcity_mutable,14101
255,260,"[-0.004675092100505429,-0.004911008445193377,-0.0008068318763858051,0.0029984749927843835]","[0.002558756661016541,-0.002121990540580685,0.0004998257186068891,0.0018864321966625128]","[-0.007233848761521922,-0.00278901790461265,-0.0013066575949927392,0.0011120427961218864]",0.007457635017622844,0.0038546765994303947,0.00794047744331416,7.975491700273451e-17,0.060439560439560475,15,14,scarcity_mutable,14101
260,265,"[0.0070827419371266576,-0.00650602973388914,-0.006861785043455526,0.008010462818838993]","[0.0017767859622021729,-0.0014297091162954877,0.001350868170324319,0.000564508144934591]","[0.005305955974924396,-0.005076320617593666,-0.008212653213779815,0.007445954673904437]",0.014273936555862022,0.0027100831669876835,0.013297071618822308,1.0034816792988322e-16,0.09030100334448159,14,13,scarcity_mutable,14101
265,270,"[0.0014143649323983265,0.004996485174885934,0.004319928427376385,-0.005840311276292365]","[-0.00038173394037572665,0.0008633159937651885,0.000695121580364445,-0.0017579670292971238]","[0.0017960988727741393,0.004133169181120767,0.0036248068470119575,-0.004082344246995159]",0.008929519006446842,0.00211297832310454,0.007079111375707143,1.222074290998594e-16,0.03754940711462453,13,13,scarcity_mutable,14101
270,275,"[0.001897472784028631,0.005510066902760458,0.004795912959401183,-0.005401174347260951]","[-0.0001462494837146478,0.0013346919229171555,0.0011162302256628055,-0.0014141566101897704]","[0.0020437222677432546,0.004175374979843242,0.003679682733738299,-0.003987017737071209]",0.00928087849735614,0.0022469090492082127,0.007144713597245363,1.050011601602879e-16,0.041125541125541086,13,13,scarcity_mutable,14101
275,280,"[0.00040025898928053305,-0.018717420370594706,0.01596944970407277,-0.028393799299515854]","[0.0018379604484878452,-0.0031764378624529023,-0.0008626751222361399,0.0009835396311487418]","[-0.0014377014592072464,-0.015540982508141796,0.016832124826308963,-0.02937733893066452]",0.03757303814040262,0.0038960768314800142,0.03728186679365399,1.1520595763929217e-16,0.17927170868347345,13,10,scarcity_mutable,14101
280,285,"[0.0005319489997640536,-0.009411105538285502,-0.001661353273676669,-0.005935178396028917]","[0.0011178622186059654,0.0018788973104679118,0.0024382340209604925,-0.0007880189944073031]","[-0.0005859132188419294,-0.011290002848753427,-0.00409958729463708,-0.005147159401621666]",0.011262251750149372,0.0033683571840863423,0.013080799842399786,9.847253921286473e-17,0.10980392156862745,10,9,scarcity_mutable,14101
285,290,"[0.002367418442310698,-0.008503414437386003,-0.01101960419115905,0.0010353871489873767]","[-0.001281569499617695,-0.0007504275985352046,-0.002077551752647857,0.00630267140484982]","[0.003648987941928368,-0.007752986838850742,-0.008942052438511247,-0.0052672842558624585]",0.014156851000594583,0.0068004007297684625,0.013458398982377991,8.390127776149928e-17,0.1333333333333333,9,7,scarcity_mutable,14101
290,295,"[0.0,0.0,0.0,0.0]","[0.0,0.0,0.0,0.0]","[0.0,0.0,0.0,0.0]",0.0,0.0,0.0,0.0,0.0,7,7,scarcity_mutable,14101
295,300,"[-0.021054363813585386,-0.017376436540751716,0.005453135208566162,-0.017539743522315354]","[0.0,0.0,0.0,0.0]","[-0.021054363813585403,-0.017376436540751723,0.005453135208566203,-0.017539743522315302]",0.032902979635301914,0.0,0.03290297963530191,6.869702089707569e-17,0.09090909090909093,7,6,scarcity_mutable,14101
300,305,"[0.0,0.0,0.0,0.0]","[0.0,0.0,0.0,0.0]","[0.0,0.0,0.0,0.0]",0.0,0.0,0.0,0.0,0.0,6,6,scarcity_mutable,14101
305,310,"[0.023164713898630285,0.02637059276622944,-0.015167487018994175,0.008599936284405918]","[0.0016571630038254503,0.006668097141520678,-0.0039805767808867186,0.001153945061126931]","[0.02150755089480478,0.019702495624708747,-0.0111869102381076,0.007445991223278936]",0.03919213823479022,0.0080241067678987,0.03211468239461366,1.613665848347267e-16,0.07777777777777775,6,6,scarcity_mutable,14101
310,315,"[0.0,0.0,0.0,0.0]","[0.0,0.0,0.0,0.0]","[0.0,0.0,0.0,0.0]",0.0,0.0,0.0,0.0,0.0,6,6,scarcity_mutable,14101
315,320,"[-0.0211275468222768,-0.014142236888981918,0.005237169526647323,0.004052931563554907]","[-0.0023090091388918337,-0.004589208988223402,0.002660591066346175,0.0012420510599618743]","[-0.018818537683384953,-0.009553027900758534,0.0025765784603011517,0.002810880503593056]",0.026272234352283066,0.005917245811942407,0.0214461536966706,3.246529307924535e-17,0.08333333333333334,6,6,scarcity_mutable,14101
320,325,"[0.015996004381158557,0.024042367912572304,0.049121600257959475,-0.022857853411244633]","[0.0,0.0,0.0,0.0]","[0.015996004381158613,0.02404236791257231,0.04912160025795942,-0.022857853411244664]",0.061394793634951185,0.0,0.06139479363495117,8.47710216111312e-17,0.25,6,4,scarcity_mutable,14101
325,330,"[0.0,0.0,0.0,0.0]","[0.0,0.0,0.0,0.0]","[0.0,0.0,0.0,0.0]",0.0,0.0,0.0,0.0,0.0,4,4,scarcity_mutable,14101
330,335,"[0.0,0.0,0.0,0.0]","[0.0,0.0,0.0,0.0]","[0.0,0.0,0.0,0.0]",0.0,0.0,0.0,0.0,0.0,4,4,scarcity_mutable,14101
335,339,"[0.04395146563146313,0.03723753553468834,-0.0072888255727559526,0.009430020438948084]","[0.0032750604699909314,-0.0028816536236235886,0.004036716299429018,-0.0018096657626553991]","[0.04067640516147222,0.04011918915831197,-0.01132554187218473,0.011239686201603507]",0.05882531468305036,0.0062128831747622,0.059318780501539194,2.466130751632762e-16,0.13333333333333336,4,4,scarcity_mutable,14101
179,180,"[0.07496103224909967,0.05008561262069999,-0.0012024252197003205,-0.04276203834588854]","[-0.012876443551708078,0.008860437177362524,0.00034834443853475067,-0.0031280730982279725]","[0.08783747580080778,0.04122517544333734,-0.0015507696582349592,-0.03963396524766048]",0.09978859001582092,0.01594416290276878,0.1048245836298771,1.9242337565178805e-16,0.8,29,3,neutral_bottleneck_mutable,14101
180,185,"[-0.013313091535246513,0.02001902506414932,0.021223373909539434,-0.0017637728642507233]","[-0.004873972195987614,0.01840611635787254,0.005948552890395115,0.003098807373147525]","[-0.008439119339259012,0.0016129087062767729,0.015274821019144305,-0.004862580237398297]",0.03211763169297633,0.02018733793674899,0.018187497173857318,1.2392122546217105e-16,0.10000000000000002,3,3,neutral_bottleneck_mutable,14101
185,190,"[0.0,0.0,0.0,0.0]","[0.0,0.0,0.0,0.0]","[0.0,0.0,0.0,0.0]",0.0,0.0,0.0,0.0,0.0,3,3,neutral_bottleneck_mutable,14101
190,195,"[-0.0011587115111717505,-0.012291395783476267,-0.008220874442608772,0.027299832736623952]","[0.005794789463958514,-0.002099071227455057,-0.0031458987460232343,0.005556663345695912]","[-0.00695350097513029,-0.010192324556021228,-0.005074975696585573,0.021743169390928015]",0.03106903066915611,0.008874619507740336,0.025509908842446583,5.3242165028245826e-17,0.11904761904761905,3,3,neutral_bottleneck_mutable,14101
195,200,"[0.0,0.0,0.0,0.0]","[0.0,0.0,0.0,0.0]","[0.0,0.0,0.0,0.0]",0.0,0.0,0.0,0.0,0.0,3,3,neutral_bottleneck_mutable,14101
200,205,"[0.0,0.0,0.0,0.0]","[0.0,0.0,0.0,0.0]","[0.0,0.0,0.0,0.0]",0.0,0.0,0.0,0.0,0.0,3,3,neutral_bottleneck_mutable,14101
205,210,"[0.0,0.0,0.0,0.0]","[0.0,0.0,0.0,0.0]","[0.0,0.0,0.0,0.0]",0.0,0.0,0.0,0.0,0.0,3,3,neutral_bottleneck_mutable,14101
210,215,"[0.0,0.0,0.0,0.0]","[0.0,0.0,0.0,0.0]","[0.0,0.0,0.0,0.0]",0.0,0.0,0.0,0.0,0.0,3,3,neutral_bottleneck_mutable,14101
215,220,"[-0.012673949770027892,-0.013732997306043548,0.00028133795963009023,-0.0071520209059631745]","[-0.006691163914035205,-0.016301714227735235,-0.009941404973855776,-0.0008502223989812604]","[-0.005982785855992625,0.00256871692169172,0.010222742933485853,-0.006301798506981867]",0.02001136606700933,0.02025023388183865,0.013660496723369345,8.586443133426895e-17,0.07142857142857142,3,3,neutral_bottleneck_mutable,14101
220,225,"[0.016060716500536087,-0.00388485344340167,-0.019223131596611653,0.01251988558504108]","[0.006383876967504984,-0.0018738673960954021,-0.005483412305313993,0.003305321491146075]","[0.009676839533031025,-0.0020109860473062693,-0.013739719291297664,0.009214564093895001]",0.02827215987911908,0.009233538044774118,0.01927104994219694,7.649643728920591e-17,0.09999999999999998,3,3,neutral_bottleneck_mutable,14101
225,230,"[0.0,0.0,0.0,0.0]","[0.0,0.0,0.0,0.0]","[0.0,0.0,0.0,0.0]",0.0,0.0,0.0,0.0,0.0,3,3,neutral_bottleneck_mutable,14101
230,235,"[0.0,0.0,0.0,0.0]","[0.0,0.0,0.0,0.0]","[0.0,0.0,0.0,0.0]",0.0,0.0,0.0,0.0,0.0,3,3,neutral_bottleneck_mutable,14101
235,240,"[0.0,0.0,0.0,0.0]","[0.0,0.0,0.0,0.0]","[0.0,0.0,0.0,0.0]",0.0,0.0,0.0,0.0,0.0,3,3,neutral_bottleneck_mutable,14101
240,245,"[0.0,0.0,0.0,0.0]","[0.0,0.0,0.0,0.0]","[0.0,0.0,0.0,0.0]",0.0,0.0,0.0,0.0,0.0,3,3,neutral_bottleneck_mutable,14101
245,250,"[0.0,0.0,0.0,0.0]","[0.0,0.0,0.0,0.0]","[0.0,0.0,0.0,0.0]",0.0,0.0,0.0,0.0,0.0,3,3,neutral_bottleneck_mutable,14101
250,255,"[0.0,0.0,0.0,0.0]","[0.0,0.0,0.0,0.0]","[0.0,0.0,0.0,0.0]",0.0,0.0,0.0,0.0,0.0,3,3,neutral_bottleneck_mutable,14101
255,260,"[0.0,0.0,0.0,0.0]","[0.0,0.0,0.0,0.0]","[0.0,0.0,0.0,0.0]",0.0,0.0,0.0,0.0,0.0,3,3,neutral_bottleneck_mutable,14101
260,265,"[-0.007860379022432973,-0.004113197747037056,0.0026731570962412188,0.006992528226744343]","[-0.003141168185871877,0.000755274825934821,0.004179198217122289,-0.004890966008075918]","[-0.004719210836561127,-0.004868472572971875,-0.0015060411208810652,0.011883494234820234]",0.011607978891501149,0.007198932133641537,0.013764395053923939,4.157007018585401e-17,0.06363636363636366,3,3,neutral_bottleneck_mutable,14101
265,270,"[-0.00029214138838551396,0.003919271351038478,0.013169945175908526,-0.002746984824241294]","[0.003915332462986007,0.002327646490423636,0.005874373350879292,0.0024282248073239283]","[-0.004207473851371525,0.0015916248606148448,0.007295571825029179,-0.0051752096315652064]",0.01401568464524395,0.00781999389133506,0.010012205995269335,5.800471490058014e-17,0.05303030303030304,3,3,neutral_bottleneck_mutable,14101
270,275,"[-0.005543753840639654,0.010133011249461366,0.003209019875241581,-0.012979723716297353]","[-0.011766800802418632,0.006014388896413521,0.004703252512837906,-0.004286657308037577]","[0.006223046961778996,0.004118622353047887,-0.001494232637596269,-0.008693066408259845]",0.017668677368111767,0.014667190937502999,0.0115538520991575,9.965227682168975e-17,0.04761904761904759,3,3,neutral_bottleneck_mutable,14101
275,280,"[0.0036684168585258137,0.0018054446005939528,-0.002527377185997881,-0.008504548295799164]","[-0.0036428662530265904,-3.4458082180281536e-05,0.0038681775013280208,-0.004191291366049384]","[0.007311283111552359,0.0018399026827742616,-0.006395554687325871,-0.004313256929749768]",0.009768924690548766,0.006767671859197071,0.010786445555416344,6.163000362142594e-17,0.04761904761904759,3,3,neutral_bottleneck_mutable,14101
280,285,"[0.010375727569281512,0.02123592718056594,-0.004416505423229966,-0.018582224311401718]","[0.004088148735736899,0.013467456862006436,-0.0058612370786906755,-0.0031638232799464762]","[0.006287578833544621,0.007768470318559449,0.0014447316554606574,-0.01541840103145526]",0.030387907238289977,0.015570781363016473,0.018430874059616603,7.835114356366673e-17,0.07916666666666666,3,3,neutral_bottleneck_mutable,14101
285,290,"[0.0008343529820270534,-0.0035066823279424897,-0.002486168911551234,0.008608640212595164]","[0.0037747887549022282,0.0016000115831233898,-0.0010484900560480052,-0.0007693741534230208]","[-0.002940435772875196,-0.005106693911065861,-0.0014376788555032476,0.009378014366018216]",0.009658296330844066,0.004301201599071156,0.011168641778503172,4.624347870798547e-17,0.04779411764705882,3,3,neutral_bottleneck_mutable,14101
290,295,"[0.0,0.0,0.0,0.0]","[0.0,0.0,0.0,0.0]","[0.0,0.0,0.0,0.0]",0.0,0.0,0.0,0.0,0.0,3,3,neutral_bottleneck_mutable,14101
295,300,"[0.0,0.0,0.0,0.0]","[0.0,0.0,0.0,0.0]","[0.0,0.0,0.0,0.0]",0.0,0.0,0.0,0.0,0.0,3,3,neutral_bottleneck_mutable,14101
300,305,"[-0.0015117476384954864,0.0021277909709612186,-0.0032369991466399406,-0.002788193820950302]","[-0.007486566691446949,0.0015072646447893015,0.002073319542812267,0.0001464543280194298]","[0.0059748190529515174,0.0006205263261719104,-0.005310318689452174,-0.0029346481489697356]",0.005006502131941413,0.00791458339596707,0.00853786624273193,6.475800804877747e-17,0.03594771241830064,3,3,neutral_bottleneck_mutable,14101
305,310,"[0.0,0.0,0.0,0.0]","[0.0,0.0,0.0,0.0]","[0.0,0.0,0.0,0.0]",0.0,0.0,0.0,0.0,0.0,3,3,neutral_bottleneck_mutable,14101
310,315,"[0.0,0.0,0.0,0.0]","[0.0,0.0,0.0,0.0]","[0.0,0.0,0.0,0.0]",0.0,0.0,0.0,0.0,0.0,3,3,neutral_bottleneck_mutable,14101
315,320,"[-0.002120885032750097,0.004724053931313366,0.004853905688070037,-0.002708025501863165]","[0.0016699489962828462,0.002799140820274594,-0.0004415025728350187,-0.0007431687101576188]","[-0.003790834029032998,0.0019249131110387306,0.00529540826090504,-0.0019648567917055363]",0.0075966203943280295,0.0033721125775233083,0.00706949248406815,7.115142325051103e-17,0.03216374269005848,3,3,neutral_bottleneck_mutable,14101
320,325,"[0.0,0.0,0.0,0.0]","[0.0,0.0,0.0,0.0]","[0.0,0.0,0.0,0.0]",0.0,0.0,0.0,0.0,0.0,3,3,neutral_bottleneck_mutable,14101
325,330,"[-0.005151174814199133,-0.006040089895754719,-0.0014587253966384939,-0.0014315577734193008]","[-0.0017412422297955175,-0.007619342415570448,-0.006009114817874376,0.0003516867668399259]","[-0.0034099325844036375,0.0015792525198157414,0.004550389421235931,-0.001783244540259201]",0.008197226686915098,0.009865061977752694,0.006165037204006327,6.035530592789836e-17,0.02894736842105264,3,3,neutral_bottleneck_mutable,14101
330,335,"[0.0,0.0,0.0,0.0]","[0.0,0.0,0.0,0.0]","[0.0,0.0,0.0,0.0]",0.0,0.0,0.0,0.0,0.0,3,3,neutral_bottleneck_mutable,14101
335,339,"[0.0,0.0,0.0,0.0]","[0.0,0.0,0.0,0.0]","[0.0,0.0,0.0,0.0]",0.0,0.0,0.0,0.0,0.0,3,3,neutral_bottleneck_mutable,14101
179,180,"[0.0,0.0,0.0,0.0]","[0.0,0.0,0.0,0.0]","[0.0,0.0,0.0,0.0]",0.0,0.0,0.0,0.0,0.0,29,29,scarcity_mutable,14119
180,185,"[0.0014472639143209287,0.0003297508705681351,9.909126323093265e-06,-0.00042539043748501815]","[0.0,0.0,0.0,0.0]","[0.001447263914320871,0.000329750870568133,9.909126323144425e-06,-0.00042539043748501554]",0.0015441384942498394,0.0,0.0015441384942497846,7.717252251335287e-17,0.0142857142857143,29,28,scarcity_mutable,14119
185,190,"[0.0005947709875149254,-0.002493673866475199,-0.0022814134798799235,0.0027336015909509848]","[0.00014171324455791967,-0.0004539341552810816,-0.00028757246596445587,-0.0003718888736611497]","[0.00045305774295715737,-0.002039739711194085,-0.001993841013915491,0.0031054904646121775]",0.004387435128199438,0.0006686838704109128,0.0042409046702849,1.6255354623474077e-16,0.014492753623188404,28,27,scarcity_mutable,14119
190,195,"[0.0027918509149922333,-0.004814225500968383,-0.00044498853185614973,0.002355085075546326]","[0.0010985105874174374,-0.0015394183383724636,0.0002949820471581247,-0.0012681452798464494]","[0.0016933403275745998,-0.003274807162596002,-0.0007399705790143878,0.003623230355392762]",0.006059343133728423,0.002296027262496695,0.005221792612046842,2.413648334145598e-16,0.042613021847285285,27,25,scarcity_mutable,14119
195,200,"[-0.00010614838917788472,-0.001508054813482096,0.0015971437722405724,0.0006091948274683512]","[-0.00018067268370657337,-0.001080925976294327,0.00012087188189099728,0.000438227086090881]","[7.45242945287326e-05,-0.00042712883718779455,0.0014762718903496123,0.00017096774137752443]",0.0022819910972684838,0.0011864638956500763,0.0015480961135732345,8.316338756775467e-17,0.014473089099954792,25,25,scarcity_mutable,14119
200,205,"[0.0009415197328124236,-0.0008738607123157105,-0.0007087457317994095,-0.001710753639600382]","[0.0009553119716574498,-0.00046132100217967804,8.892407603093156e-05,0.0011932299199381166]","[-1.3792238845017677e-05,-0.0004125397101359529,-0.0007976698078303937,-0.0029039835595384995]",0.0022536837576629808,0.0015991069893467372,0.0030397001290728472,9.583126786390588e-17,0.028409090909090905,25,24,scarcity_mutable,14119
205,210,"[0.0024633517381309478,0.0050388605181439505,0.004345860866729057,0.011251319839615193]","[0.0021470669576000834,-0.00014014919321342465,-0.00011321214772273247,-0.0004991768642018707]","[0.0003162847805309796,0.00517900971135739,0.004459073014451774,0.011750496703817094]",0.013301763864741703,0.002211681000714809,0.013597046833314875,1.2131597351745278e-16,0.055614406779661,24,24,scarcity_mutable,14119
210,215,"[0.0037258425704157494,-0.0024385638099998497,-0.00561762951134781,-0.00678139881627271]","[0.002104529135475372,-0.00324722585773746,0.00118989040118638,-0.0012697968877432753]","[0.0016213134349404297,0.0008086620477375646,-0.00680751991253413,-0.005511601928529485]",0.009867807636302704,0.0042428459736574805,0.008944421431254682,1.0509224844410656e-16,0.06715701950751518,24,24,scarcity_mutable,14119
215,220,"[0.003686653397338091,0.0003011045154979186,-0.0055319411667555385,0.008325605601871344]","[0.0,0.0,0.0,0.0]","[0.003686653397337953,0.00030110451549793607,-0.005531941166755494,0.00832560560187126]",0.010658337530389712,0.0,0.010658337530389575,1.68837294105977e-16,0.037735849056603786,24,23,scarcity_mutable,14119
220,225,"[0.00020582055799112098,-0.0007324481940931826,-0.0030270292302821966,0.0018563391297080067]","[8.929271370287059e-05,-0.0011137333122968388,0.00013054239665011562,4.627852143519114e-06]","[0.00011652784428821538,0.0003812851182036348,-0.0031575716269323355,0.0018517112775646304]",0.0036314932720012093,0.0011249168031364492,0.0036821257874393933,1.5029599859136799e-16,0.01921568627450982,23,23,scarcity_mutable,14119
225,230,"[0.000595553686990935,0.0013834966189408826,0.0006442594491286591,0.001921342782551072]","[0.0,0.0,0.0,0.0]","[0.0005955536869908906,0.001383496618940871,0.0006442594491286966,0.0019213427825510508]",0.0025249505766572955,0.0,0.002524950576657272,6.302339558968936e-17,0.01999999999999996,23,22,scarcity_mutable,14119
230,235,"[0.005015215284268182,0.0015386724699895105,-0.003884160560602423,0.005050656003209419]","[0.00010238911574970068,-0.0001720179694371489,-0.0001668744243870117,-0.0001334509018343399]","[0.004912826168518505,0.0017106904394266667,-0.003717286136215448,0.005184106905043695]",0.008253225226585998,0.00029279673759825364,0.008231373115285646,7.804448429082459e-17,0.0390794615718628,22,21,scarcity_mutable,14119
235,240,"[0.00033243265232008046,-0.0033440449578334697,0.0008754428803910974,0.003710498996875533]","[0.002748123358621132,-0.0015743123934120556,-0.0019236540195016819,-0.0012580372896230912]","[-0.002415690706301,-0.0017697325644214336,0.0027990968998927515,0.004968536286498727]",0.005082061706727085,0.00391327792458919,0.006441180887331643,1.1935367116306453e-16,0.07598784194528875,21,21,scarcity_mutable,14119
240,245,"[0.005487981466680281,-0.0006294499710267631,-0.0034867997082459468,0.0003858786100088829]","[0.0019235864252490293,-0.0004168237190044023,0.00042259274885795027,-4.314417654914923e-05]","[0.0035643950414311993,-0.00021262625202232634,-0.003909392457103846,0.0004290227865579515]",0.006543762094677514,0.0020135473174187945,0.005312017683467816,1.1388460084268858e-16,0.0416666666666667,21,20,scarcity_mutable,14119
245,250,"[-0.00564897302823586,-0.005855217494554754,0.008496150206367015,0.00970238759697084]","[-0.0008366209965733565,-0.002098068069259047,-0.0011482400725037441,-0.00017073546845825253]","[-0.004812352031662512,-0.0037571494252957626,0.009644390278870789,0.009873123065428997]",0.015248454400144303,0.002539572834050019,0.01509197557634288,1.160321249373725e-16,0.08928571428571427,20,19,scarcity_mutable,14119
250,255,"[-0.0031984637108992686,-0.0028263532605199426,0.004297940686483981,-0.0032486942042619926]","[-0.0010827009987017142,0.00028673055732255195,-0.0004945729594807584,-0.0009778818721047871]","[-0.002115762712197608,-0.0031130838178423732,0.004792513645964723,-0.002270812332157111]",0.006873481726209148,0.0015669432769353554,0.006503269824163282,1.6385103752556545e-16,0.02605042016806724,19,19,scarcity_mutable,14119
255,260,"[0.006401812287706865,-0.002814814208315697,0.0003625034925551218,0.003046121623109188]","[-0.0007518204164763207,-0.0011129717330495476,-3.293798070409341e-05,0.0010872243579018125]","[0.007153632704183212,-0.0017018424752662355,0.00039544147325920424,0.001958897265207362]",0.007636533593146732,0.0017283176016536467,0.007619998761902144,9.186348781303754e-17,0.08254269449715367,19,17,scarcity_mutable,14119
260,265,"[-0.0009899340225608677,-0.002573782910185951,0.00548497358637412,-0.002162646127772505]","[0.0013515521780887855,0.0014648445490862744,-0.00023608533406882528,0.000292168064385829]","[-0.0023414862006496517,-0.004038627459272182,0.005721058920442979,-0.002454814192158315]",0.006508940109954922,0.0020281916344107283,0.007781368598891977,5.823649441045049e-17,0.03010752688172044,17,17,scarcity_mutable,14119
265,270,"[-0.000772077442165009,0.004054315333818614,0.00514453732928033,0.0005832706029365586]","[-0.0010863220705280916,0.0031686974537950044,0.0016608092607970435,-0.0005915675774905389]","[0.00031424462836301243,0.0008856178800236048,0.003483728068483246,0.0011748381804270445]",0.006621181566106277,0.0037853637598110213,0.0037946903327148646,9.677699367621986e-17,0.0888888888888889,17,16,scarcity_mutable,14119
270,275,"[0.0007417177321168422,-0.0013516278795530634,0.013619848820838165,0.013115876567538709]","[-0.00018693343004209798,1.9260830727067423e-05,-0.0011498936714917452,-0.0004450863617110162]","[0.0009286511621589171,-0.0013708887102800544,0.014769742492329955,0.013560962929249805]",0.01897112392970747,0.001247265974836769,0.020119312555233516,1.2149533940108677e-16,0.07111111111111117,16,15,scarcity_mutable,14119
275,280,"[0.009465017383082142,0.00029508701602370957,0.002549148550744784,0.0026516090769652667]","[0.001845731192429142,-0.0009643167464643106,-0.0035145209932857958,0.0010465740817626199]","[0.007619286190653097,0.0012594037624879,0.006063669544030468,0.0016050349952026264]",0.01015887884758361,0.004217084958010837,0.00994906254714852,1.9190883794810051e-16,0.07304347826086953,15,15,scarcity_mutable,14119
280,285,"[-0.0006773304059967122,-0.012506139009084816,0.003924810290712344,-0.0017821925570630781]","[-0.00020248848048970615,-0.001670568245853238,-0.0010037495987142064,0.00036097380872037913]","[-0.0004748419255070904,-0.010835570763231531,0.004928559889426582,-0.0021431663657835113]",0.01324547603983991,0.0019923893184529027,0.012104500537994433,1.1488737462345072e-16,0.16475972540045764,15,12,scarcity_mutable,14119
285,290,"[0.005504419615653844,-0.008478506192095614,-0.006837594070674358,0.0020996133523019656]","[0.0,0.0,0.0,0.0]","[0.005504419615653865,-0.008478506192095652,-0.0068375940706742674,0.0020996133523020592]",0.012383245594717256,0.0,0.012383245594717256,1.3711998790140112e-16,0.10526315789473686,12,10,scarcity_mutable,14119
290,295,"[-0.001970680745929543,-0.010682350204942348,-0.0023610096410631165,-0.02613533135112389]","[0.005734457215463616,-0.0064954172791437175,0.0028334825240610563,-0.00295458070559413]","[-0.007705137961393236,-0.0041869329257985905,-0.005194492165124215,-0.023180750645529758]",0.02840116370611672,0.00958293355639128,0.025322509900738605,9.660575981350407e-17,0.1215686274509804,10,10,scarcity_mutable,14119
295,300,"[0.0014121615767488382,0.0005005140952379361,0.011473613378087222,0.0022843686496593074]","[0.0,0.0,0.0,0.0]","[0.0014121615767488656,0.0005005140952379583,0.011473613378087173,0.0022843686496592536]",0.01179435707258967,0.0,0.011794357072589615,8.057081231731857e-17,0.06666666666666665,10,9,scarcity_mutable,14119
300,305,"[0.0004571464553763116,1.3258438049223997e-05,-0.0016393249582785652,-0.004382976629141666]","[0.00406272093495315,0.00020231312938760873,0.002908956683706605,-0.000680575537171568]","[-0.003605574479576702,-0.00018905469133830097,-0.004548281641985173,-0.0037024010919700485]",0.004701811259321209,0.005046963844442211,0.006886984009327463,1.677141350672928e-16,0.05494505494505497,9,9,scarcity_mutable,14119
305,310,"[0.0017013126212201968,-0.025755836198743443,0.027364271631833026,-0.004795989856714089]","[0.0,0.0,0.0,0.0]","[0.001701312621220202,-0.02575583619874359,0.027364271631833043,-0.004795989856713968]",0.0379217937811237,0.0,0.0379217937811238,1.9320957274470957e-16,0.15384615384615385,9,7,scarcity_mutable,14119
310,315,"[0.01080173394187478,0.01388208682744596,-0.005088840824404861,0.008847377886064711]","[0.0,0.0,0.0,0.0]","[0.01080173394187476,0.013882086827445978,-0.005088840824404889,0.008847377886064538]",0.0203362284416446,0.0,0.02033622844164453,1.7775626050888642e-16,0.09090909090909093,7,6,scarcity_mutable,14119
315,320,"[-0.009862693003858114,-0.007994904295032024,-0.012158438032735142,-0.03016093998525804]","[-0.005139762571388866,0.0027862907628663828,-0.0006794795779018814,-0.0017136723406145028]","[-0.004722930432469331,-0.010781195057898364,-0.011478958454833231,-0.028447267644643587]",0.03490990008815939,0.006130166465379005,0.03285656345998726,1.0974097085180372e-16,0.17500000000000002,6,5,scarcity_mutable,14119
320,325,"[0.0,0.0,0.0,0.0]","[0.0,0.0,0.0,0.0]","[0.0,0.0,0.0,0.0]",0.0,0.0,0.0,0.0,0.0,5,5,scarcity_mutable,14119
325,330,"[0.0,0.0,0.0,0.0]","[0.0,0.0,0.0,0.0]","[0.0,0.0,0.0,0.0]",0.0,0.0,0.0,0.0,0.0,5,5,scarcity_mutable,14119
330,335,"[0.0,0.0,0.0,0.0]","[0.0,0.0,0.0,0.0]","[0.0,0.0,0.0,0.0]",0.0,0.0,0.0,0.0,0.0,5,5,scarcity_mutable,14119
335,339,"[0.0,0.0,0.0,0.0]","[0.0,0.0,0.0,0.0]","[0.0,0.0,0.0,0.0]",0.0,0.0,0.0,0.0,0.0,5,5,scarcity_mutable,14119
179,180,"[-0.06678178191563572,-0.044997509067973784,0.04392603324182942,0.05994306319574255]","[0.002043754326334151,0.005216212613827657,-0.004856176622419294,0.007831659251229996]","[-0.0688255362419701,-0.05021372168180143,0.048782209864248666,0.052111403944512635]",0.10957759551934419,0.010784393529289088,0.1111470859017002,2.5523436361293173e-16,0.7285714285714283,29,7,neutral_bottleneck_mutable,14119
180,185,"[0.0,0.0,0.0,0.0]","[0.0,0.0,0.0,0.0]","[0.0,0.0,0.0,0.0]",0.0,0.0,0.0,0.0,0.0,7,7,neutral_bottleneck_mutable,14119
185,190,"[0.0039570078309853485,0.006558655181433337,0.006859301633391324,0.005794143484247116]","[0.0036653380981193943,-0.0029165155009801364,-0.00020011096891161322,0.002330555789706158]","[0.00029166973286597064,0.009475170682413457,0.007059412602302945,0.0034635876945409635]",0.011802372065703993,0.005235675766297465,0.012316479882712707,2.512356357321818e-17,0.09722222222222224,7,7,neutral_bottleneck_mutable,14119
190,195,"[-0.0038211700859776543,-0.014146443208594817,0.021514113483823316,-0.02212413189395429]","[0.0007397565292766555,-0.0029512158634821847,0.007910174986502988,-0.0041731240890700684]","[-0.004560926615254278,-0.011195227345112609,0.013603938497320379,-0.01795100780488422]",0.03416222310295222,0.009446837977617207,0.02556249187282769,6.252829959612682e-17,0.14141414141414138,7,7,neutral_bottleneck_mutable,14119
195,200,"[0.006695896722238748,0.018318373038495372,-0.0069978206493169215,0.006963196659013238]","[0.0003138737673431755,-0.0007374207656080098,-0.0003889851314252985,0.002774171381018985]","[0.006382022954895497,0.01905579380410336,-0.006608835517891607,0.0041890252779942065]",0.021859858765428043,0.002913699094126029,0.02156567026974903,9.226299307368408e-17,0.1258741258741259,7,7,neutral_bottleneck_mutable,14119
200,205,"[0.0034306734278019557,-0.009521354247550962,-0.013648882946727448,0.0019333820300306837]","[0.0030470355470767377,0.0005494336318318306,-0.002427285240919143,-0.0012257897489800413]","[0.0003836378807251734,-0.010070787879382806,-0.01122159770580836,0.003159171779010675]",0.01710133558068188,0.004120749578708418,0.015410144968018694,8.807245927449764e-17,0.060439560439560475,7,7,neutral_bottleneck_mutable,14119
205,210,"[0.0,0.0,0.0,0.0]","[0.0,0.0,0.0,0.0]","[0.0,0.0,0.0,0.0]",0.0,0.0,0.0,0.0,0.0,7,7,neutral_bottleneck_mutable,14119
210,215,"[0.0,0.0,0.0,0.0]","[0.0,0.0,0.0,0.0]","[0.0,0.0,0.0,0.0]",0.0,0.0,0.0,0.0,0.0,7,7,neutral_bottleneck_mutable,14119
215,220,"[0.007196415645583654,-0.0027253782966108475,0.0037182118472176007,0.0005910611913731434]","[0.00035597708614960866,-0.002343328547424043,0.001445083225738494,0.0027009590557524475]","[0.006840438559434154,-0.0003820497491867445,0.002273128621479185,-0.0021098978643793107]",0.008566827748727962,0.0038731581064033477,0.007520395230581136,1.4740939689336074e-16,0.1008403361344538,7,7,neutral_bottleneck_mutable,14119
220,225,"[0.0015261677710367572,0.008526064839630976,0.0028462645396692965,0.001535407431587421]","[0.0019472563187115945,-0.00011012900351722593,0.0012629060003887165,-0.0004919262535724493]","[-0.0004210885476748291,0.00863619384314814,0.0015833585392805247,0.0020273336851598716]",0.009245629644631869,0.002375049172743499,0.009020990289115115,8.268873841562072e-17,0.049019607843137296,7,7,neutral_bottleneck_mutable,14119
225,230,"[0.0,0.0,0.0,0.0]","[0.0,0.0,0.0,0.0]","[0.0,0.0,0.0,0.0]",0.0,0.0,0.0,0.0,0.0,7,7,neutral_bottleneck_mutable,14119
230,235,"[0.0,0.0,0.0,0.0]","[0.0,0.0,0.0,0.0]","[0.0,0.0,0.0,0.0]",0.0,0.0,0.0,0.0,0.0,7,7,neutral_bottleneck_mutable,14119
235,240,"[0.0,0.0,0.0,0.0]","[0.0,0.0,0.0,0.0]","[0.0,0.0,0.0,0.0]",0.0,0.0,0.0,0.0,0.0,7,7,neutral_bottleneck_mutable,14119
240,245,"[0.0,0.0,0.0,0.0]","[0.0,0.0,0.0,0.0]","[0.0,0.0,0.0,0.0]",0.0,0.0,0.0,0.0,0.0,7,7,neutral_bottleneck_mutable,14119
245,250,"[0.0,0.0,0.0,0.0]","[0.0,0.0,0.0,0.0]","[0.0,0.0,0.0,0.0]",0.0,0.0,0.0,0.0,0.0,7,7,neutral_bottleneck_mutable,14119
250,255,"[-0.003461650216408263,-0.0021742884479308833,-0.0002288191475307566,-0.0023352730948248412]","[0.001578697867711591,-0.003344690461490234,-2.2320259154010036e-05,-0.001124365822006675]","[-0.0050403480841198995,0.0011704020135593768,-0.00020649888837671881,-0.0012109072728181194]",0.0047134288055782235,0.003865738989684421,0.005318259856071309,7.559618598816763e-17,0.07936507936507936,7,7,neutral_bottleneck_mutable,14119
255,260,"[-0.0004628145185096022,0.000482126029357155,0.007702182817699521,-0.009694587121980736]","[0.0016668385788855544,0.0012820789818304146,0.0035221694754174653,-0.0015920825144807582]","[-0.002129653097395195,-0.0007999529524733325,0.004180013342282057,-0.008102504607499984]",0.01239980977312424,0.004400282026210416,0.009396724934658365,8.254531782393459e-17,0.047619047619047616,7,6,neutral_bottleneck_mutable,14119
260,265,"[0.0,0.0,0.0,0.0]","[0.0,0.0,0.0,0.0]","[0.0,0.0,0.0,0.0]",0.0,0.0,0.0,0.0,0.0,6,6,neutral_bottleneck_mutable,14119
265,270,"[0.0018400023262056253,-0.004684363915146983,0.0025995924527135728,-0.0030702342903711766]","[0.0005562782347874696,0.0018551517660593225,0.001124395853960634,0.0011785574198204492]","[0.0012837240914181803,-0.006539515681206254,0.0014751965987529802,-0.00424879171019164]",0.0064430655256601,0.002530671289960232,0.008040003040372279,7.24247051220317e-17,0.038961038961038946,6,6,neutral_bottleneck_mutable,14119
270,275,"[0.002857297756873045,0.006526310217719544,0.006196253224309001,-7.299663844478887e-05]","[0.0036180760953955587,0.00042826400120404406,0.0011576795035587932,-0.0006735124604523956]","[-0.0007607783385225036,0.006098046216515531,0.005038573720750231,0.0006005158220076193]",0.009442232683975024,0.003881716830752192,0.007969491560384562,4.2690589613108816e-17,0.06545454545454547,6,6,neutral_bottleneck_mutable,14119
275,280,"[0.0,0.0,0.0,0.0]","[0.0,0.0,0.0,0.0]","[0.0,0.0,0.0,0.0]",0.0,0.0,0.0,0.0,0.0,6,6,neutral_bottleneck_mutable,14119
280,285,"[0.0006208610890328092,-0.0028637475559149528,-0.0011889772496960216,0.0023253047879213673]","[0.0009990734728661278,-0.0003831225374059866,-0.002776768048353354,0.0011372939131532988]","[-0.00037821238383327696,-0.002480625018508993,0.0015877907986573299,0.0011880108747680702]",0.003925204174677875,0.0031857195297302653,0.0031982799359352005,4.965977354435976e-17,0.04000000000000001,6,6,neutral_bottleneck_mutable,14119
285,290,"[-0.0024287941753556863,-0.0016174737255166827,0.006792644631004707,-0.0072639602417241544]","[0.0013361451507018693,-7.062155129646029e-05,0.0021114493446846728,-0.00016098367739003205]","[-0.0037649393260575995,-0.0015468521742202854,0.004681195286320043,-0.007102976564334165]",0.010364381403414525,0.002504876313674388,0.009430449891703494,8.805964531784389e-17,0.039999999999999994,6,6,neutral_bottleneck_mutable,14119
290,295,"[0.0,0.0,0.0,0.0]","[0.0,0.0,0.0,0.0]","[0.0,0.0,0.0,0.0]",0.0,0.0,0.0,0.0,0.0,6,6,neutral_bottleneck_mutable,14119
295,300,"[0.0,0.0,0.0,0.0]","[0.0,0.0,0.0,0.0]","[0.0,0.0,0.0,0.0]",0.0,0.0,0.0,0.0,0.0,6,6,neutral_bottleneck_mutable,14119
300,305,"[0.0,0.0,0.0,0.0]","[0.0,0.0,0.0,0.0]","[0.0,0.0,0.0,0.0]",0.0,0.0,0.0,0.0,0.0,6,6,neutral_bottleneck_mutable,14119
305,310,"[0.0,0.0,0.0,0.0]","[0.0,0.0,0.0,0.0]","[0.0,0.0,0.0,0.0]",0.0,0.0,0.0,0.0,0.0,6,6,neutral_bottleneck_mutable,14119
310,315,"[0.0,0.0,0.0,0.0]","[0.0,0.0,0.0,0.0]","[0.0,0.0,0.0,0.0]",0.0,0.0,0.0,0.0,0.0,6,6,neutral_bottleneck_mutable,14119
315,320,"[0.0,0.0,0.0,0.0]","[0.0,0.0,0.0,0.0]","[0.0,0.0,0.0,0.0]",0.0,0.0,0.0,0.0,0.0,6,6,neutral_bottleneck_mutable,14119
320,325,"[0.0,0.0,0.0,0.0]","[0.0,0.0,0.0,0.0]","[0.0,0.0,0.0,0.0]",0.0,0.0,0.0,0.0,0.0,6,6,neutral_bottleneck_mutable,14119
325,330,"[-0.0032058105834932293,0.003066239419559691,-0.0013316082285832476,0.00042315829193645405]","[-0.003205810583493247,0.003066239419559693,-0.0013316082285831853,0.0004231582919364385]","[0.0,0.0,0.0,0.0]",0.0046509449673979315,0.004650944967397925,0.0,6.660251827651034e-17,0.0,6,6,neutral_bottleneck_mutable,14119
330,335,"[0.0023611091859839783,-0.00940485292328952,-0.004530034576404662,-0.002372793082763558]","[0.00028107249410674174,-0.0041967455429005205,0.001376022805545626,-0.0028932355565906257]","[0.002080036691877299,-0.005208107380389036,-0.00590605738195036,0.0005204424738270205]",0.010962547850471517,0.005287336346980462,0.008161085056086117,1.1302109525202616e-16,0.06000000000000001,6,6,neutral_bottleneck_mutable,14119
335,339,"[0.0031272841100502546,-0.0020684979874308063,-0.007538988407627123,0.004775236847938569]","[-0.0008117229620998933,-0.00013554020229095,-0.00192370042025022,0.0013675931496753765]","[0.0039390070721501535,-0.0019329577851398961,-0.005615287987376942,0.003407643698263178]",0.0096797635814737,0.0024996399027754353,0.007899088382153627,5.837963087413373e-17,0.029100529100529085,6,6,neutral_bottleneck_mutable,14119
179,180,"[0.0,0.0,0.0,0.0]","[0.0,0.0,0.0,0.0]","[0.0,0.0,0.0,0.0]",0.0,0.0,0.0,0.0,0.0,23,23,scarcity_mutable,14137
180,185,"[-0.0004697241874302982,-0.001858989975449754,-0.0009904093818868254,0.0014838507562995873]","[-0.0010172393957270627,-0.0008548299205027582,-0.00018403351783084104,-0.00037418093544178274]","[0.0005475152082969983,-0.0010041600549468396,-0.0008063758640560505,0.001858031691741311]",0.0026190090400340415,0.0013926197935327479,0.0023260769808659742,2.9473497143594753e-16,0.04126984126984127,23,23,scarcity_mutable,14137
185,190,"[0.0006553699661054901,-0.00025749852905693205,-0.0007905112208274057,0.0026043736625840364]","[-0.00013331662394788725,0.0005648504913593688,-0.00043829210496696346,-0.0003648335654746028]","[0.00078868659005341,-0.0008223490204163518,-0.0003522191158605017,0.0029692072280586724]",0.0028113138297875995,0.0008136540417051129,0.0031997709789050883,9.121266001515838e-17,0.029885057471264378,23,23,scarcity_mutable,14137
190,195,"[0.0017369009160687066,0.0009830657801824239,0.00498901885178582,0.011036746480249382]","[0.0002750652721769059,0.0005873365301576042,0.0008923291973932766,0.0004283039897650196]","[0.0014618356438917323,0.0003957292500248273,0.004096689654392679,0.010608442490484456]",0.012275313645409531,0.0011833515148866344,0.011472379146776906,1.7834384246323016e-16,0.07559681697612736,23,22,scarcity_mutable,14137
195,200,"[-0.000619727484534871,0.00011651485153990615,-0.0007667268045735698,0.0020928141781126897]","[-0.0012529528092430132,-0.00020263988198862236,-0.0009941433342225566,0.0005518879238885653]","[0.0006332253247081216,0.0003191547335285842,0.00022741652964889167,0.0015409262542240604]",0.002316328785530753,0.0017040701022773372,0.001711433917713432,1.2926068475374233e-16,0.018099547511312215,22,22,scarcity_mutable,14137
200,205,"[0.0013635403616999442,-0.007443979928661804,-0.004284324812158902,-0.0030079674731445794]","[0.0012149574290082285,0.0008166684195889723,0.0003643970973749498,-3.456187284061074e-05]","[0.00014858293269169836,-0.008260648348250776,-0.0046487219095339115,-0.002973405600304003]",0.009201923000758092,0.001508989274145371,0.009935398546482439,7.110911685218114e-17,0.05514705882352939,22,20,scarcity_mutable,14137
205,210,"[-0.0007370647117844742,-0.0018872459720241652,0.0023035285322415278,-0.0002557092644640546]","[0.0005116464135078502,-0.00031451206429300806,0.0007036108638910224,0.00038460822949794033]","[-0.0012487111252923256,-0.0015727339077312578,0.0015999176683504847,-0.0006403174939621017]",0.0030784074900933635,0.0010018441141336843,0.0026462264562071057,1.481987379200733e-16,0.020390070921985796,20,20,scarcity_mutable,14137
210,215,"[0.007546146347156113,0.001324767339163202,0.0052643010115380195,-0.00568431827552629]","[-0.0008499074220064805,-0.0035848160972862795,0.0009980506405565456,-0.00021967847745862668]","[0.008396053769162585,0.004909583436449672,0.004266250370981439,-0.005464639798067595]",0.010896039307618777,0.003823298679402174,0.011944074211283757,2.0547733669457223e-16,0.0831271647699159,20,18,scarcity_mutable,14137
215,220,"[0.0055714533962614166,0.0036997830473556315,0.00032559446313351614,0.002815688535451555]","[0.0001299039554349618,-0.0009611120613526175,-0.0017424235263078618,-0.0001358469833110011]","[0.005441549440826616,0.004660895108708205,0.002068017989441504,0.0029515355187626595]",0.007263855809920067,0.001998776020473767,0.00802014113681996,2.3378174553388844e-16,0.08610936517913265,18,16,scarcity_mutable,14137
220,225,"[-0.00620297426282812,-0.003104555760150618,0.003545456900670041,0.0018761401095947483]","[-0.0014124599735974538,0.0010533788159775704,0.000647564104266824,-0.0008710356388253478]","[-0.004790514289230825,-0.004157934576128241,0.0028978927964031223,0.0027471757484199538]",0.008012822381566401,0.0020694667091316074,0.007495478927115952,2.3899908345145855e-16,0.04015444015444012,16,16,scarcity_mutable,14137
225,230,"[0.0004973969254256083,-0.007786264160578038,0.0005692998005972782,-0.004858636096050362]","[0.0005710815567961519,-0.0012908338425663337,0.001609515547998542,-0.0008510692013878723]","[-7.368463137053601e-05,-0.006495430318011792,-0.0010402157474011448,-0.004007566894662539]",0.009208895713196477,0.002303745914467852,0.00770316075759707,1.5603865389177156e-16,0.0669642857142857,16,15,scarcity_mutable,14137
230,235,"[-0.0021044858576577674,-0.00414670706813236,-0.0034829353780684857,0.00046146210609765426]","[0.0008501140755376562,1.102187796586623e-05,-0.0002537960334273704,-0.0007214695363350404]","[-0.0029545999331953713,-0.004157728946098201,-0.0032291393446412277,0.0011829316424327666]",0.0058281923747544205,0.0011435672877728286,0.006151669605256739,1.457051550671386e-16,0.025201612903225798,15,15,scarcity_mutable,14137
235,240,"[-0.0030190224057274895,-0.004736782517418714,0.0005559438589001764,0.0051480146310667885]","[-0.00030528684215838404,-0.001299967511246329,0.0022963578780147483,0.003238369082969958]","[-0.002713735563569104,-0.003436815006172356,-0.0017404140191145134,0.0019096455480967982]",0.007639550583609923,0.0041884853357445455,0.0050844709826025625,7.305044965324254e-17,0.05339265850945495,15,14,scarcity_mutable,14137
240,245,"[0.0012395617833476091,0.000831253695053713,0.002189720848932264,0.0017328000421932277]","[-0.0004294151796150893,0.001283380632260198,0.0016524521084547055,-0.0010614156966955715]","[0.0016689769629626029,-0.00045212693720657137,0.0005372687404775515,0.0027942157388888347]",0.0031662232237714767,0.0023850921356779057,0.003329594895057968,1.3395088581453823e-16,0.03201970443349752,14,14,scarcity_mutable,14137
245,250,"[0.0,0.0,0.0,0.0]","[0.0,0.0,0.0,0.0]","[0.0,0.0,0.0,0.0]",0.0,0.0,0.0,0.0,0.0,14,14,scarcity_mutable,14137
250,255,"[0.006073479576839347,-0.0009435328163698853,-0.0006932159329248178,5.846843864426576e-05]","[0.0033570892857111923,0.002885615997396216,-0.0012462005803770882,0.0014806893413371579]","[0.0027163902911281996,-0.003829148813766086,0.0005529846474523065,-0.00142222090269297]",0.006185578003212785,0.004831385408839529,0.004936563700396919,9.815114060839525e-17,0.10119047619047623,14,14,scarcity_mutable,14137
255,260,"[0.0046199362981157455,0.007908174455827421,-0.001982135053885503,-0.0037750009986615707]","[0.0003927380366162287,0.0003617713878643191,0.0008863076286655234,0.0003630550418199688]","[0.004227198261499496,0.00754640306796304,-0.0028684426825510197,-0.004138056040481529]",0.01010259998882398,0.0010965727875996416,0.010008440219306528,6.700615033601575e-17,0.03804347826086958,14,14,scarcity_mutable,14137
260,265,"[0.0019444281611367131,0.002654200642679627,-0.004417270922720151,-0.005654452339165783]","[0.0,0.0,0.0,0.0]","[0.0019444281611367097,0.002654200642679735,-0.004417270922720126,-0.005654452339165785]",0.007893712408368371,0.0,0.007893712408368392,1.1094519568836831e-16,0.04347826086956524,14,13,scarcity_mutable,14137
265,270,"[-0.0031865638911107164,-0.007260024009972055,-0.004604750353484288,0.0012052096704077142]","[0.0008754649732244185,-0.0016819257803897393,0.0012027480498973747,0.0003254477159822095]","[-0.004062028864335115,-0.005578098229582289,-0.0058074984033817095,0.0008797619544254641]",0.009247615596739481,0.0022688835001939698,0.00906180319557296,7.009683578049127e-17,0.036796536796536765,13,13,scarcity_mutable,14137
270,275,"[-0.0022734815201930214,-0.0036095716072304107,0.0017851783824592848,0.006125245660948131]","[0.0,0.0,0.0,0.0]","[-0.0022734815201929347,-0.0036095716072303656,0.0017851783824592788,0.006125245660948165]",0.007674843429969562,0.0,0.007674843429969541,1.0362704315345436e-16,0.04761904761904767,13,12,scarcity_mutable,14137
275,280,"[0.004631172506260994,0.010162463940519173,0.013883164907426138,-0.01124962986968614]","[0.0,0.0,0.0,0.0]","[0.004631172506261039,0.010162463940519166,0.013883164907426263,-0.011249629869686173]",0.021071779046317456,0.0,0.021071779046317563,1.36999230513026e-16,0.09999999999999995,12,10,scarcity_mutable,14137
280,285,"[-0.009758944541809589,-0.007316133975432737,0.009803149684665113,-0.012085275764256886]","[0.0026097905320379665,-0.0014595378807198093,-0.0030637302056148196,-0.00640341112398992]","[-0.01236873507384757,-0.005856596094713011,0.012866879890279823,-0.005681864640266949]",0.019771657718933962,0.007702686170551515,0.0196246148763444,1.3917845475784764e-16,0.15873015873015872,10,8,scarcity_mutable,14137
285,290,"[0.009832324100293888,0.006848678427481436,0.0041771069265976735,0.0029439464397026383]","[0.0031877260829055185,0.004865259612675717,-0.004063754679261969,-0.008084211595266852]","[0.00664459801738828,0.0019834188148057904,0.008240861605859766,0.011028158034969558]",0.013026666355301256,0.01075643657949231,0.015414820876636974,1.8150049544184735e-16,0.17142857142857143,8,7,scarcity_mutable,14137
290,295,"[0.0,0.0,0.0,0.0]","[0.0,0.0,0.0,0.0]","[0.0,0.0,0.0,0.0]",0.0,0.0,0.0,0.0,0.0,7,7,scarcity_mutable,14137
295,300,"[0.0,0.0,0.0,0.0]","[0.0,0.0,0.0,0.0]","[0.0,0.0,0.0,0.0]",0.0,0.0,0.0,0.0,0.0,7,7,scarcity_mutable,14137
300,305,"[0.006988022026884089,-0.001708128944681031,0.0030484356575266047,0.008839343882146966]","[0.0,0.0,0.0,0.0]","[0.006988022026884041,-0.0017081289446810289,0.0030484356575264226,0.008839343882146846]",0.01179733514675255,0.0,0.011797335146752384,2.2312490857168245e-16,0.09999999999999995,7,6,scarcity_mutable,14137
305,310,"[0.017293442313922158,0.025577563144381865,-0.006811567713479572,-0.013017623755703644]","[0.005279447571735488,0.004391275499170859,-0.0009560748359080229,0.0011478987251298603]","[0.012013994742186642,0.02118628764521104,-0.005855492877571423,-0.01416552248083346]",0.034192555716561636,0.0070276324425323595,0.028777485606723843,1.4080409682044282e-16,0.09722222222222224,6,6,scarcity_mutable,14137
310,315,"[-0.008547215328496116,-0.0013943252223324598,0.028381632390681255,0.010031453590626793]","[0.0,0.0,0.0,0.0]","[-0.008547215328496024,-0.0013943252223325422,0.028381632390681172,0.010031453590626807]",0.031323252560964646,0.0,0.03132325256096455,1.495614357417025e-16,0.12499999999999997,6,5,scarcity_mutable,14137
315,320,"[0.0,0.0,0.0,0.0]","[0.0,0.0,0.0,0.0]","[0.0,0.0,0.0,0.0]",0.0,0.0,0.0,0.0,0.0,5,5,scarcity_mutable,14137
320,325,"[-0.003941550027213081,0.006633505447972088,0.005798499665620849,0.010237729782339222]","[-0.003636939391106372,0.006352985099873239,-0.00415109915827868,-0.001585051885909552]","[-0.0003046106361066798,0.0002805203480988512,0.009949598823899529,0.0118227816682488]",0.014070285022475537,0.0085633966109646,0.015457818812398778,3.8291835075400716e-17,0.11904761904761904,5,5,scarcity_mutable,14137
325,330,"[0.0,0.0,0.0,0.0]","[0.0,0.0,0.0,0.0]","[0.0,0.0,0.0,0.0]",0.0,0.0,0.0,0.0,0.0,5,5,scarcity_mutable,14137
330,335,"[0.0,0.0,0.0,0.0]","[0.0,0.0,0.0,0.0]","[0.0,0.0,0.0,0.0]",0.0,0.0,0.0,0.0,0.0,5,5,scarcity_mutable,14137
335,339,"[0.0,0.0,0.0,0.0]","[0.0,0.0,0.0,0.0]","[0.0,0.0,0.0,0.0]",0.0,0.0,0.0,0.0,0.0,5,5,scarcity_mutable,14137
179,180,"[0.04488493814798988,0.05177094547605121,0.01609364633437893,0.03493337851071321]","[-0.0013036819654683814,-0.00014660275572770656,0.0037523444863042208,-0.0018465372171164542]","[0.04618862011345842,0.0519175482317791,0.012341301848074707,0.03677991572782949]",0.07857629957272086,0.004383020405287696,0.07958574228237127,2.968557427739414e-16,0.7301587301587301,23,4,neutral_bottleneck_mutable,14137
180,185,"[0.0,0.0,0.0,0.0]","[0.0,0.0,0.0,0.0]","[0.0,0.0,0.0,0.0]",0.0,0.0,0.0,0.0,0.0,4,4,neutral_bottleneck_mutable,14137
185,190,"[-0.013565174586349649,0.00668447746673867,0.033678110495093894,-0.016110246836071873]","[-0.008810992620281313,0.005889829619359305,0.01927790641398598,0.006211820789814589]","[-0.004754181966068277,0.0007946478473793359,0.01440020408110788,-0.022322067625886413]",0.04027966459890649,0.022859310513025286,0.026997671974450608,8.866202062842315e-17,0.125,4,4,neutral_bottleneck_mutable,14137
190,195,"[0.017375801991707074,0.01060618554751469,-0.018417033321733778,-0.013892234868855435]","[0.008310022089855595,0.0033653991138767837,-0.016149200968956046,-0.012188001183302734]","[0.00906577990185151,0.007240786433637833,-0.0022678323527777523,-0.0017042336855526974]",0.03076671858922586,0.022129763738221207,0.011944238336605916,8.202876168273483e-17,0.075,4,4,neutral_bottleneck_mutable,14137
195,200,"[0.0,0.0,0.0,0.0]","[0.0,0.0,0.0,0.0]","[0.0,0.0,0.0,0.0]",0.0,0.0,0.0,0.0,0.0,4,4,neutral_bottleneck_mutable,14137
200,205,"[-0.0165868267037107,-0.0094022016933894,-0.0002674742008456077,0.013393950031194701]","[-0.002169688387952688,0.004146105564905871,0.0019465724091091404,-0.0014876407786683994]","[-0.01441713831575809,-0.013548307258295283,-0.0022140466099548166,0.014881590809863097]",0.023302224285856564,0.005282041109876205,0.02485506496077069,1.0334716111785253e-16,0.11666666666666667,4,4,neutral_bottleneck_mutable,14137
205,210,"[0.011603025622702323,0.0069405649526559365,0.002193846657215781,-0.007535976372921027]","[0.005591113515265636,0.0018075976418863104,-0.004800065156199599,-0.0030907312820235857]","[0.006011912107436743,0.005132967310769704,0.006993911813415403,-0.004445245090897353]",0.015633475253817475,0.008192753196391286,0.011452748446244394,1.3232881835123186e-16,0.05128205128205128,4,4,neutral_bottleneck_mutable,14137
210,215,"[0.004064872582942414,0.0034255491944321648,0.011105068759812542,3.126996915647773e-05]","[-0.0013571486249485023,-0.0010291752222291587,0.005127031886881644,0.0038240054932704303]","[0.005422021207890808,0.004454724416661268,0.00597803687293085,-0.0037927355241140336]",0.012311827905318012,0.006618952183685392,0.009968181941418063,1.5418376540265693e-16,0.043956043956043966,4,4,neutral_bottleneck_mutable,14137
215,220,"[0.0021816690331871724,-0.004348439139568061,-0.009699801640291494,-0.0015840896087112588]","[0.0006927427285022557,-0.004070076539881386,-0.0009194936178521837,-0.002483969805357243]","[0.0014889263046850218,-0.000278362599686624,-0.008780308022439245,0.0008998801966459968]",0.010966498733430093,0.0049052003053476805,0.008955332523972178,1.346737965502395e-16,0.05238095238095235,4,4,neutral_bottleneck_mutable,14137
220,225,"[0.0,0.0,0.0,0.0]","[0.0,0.0,0.0,0.0]","[0.0,0.0,0.0,0.0]",0.0,0.0,0.0,0.0,0.0,4,4,neutral_bottleneck_mutable,14137
225,230,"[-0.006103098850976818,-0.004363939471706602,-0.0024119151444547127,0.016608000277412993]","[-0.002290489497711712,0.0011712953973078265,0.00013634809280425514,0.00037254820885627006]","[-0.0038126093532651496,-0.0055352348690144194,-0.0025482632372590226,0.016235452068556762]",0.018383002779092255,0.0026030094155065063,0.017755516453556847,7.999031722899888e-17,0.05416666666666668,4,4,neutral_bottleneck_mutable,14137
230,235,"[0.004699156892170042,0.005023906781919052,0.011391845934139277,0.0016281306034484078]","[0.00036144159710966065,0.0010961781049482248,0.005632808507070828,0.005019589942632506]","[0.004337715295060423,0.0039277286769707894,0.005759037427068434,-0.003391459339184095]",0.01340696378378387,0.007632631350680836,0.008883205225402252,5.869931039739981e-17,0.03676470588235292,4,4,neutral_bottleneck_mutable,14137
235,240,"[0.007639376318773872,0.00630181053304657,0.00171726457466298,-0.007167046842591174]","[0.003630064171755794,0.002663311251486629,-0.003502178086336596,-0.00420058661027158]","[0.004009312147017916,0.0036384992815599333,0.005219442660999613,-0.0029664602323196]",0.012344571462693563,0.00708383878502112,0.00808428901731834,1.6578241836397975e-16,0.032679738562091526,4,4,neutral_bottleneck_mutable,14137
240,245,"[0.0,0.0,0.0,0.0]","[0.0,0.0,0.0,0.0]","[0.0,0.0,0.0,0.0]",0.0,0.0,0.0,0.0,0.0,4,4,neutral_bottleneck_mutable,14137
245,250,"[0.0,0.0,0.0,0.0]","[0.0,0.0,0.0,0.0]","[0.0,0.0,0.0,0.0]",0.0,0.0,0.0,0.0,0.0,4,4,neutral_bottleneck_mutable,14137
250,255,"[-0.005196406463387815,-0.002577275508459209,-0.0026987652498388637,-0.0064409223893985845]","[0.0016438188641019747,0.00030384855585078235,-0.0024395267264050785,-0.0008072880752282692]","[-0.006840225327489804,-0.0028811240643100513,-0.0002592385234337644,-0.005633634314170338]",0.009078204904012474,0.0030655291693475295,0.009321727232793774,6.896480394356995e-17,0.043859649122807015,4,4,neutral_bottleneck_mutable,14137
255,260,"[-0.0028081735059111157,0.0026351940733898016,0.007211078217196021,-0.005152774182881237]","[-0.0006612916996135577,0.0018660775998464289,0.0035278418579386232,0.002060155644838942]","[-0.002146881806297572,0.0007691164735432743,0.003683236359257389,-0.007212929827720186]",0.009663375035566829,0.0045397645066910675,0.00841387119094762,1.000374961005347e-16,0.03508771929824561,4,4,neutral_bottleneck_mutable,14137
260,265,"[0.0,0.0,0.0,0.0]","[0.0,0.0,0.0,0.0]","[0.0,0.0,0.0,0.0]",0.0,0.0,0.0,0.0,0.0,4,4,neutral_bottleneck_mutable,14137
265,270,"[0.0,0.0,0.0,0.0]","[0.0,0.0,0.0,0.0]","[0.0,0.0,0.0,0.0]",0.0,0.0,0.0,0.0,0.0,4,4,neutral_bottleneck_mutable,14137
270,275,"[0.0,0.0,0.0,0.0]","[0.0,0.0,0.0,0.0]","[0.0,0.0,0.0,0.0]",0.0,0.0,0.0,0.0,0.0,4,4,neutral_bottleneck_mutable,14137
275,280,"[0.0,0.0,0.0,0.0]","[0.0,0.0,0.0,0.0]","[0.0,0.0,0.0,0.0]",0.0,0.0,0.0,0.0,0.0,4,4,neutral_bottleneck_mutable,14137
280,285,"[-0.010893622385465207,-0.009502002247132102,-0.00681247293661591,0.005633615817427384]","[0.003150368212823436,-0.0005489543016387421,-0.005431394167388435,-0.0033031275655329507]","[-0.014043990598288682,-0.008953047945493224,-0.0013810787692275124,0.008936743382960223]",0.016944216419536914,0.007115958474961806,0.01895160943821964,1.8350799983696795e-16,0.09523809523809523,4,4,neutral_bottleneck_mutable,14137
285,290,"[-0.007087383599928221,-0.0059255701909861624,-0.002676024958487566,-0.007605658062464105]","[0.0020833894508641643,-0.0015427997946330424,-0.001395318052145182,0.001866734223674535]","[-0.009170773050792329,-0.004382770396353151,-0.001280706906342406,-0.009472392286138616]",0.012261750793520838,0.0034860223663613858,0.013952712299002653,7.191783606045211e-17,0.06211180124223602,4,4,neutral_bottleneck_mutable,14137
290,295,"[-0.005556643273404882,-0.0037623145483658416,-5.621767831165414e-05,-0.004053578324206331]","[-0.001574595799989219,-0.0017142336163664305,0.0005435071927480172,1.0143701668405039e-05]","[-0.00398204747341566,-0.002048080931999452,-0.0005997248710597133,-0.004063722025874765]",0.007840022505487541,0.0023902827841234156,0.006076581622022622,6.522041576533433e-17,0.02717391304347827,4,4,neutral_bottleneck_mutable,14137
295,300,"[0.0,0.0,0.0,0.0]","[0.0,0.0,0.0,0.0]","[0.0,0.0,0.0,0.0]",0.0,0.0,0.0,0.0,0.0,4,4,neutral_bottleneck_mutable,14137
300,305,"[0.0021457854592967784,-0.0005479948878617247,0.0003984780269724042,0.013550760989040844]","[2.307045503681512e-05,4.437052895521932e-06,0.0020195915589722316,-0.0014433902617993187]","[0.0021227150042598016,-0.0005524319407572073,-0.001621113531999764,0.014994151250840278]",0.013736324171864286,0.0024824740575206416,0.015240199501817105,2.1171945134990854e-16,0.041666666666666685,4,4,neutral_bottleneck_mutable,14137
305,310,"[0.0014011916102060207,0.004076857973043968,0.0013941547530607612,-0.011125973756504481]","[-0.0005063184339464932,0.0015377235118679926,-0.000797101442576005,-0.0003181897799899507]","[0.001907510044152648,0.002539134461176125,0.002191256195636785,-0.010807783976514534]",0.012013120675610991,0.0018323666121582937,0.011475870188286216,2.0143064168210042e-16,0.03442028985507248,4,4,neutral_bottleneck_mutable,14137
310,315,"[0.0,0.0,0.0,0.0]","[0.0,0.0,0.0,0.0]","[0.0,0.0,0.0,0.0]",0.0,0.0,0.0,0.0,0.0,4,4,neutral_bottleneck_mutable,14137
315,320,"[0.008499440759770716,-0.0027801612686881305,-0.0013691773742525726,0.0033863937648801468]","[0.003978893301149392,-0.005103611399581624,-0.002018429472910924,-0.0009681293128635031]","[0.004520547458621434,0.0023234501308935767,0.0006492520986583739,0.004354523077743679]",0.009659818803774204,0.006847610760214984,0.0067243712983901084,1.4348218656879054e-16,0.029644268774703567,4,4,neutral_bottleneck_mutable,14137
320,325,"[0.0,0.0,0.0,0.0]","[0.0,0.0,0.0,0.0]","[0.0,0.0,0.0,0.0]",0.0,0.0,0.0,0.0,0.0,4,4,neutral_bottleneck_mutable,14137
325,330,"[0.0,0.0,0.0,0.0]","[0.0,0.0,0.0,0.0]","[0.0,0.0,0.0,0.0]",0.0,0.0,0.0,0.0,0.0,4,4,neutral_bottleneck_mutable,14137
330,335,"[0.0,0.0,0.0,0.0]","[0.0,0.0,0.0,0.0]","[0.0,0.0,0.0,0.0]",0.0,0.0,0.0,0.0,0.0,4,4,neutral_bottleneck_mutable,14137
335,339,"[0.0,0.0,0.0,0.0]","[0.0,0.0,0.0,0.0]","[0.0,0.0,0.0,0.0]",0.0,0.0,0.0,0.0,0.0,4,4,neutral_bottleneck_mutable,14137
179,180,"[0.0,0.0,0.0,0.0]","[0.0,0.0,0.0,0.0]","[0.0,0.0,0.0,0.0]",0.0,0.0,0.0,0.0,0.0,34,34,scarcity_mutable,14153
180,185,"[-0.0004346545790164802,-0.001518959335412906,-0.0005767809086599796,0.001068626756003499]","[-0.00036246836403884,-0.00027621080487191346,-0.00020244120674961155,-0.0003206230863323143]","[-7.218621497760775e-05,-0.0012427485305410095,-0.00037433970191041316,0.0013892498423357569]",0.00199268698644298,0.000592838366957201,0.0019025719688492559,8.093066315172037e-17,0.013153153153153154,34,34,scarcity_mutable,14153
185,190,"[0.002072018670371878,-0.005441240188164331,0.007312368575093264,0.0024259223330973523]","[0.00028421667134642523,-0.001277712729507574,0.0014746858296365982,0.0006105236998037028]","[0.00178780199902525,-0.004163527458656747,0.005837682745456808,0.0018153986332936742]",0.00965692443275271,0.002064162401452444,0.007609560363192874,2.484465305843868e-16,0.04864864864864864,34,32,scarcity_mutable,14153
190,195,"[4.0415273353633374e-05,-0.0024885532858423542,-0.002222967883533211,-0.0025903816778106714]","[-0.0004979615646396987,0.00024630219627347854,-0.0003564043249334326,0.0005187456708176057]","[0.0005383768379933138,-0.002734855482115775,-0.0018665635585999058,-0.0031091273486283143]",0.004224475624116487,0.0008394948514260344,0.004573840455900059,1.4577488298902738e-16,0.02731092436974789,32,31,scarcity_mutable,14153
195,200,"[0.004642409624531996,-0.0030014824005809015,0.0017025400812214486,-0.0016481578553439458]","[-2.6519116705971338e-05,0.00022167090252457716,-2.6002440316708194e-05,-0.0005307012638184515]","[0.004668928741238039,-0.003223153303105486,0.0017285425215381885,-0.001117456591525367]",0.006014643029078425,0.0005763342874563782,0.006035244923678534,1.496186427517219e-16,0.02896613190730838,31,30,scarcity_mutable,14153
200,205,"[2.2986252982137856e-05,-0.0002686319772857715,-0.001850997762669837,-0.001726232247762749]","[0.0,0.0,0.0,0.0]","[2.2986252982172686e-05,-0.000268631977285765,-0.0018509977626698234,-0.0017262322477626883]",0.0025453412340335426,0.0,0.002545341234033491,7.161297439076717e-17,0.015151515151515166,30,29,scarcity_mutable,14153
205,210,"[0.0035577703561316953,-0.0018735559119079648,0.004777814910486622,-0.004512978159964265]","[-0.0003169900468066518,-3.869861209518637e-05,0.000581319859596051,-5.5067549857759185e-05]","[0.0038747604029382714,-0.0018348572998128964,0.004196495050890614,-0.004457910610106548]",0.007704701736809639,0.0006655414987517203,0.0074742228499493505,1.526069922332891e-16,0.043176178660049594,29,28,scarcity_mutable,14153
210,215,"[0.0027587289144265226,0.0021368866017743016,-0.0024551522390489633,-0.0004544490976637894]","[-0.00031580460585221956,0.0001658670877188551,0.000514198262612892,0.00020119535426883938]","[0.0030745335202787714,0.0019710195140554437,-0.002969350501661767,-0.0006556444519326618]",0.004290823472412962,0.0006573612885767542,0.004752324309343187,9.859261473513741e-17,0.03172043010752689,28,27,scarcity_mutable,14153
215,220,"[0.003950921777255867,0.0001739317873636348,-0.003725454695577668,0.0025915236132575403]","[0.0027053723090952188,0.0010743723431701734,-1.62303383429911e-05,-0.00029294753913022473]","[0.0012455494681606143,-0.0009004405558065847,-0.0037092243572347727,0.0028844711523877205]",0.006019555007101711,0.002925644706240549,0.004943754224618889,1.2024481533099172e-16,0.05119047619047616,27,26,scarcity_mutable,14153
220,225,"[0.001507597237128122,-0.001662756702166035,0.0048298059132625415,-0.006043099546695074]","[-0.0003556463407661544,9.816997737821959e-05,-0.00046708035798800885,0.002158364997675525]","[0.001863243577894266,-0.0017609266795441262,0.005296886271250633,-0.008201464544370474]",0.008055041065757917,0.0022389339401080754,0.010094234207924045,1.9742532655645073e-16,0.07703081232492996,26,23,scarcity_mutable,14153
225,230,"[0.0006303166483928591,-0.0009222648686984525,0.00027880836357968564,-0.0036261330945083214]","[-0.00021210705978900237,-0.0004156304703891514,0.0007065640467115658,3.67535852294485e-05]","[0.0008424237081818767,-0.0005066343983092265,-0.00042775568313187283,-0.0036628866797376886]",0.003804529785396227,0.0008475385954992758,0.0038165520919684116,1.117870802247447e-16,0.01921568627450982,23,23,scarcity_mutable,14153
230,235,"[-0.0027905664091919524,-0.0002717320412659596,-0.0031212857460691246,0.0004946143359823019]","[-0.0003677244501474416,-0.0007212507499592147,0.001917869333949851,-0.00014210238622828938]","[-0.002422841959044599,0.0004495187086931288,-0.005039155080019029,0.0006367167222105213]",0.004224709130382178,0.0020865856766090355,0.005645416046032063,1.7744322511569386e-16,0.035833333333333314,23,22,scarcity_mutable,14153
235,240,"[0.0030300136002104905,0.0020439828215343403,0.0031529499368759817,-0.004686606099882307]","[0.0013697738676489697,0.00020397707685521776,0.0010561567599752177,0.00040878308042546074]","[0.0016602397325615752,0.0018400057446792187,0.0020967931769007788,-0.005095389180307778]",0.006727868773399814,0.001788982337771923,0.006041651234184565,1.1216499854425494e-16,0.05277777777777777,22,21,scarcity_mutable,14153
240,245,"[0.0036324989311169453,-4.462731671467379e-05,0.0017607463932314271,0.0007812534794358061]","[0.0027024788276646715,-0.0009941096947290592,0.0015451115600178039,-0.00016539767299774593]","[0.0009300201034521853,0.0009494823780143453,0.00021563483321356122,0.0009466511524335031]",0.00411188824536501,0.003272059293818473,0.0016459346781338893,1.2523562930007307e-16,0.06720867208672089,21,20,scarcity_mutable,14153
245,250,"[0.006301765855695973,-0.0004153158593391826,0.0021514414500821144,-0.01048074665314519]","[0.00025253983490607134,0.0007741173496246014,-7.50012329576164e-05,0.0001091828160272701]","[0.006049226020789916,-0.0011894332089637566,0.0022264426830397575,-0.010589929469172464]",0.012424149503429995,0.0008249727943787058,0.012454378346272298,4.109912848659439e-17,0.08437705998681613,20,18,scarcity_mutable,14153
250,255,"[0.0006197081333954024,0.002799940770204179,0.0018411823547990203,-0.0009557703483091262]","[-2.8830180748905043e-05,-0.0003221170037017719,0.0001804006967659991,0.001600539484149176]","[0.0006485383141442036,0.0031220577739059178,0.001660781658032998,-0.002556309832458361]",0.0035393722479527636,0.0016428212304173545,0.00441143540853785,1.2596077743007442e-16,0.02552552552552549,18,18,scarcity_mutable,14153
255,260,"[0.0057747816371501726,0.0009058742755515548,-0.00446934897936907,-0.00394707394078464]","[0.0003887031596225941,-0.0011461306022781566,0.0006355244380113888,0.0018503399155404873]","[0.00538607847752759,0.0020520048778297456,-0.005104873417380441,-0.005797413856325172]",0.008350040967161862,0.0023005118165597732,0.009637961683556932,5.982438566577654e-17,0.07323232323232326,18,16,scarcity_mutable,14153
260,265,"[-0.0016254467574262632,-0.00144297313892916,-0.0025365568933326532,0.0035049091438104085]","[0.0008872936625272244,-0.0002020944542768634,0.00035936450464406236,0.0015277418112891277]","[-0.002512740419953521,-0.0012408786846523218,-0.0028959213979767133,0.0019771673325213353]",0.004841772157007994,0.001814185795658619,0.0044887855520331565,6.883650737754403e-17,0.048875855327468215,16,16,scarcity_mutable,14153
265,270,"[0.004027411676219894,-0.01287803963086892,-0.0006122779343175067,0.005193176443330616]","[-0.0001291338919731802,-0.007175940448515561,-0.0010722700184994955,0.0024983927617198095]","[0.004156545568193157,-0.005702099182353367,0.00045999208418196413,0.0026947836816107987]",0.014470933466241872,0.007674798125493901,0.007567315108679367,8.665916125509927e-17,0.076036866359447,16,15,scarcity_mutable,14153
270,275,"[0.005947745388610426,-0.010927052562826611,0.0006481718082128052,-0.011002692808598169]","[9.037525308359918e-05,-0.001149256895400192,0.0006842551542903612,0.00038397599486804347]","[0.005857370135526882,-0.009777795667426458,-3.608334607751659e-05,-0.011386668803466225]",0.016620936455322,0.0013944897915734778,0.01611122594547668,7.901208412575301e-17,0.13095238095238096,15,13,scarcity_mutable,14153
275,280,"[-0.0029521348773282607,0.0002460967741768627,0.00443435403446496,0.006764697407312614]","[-0.0002995173745672676,-0.0009730713570891727,-0.0020839662624690765,-0.0008981955642918277]","[-0.0026526175027609686,0.0012191681312659804,0.006518320296934143,0.007662892971604416]",0.008613959059089836,0.0024872171554727344,0.010475265091439758,1.2522868327402515e-16,0.07196969696969698,13,13,scarcity_mutable,14153
280,285,"[0.010729670902410393,-0.0013204804591482322,0.003915066436275039,-0.0002235659815307267]","[0.001453988319178122,-0.0004318907930283122,9.164119166867252e-05,-0.0003032752657083495]","[0.00927568258323239,-0.0008885896661199426,0.0038234252446063786,7.970928417763701e-05]",0.01149987970656953,0.001549511434036538,0.010072378723553503,1.2154254531253363e-16,0.11483253588516745,13,11,scarcity_mutable,14153
285,290,"[-0.006033405316727469,-0.010176643257370499,-0.006730964842108389,0.01264908529812725]","[0.0024433742384727055,-0.002610213992256938,0.002838642499831957,0.006827483627689347]","[-0.008476779555200185,-0.00756642926511354,-0.009569607341940397,0.005821601670437937]",0.01858147718263265,0.008213143045316104,0.01595540893050353,6.606199623563352e-17,0.11842105263157895,11,10,scarcity_mutable,14153
290,295,"[0.00815014763656896,-0.006247501318680959,0.005728291283932152,0.007983835901495318]","[0.0,0.0,0.0,0.0]","[0.00815014763656901,-0.006247501318680995,0.005728291283932109,0.007983835901495323]",0.014213062159871444,0.0,0.014213062159871474,7.437595293790607e-17,0.0625,10,9,scarcity_mutable,14153
295,300,"[0.0,0.0,0.0,0.0]","[0.0,0.0,0.0,0.0]","[0.0,0.0,0.0,0.0]",0.0,0.0,0.0,0.0,0.0,9,9,scarcity_mutable,14153
300,305,"[0.025499720148008054,0.003908228529111046,0.009719535883495334,-0.012152451157794397]","[0.001287645914682975,-0.0009964485272226696,-0.00011321836373114432,-0.00025441185597516224]","[0.024212074233325026,0.00490467705633377,0.009832754247226532,-0.011898039301819194]",0.030127419816433288,0.0016518127797515878,0.029129483191793055,1.0112113675429574e-16,0.1230769230769231,9,8,scarcity_mutable,14153
305,310,"[0.01230779546518146,0.0052748422601504585,0.007958570064154236,-0.021534184674111223]","[0.0,0.0,0.0,0.0]","[0.012307795465181423,0.005274842260150401,0.007958570064154196,-0.0215341846741112]",0.026577541969245184,0.0,0.02657754196924512,8.237653663772775e-17,0.07692307692307689,8,7,scarcity_mutable,14153
310,315,"[0.0073660331517300115,0.0035985477800559162,0.02153705633365738,0.02211834672156532]","[0.005106090845662425,0.002133436589597156,0.0008890033504117841,0.0073775023199937895]","[0.002259942306067582,0.0014651111904588204,0.020648052983245724,0.014740844401571545]",0.03194172894087359,0.009265073277883272,0.02551251605971915,1.4569418268587347e-16,0.15000000000000002,7,6,scarcity_mutable,14153
315,320,"[-0.003110731840015979,0.003495027953012153,-0.00801739396447898,0.012865194700375893]","[-0.005250856005254488,-0.0008694171512635292,-0.0004383062267915633,-0.0013975383584077822]","[0.002140124165238467,0.004364445104275659,-0.007579087737687496,0.014262733058783592]",0.01586454265439346,0.00552019934264096,0.016867028124496523,1.2483080257970187e-16,0.07777777777777774,6,6,scarcity_mutable,14153
320,325,"[0.0,0.0,0.0,0.0]","[0.0,0.0,0.0,0.0]","[0.0,0.0,0.0,0.0]",0.0,0.0,0.0,0.0,0.0,6,6,scarcity_mutable,14153
325,330,"[0.0,0.0,0.0,0.0]","[0.0,0.0,0.0,0.0]","[0.0,0.0,0.0,0.0]",0.0,0.0,0.0,0.0,0.0,6,6,scarcity_mutable,14153
330,335,"[0.0,0.0,0.0,0.0]","[0.0,0.0,0.0,0.0]","[0.0,0.0,0.0,0.0]",0.0,0.0,0.0,0.0,0.0,6,6,scarcity_mutable,14153
335,339,"[0.0,0.0,0.0,0.0]","[0.0,0.0,0.0,0.0]","[0.0,0.0,0.0,0.0]",0.0,0.0,0.0,0.0,0.0,6,6,scarcity_mutable,14153
179,180,"[0.002019735736992434,0.0072031252899038,0.007357755540235822,0.00971686854499798]","[0.002874520942627925,0.0019250721783580789,0.0001653064614557658,-0.0194715244156428]","[-0.0008547852056357283,0.00527805311154559,0.007192449078780069,0.029188392960640786]",0.01430099462624814,0.019777167715238384,0.0305332951017688,2.7137786128043157e-16,0.7066666666666669,34,7,neutral_bottleneck_mutable,14153
180,185,"[0.021178553319818105,0.00012438397266384404,0.004459209959333299,-0.01723058603699129]","[0.004125112411835059,0.0015042129739806875,-0.0014176015392082359,-0.002349807097661829]","[0.017053440907983025,-0.0013798290013168138,0.005876811498541577,-0.014880778939329401]",0.027664494225136498,0.005177875684250728,0.023424309383747555,8.336182257870286e-17,0.12121212121212119,7,7,neutral_bottleneck_mutable,14153
185,190,"[-0.011308873254476492,0.005394550118783981,-0.003465213759668462,-0.014976785753206712]","[-0.0022967082674133586,0.0015903491508807764,0.0030687129681201326,-0.0032875378720031625]","[-0.009012164987063151,0.0038042009679032157,-0.006533926727788636,-0.011689247881203546]",0.019831883500251234,0.005294240628067054,0.01658378054819151,4.623330971859194e-17,0.07575757575757577,7,7,neutral_bottleneck_mutable,14153
190,195,"[0.009158376287925263,-0.004094861109710635,0.0046924165188544364,-0.012350151013472865]","[0.003611284505235492,0.0007601600715367217,-0.00265776355865485,0.0004949707589168894]","[0.00554709178268983,-0.004855021181247298,0.007350180077509309,-0.012845121772389721]",0.01658881389916275,0.00457470461319735,0.01653371580847089,9.311119167576294e-17,0.05769230769230766,7,7,neutral_bottleneck_mutable,14153
195,200,"[-0.006288846651023472,-0.01188220151069036,-0.008938503342638182,0.017691507020102137]","[8.994856229875422e-05,-0.0025131124758643922,-0.002227655346629381,-0.001372366929045899]","[-0.006378795213322302,-0.009369089034826028,-0.006710847996008849,0.01906387394914805]",0.02395041894392285,0.003629003222857512,0.023171871493052575,1.0983690428204524e-16,0.06593406593406598,7,7,neutral_bottleneck_mutable,14153
200,205,"[0.0028094851787456854,0.0001550630351652149,-0.005597164115762665,0.010163379057274435]","[0.006217836903830294,-0.0005214973041837156,-0.00010153937896362208,0.002156342889823756]","[-0.0034083517250845263,0.0006765603393489588,-0.005495624736799027,0.008007036167450642]",0.011939002115549362,0.006602543457250286,0.010314509916096193,9.598563748343235e-17,0.057142857142857134,7,7,neutral_bottleneck_mutable,14153
205,210,"[0.0035448072412249676,0.012597287570291993,0.0037158743154189766,0.014363339472838355]","[0.0005692451275242118,-0.00029842075181798014,0.0002135499251914232,0.003996989455636981]","[0.0029755621137006853,0.012895708322109931,0.0035023243902275805,0.010366350017201383]",0.019783087606490068,0.004053963892210701,0.017172092238132788,8.641465403973852e-17,0.09411764705882353,7,7,neutral_bottleneck_mutable,14153
210,215,"[-0.0015537506096408027,-0.00012731832375401098,-0.004769826706768232,-0.010451092295996223]","[0.004161436156810249,-0.002488119432233234,-0.0014234286246549656,-0.0009019240794352961]","[-0.005715186766451023,0.0023608011084791892,-0.003346398082113317,-0.009549168216560946]",0.011593400187371856,0.005133021068612189,0.011858403577268018,7.019738113809539e-17,0.04901960784313728,7,7,neutral_bottleneck_mutable,14153
215,220,"[-0.001114413953286264,-0.0029976236296789804,0.004488953314991162,-0.005262930982475711]","[-0.004548508978222306,5.361455364215899e-05,-0.0007378930604834365,0.004140217619830726]","[0.0034340950249360665,-0.003051238183321153,0.005226846375474625,-0.009403148602306424]",0.007620814278996818,0.006194973490951966,0.011697956648984346,4.047429959006011e-17,0.04093567251461988,7,7,neutral_bottleneck_mutable,14153
220,225,"[0.0,0.0,0.0,0.0]","[0.0,0.0,0.0,0.0]","[0.0,0.0,0.0,0.0]",0.0,0.0,0.0,0.0,0.0,7,7,neutral_bottleneck_mutable,14153
225,230,"[0.0007815875064550726,0.0007639254042494659,-0.00389465098973385,0.0073830867721561]","[0.0022241829590630194,0.0007379716102604753,0.0001215791980248857,0.0013054693035641032]","[-0.001442595452608004,2.595379398897483e-05,-0.004016230187758738,0.0060776174685919625]",0.008418594756283593,0.0026852604225432748,0.007426257082468023,6.880926479013964e-17,0.04210526315789472,7,7,neutral_bottleneck_mutable,14153
230,235,"[-0.00625436878385599,4.2082648312402604e-05,-0.0021504247743853178,0.017382723119578558]","[-0.0001359906482581441,-0.0002535701485417379,-0.0015997777884790762,0.0011046351850238813]","[-0.006118378135597815,0.00029565279685416293,-0.0005506469859062647,0.016278087934554628]",0.018598448580351597,0.001965273299352764,0.017401187330025204,6.622984549977367e-17,0.07272727272727272,7,7,neutral_bottleneck_mutable,14153
235,240,"[0.008742471068331703,0.00221543738432195,-0.00554508325955505,0.005336156764976507]","[0.004630363075923144,0.00015391977559929852,-0.0014071241773498488,-0.00045042685332135376]","[0.004112107992408626,0.0020615176087226883,-0.00413795908220517,0.005786583618297856]",0.011855862708393276,0.004862801282477872,0.008471513579630382,8.189222387237538e-17,0.056818181818181795,7,7,neutral_bottleneck_mutable,14153
240,245,"[-0.0021804662971599553,-0.010040867049050106,-0.0012249453198084903,-0.0026917030552411347]","[-0.000492248795267408,-0.0018388732303030637,-0.0015662601066941853,-0.0032045815054302356]","[-0.001688217501892594,-0.008201993818747061,0.00034131478688567696,0.0005128784501891408]",0.010692015747456875,0.004043052928213361,0.00839656602575581,6.688569653042018e-17,0.051282051282051266,7,7,neutral_bottleneck_mutable,14153
245,250,"[-0.0012781832494811463,0.0029522806496110054,-0.0027551975814581464,-0.005532663784054814]","[0.0016610708569691668,0.0012140189283691952,-0.0007133700125757238,0.001243375272633615]","[-0.0029392541064503946,0.0017382617212417482,-0.002041827568882451,-0.0067760390566884866]",0.006967868807145146,0.00250756399594307,0.007857768998426719,1.20788491687801e-16,0.032763532763532804,7,7,neutral_bottleneck_mutable,14153
250,255,"[0.0,0.0,0.0,0.0]","[0.0,0.0,0.0,0.0]","[0.0,0.0,0.0,0.0]",0.0,0.0,0.0,0.0,0.0,7,7,neutral_bottleneck_mutable,14153
255,260,"[0.0,0.0,0.0,0.0]","[0.0,0.0,0.0,0.0]","[0.0,0.0,0.0,0.0]",0.0,0.0,0.0,0.0,0.0,7,7,neutral_bottleneck_mutable,14153
260,265,"[-0.0026395373390935006,0.005048085958321069,0.0008597408158312336,0.0035282790453177726]","[-0.002913686352449004,0.001047413821806664,-0.0032023896794536807,0.0025465517147716115]","[0.00027414901335556276,0.004000672136514444,0.004062130495285011,0.0009817273305462344]",0.006755607781621265,0.00513097156195948,0.005791824232284052,1.40337145732414e-16,0.04814814814814816,7,7,neutral_bottleneck_mutable,14153
265,270,"[-0.0024500399215438007,-0.0027765676097947223,0.0005687430182970132,-0.004745384594804114]","[-0.003766017642729642,-0.0011367663616478462,-0.00013667204403614778,-0.0017056186467107343]","[0.0013159777211858683,-0.0016398012481468457,0.0007054150623331161,-0.0030397659480934035]",0.006046004207936455,0.004289864900198302,0.0037627826040626004,6.518535080505721e-17,0.03541666666666665,7,7,neutral_bottleneck_mutable,14153
270,275,"[-0.004238584217654662,-0.0025797592965935423,-0.0029817016480682135,0.0029935426240235152]","[-0.0029489558655420383,-0.0022773134199772223,-0.0007332578064298291,3.987475704379979e-05]","[-0.0012896283521125701,-0.00030244587661628925,-0.0022484438416383785,0.002953667866979733]",0.006517100302929998,0.0037975984670134267,0.003941353621826508,6.46359107800801e-17,0.023674242424242417,7,7,neutral_bottleneck_mutable,14153
275,280,"[0.0016938722432696673,-0.0048843779118958874,-0.0034374818544261054,-0.0029258967839156935]","[0.0006092579462834322,0.00033159410116035076,-0.0009096232276459043,0.0012613867760287842]","[0.0010846142969861104,-0.0052159720130562255,-0.002527858626780146,-0.004187283559944461]",0.006863199272378209,0.0017028390728565895,0.007232300122546108,1.380204270079603e-16,0.0274621212121212,7,7,neutral_bottleneck_mutable,14153
280,285,"[0.0,0.0,0.0,0.0]","[0.0,0.0,0.0,0.0]","[0.0,0.0,0.0,0.0]",0.0,0.0,0.0,0.0,0.0,7,7,neutral_bottleneck_mutable,14153
285,290,"[-0.003475625572386898,-0.0017548766155834894,-7.438054097796964e-05,-0.0007298835382560931]","[0.0003697493737020239,-8.501001657692885e-05,-0.000644025746389779,0.0007738674028504917]","[-0.003845374946088824,-0.0016698665990065736,0.0005696452054118023,-0.001503750941106614]",0.003962048396933703,0.001075909485727738,0.004490114195364422,1.0332406885162349e-16,0.028225806451612892,7,7,neutral_bottleneck_mutable,14153
290,295,"[0.0027995953447333966,-0.0017335718299807956,0.0019576342158598714,0.004928114060230748]","[0.0009179027990085622,0.00015495480833867993,0.00032067071858854886,-0.0008563945130269924]","[0.001881692545724827,-0.0018885266383194981,0.0016369634972712745,0.005784508573257746]",0.006241926409186923,0.001304912952176453,0.00657628227996409,5.391963156403934e-17,0.029032258064516137,7,7,neutral_bottleneck_mutable,14153
295,300,"[-0.0038462674782504536,0.0029061730435638866,-0.004522519474067066,0.0031397909759226517]","[0.00012729514345620192,-0.00016397330158162508,0.00043865070068628277,0.002428918051134913]","[-0.003973562621706644,0.003070146345145552,-0.004961170174753263,0.0007108729247877572]",0.007317860687331076,0.00247692321914118,0.007094614035117935,9.733986184968639e-17,0.033333333333333326,7,7,neutral_bottleneck_mutable,14153
300,305,"[0.0,0.0,0.0,0.0]","[0.0,0.0,0.0,0.0]","[0.0,0.0,0.0,0.0]",0.0,0.0,0.0,0.0,0.0,7,7,neutral_bottleneck_mutable,14153
305,310,"[0.0025769879812947982,0.0037419084829568017,0.0017343029503803509,-0.007520269396978918]","[-0.0006410096843441441,-0.00157584932691064,-0.0011646167534586514,-0.000673059132815439]","[0.0032179976656389634,0.005317757809867476,0.00289891970383896,-0.006847210264163487]",0.008955724687449785,0.002168763540649496,0.00969134051364598,5.931646205824517e-17,0.029885057471264364,7,7,neutral_bottleneck_mutable,14153
310,315,"[0.0028653188645537675,0.0032305494426028147,0.0039558338563345785,-0.0012626454980803614]","[-0.0024106276803549202,0.0010019688947064491,0.0009872536755873836,-0.002256784780683517]","[0.0052759465449086045,0.0022285805478963515,0.0029685801807471644,0.0009941392826030965]",0.005990775997265676,0.0035892638305839476,0.006527094637427476,1.0736032473556929e-16,0.05561735261401558,7,7,neutral_bottleneck_mutable,14153
315,320,"[0.003016234708073995,-0.0019534530202797162,0.006428102193493657,-0.0005073649214795695]","[0.0005193726616062732,-0.002669429473864195,0.00010433012466554706,0.0003611379853800266]","[0.002496862046467715,0.0007159764535844878,0.006323772068828153,-0.0008685029068595624]",0.007381840386392549,0.002745342801355767,0.0068913955654056735,5.604937254296055e-17,0.056695992179863125,7,7,neutral_bottleneck_mutable,14153
320,325,"[0.0,0.0,0.0,0.0]","[0.0,0.0,0.0,0.0]","[0.0,0.0,0.0,0.0]",0.0,0.0,0.0,0.0,0.0,7,7,neutral_bottleneck_mutable,14153
325,330,"[0.0,0.0,0.0,0.0]","[0.0,0.0,0.0,0.0]","[0.0,0.0,0.0,0.0]",0.0,0.0,0.0,0.0,0.0,7,7,neutral_bottleneck_mutable,14153
330,335,"[-0.0022101708030221046,-0.004859450155463241,-0.003656683190718768,0.00843115527919941]","[0.0007743377080053397,4.054679744726156e-05,-0.0005882844308452694,0.002138259399452892]","[-0.002984508511027408,-0.004899996952910525,-0.0030683987598734983,0.006292895879746441]",0.010628020610218083,0.002349356243685869,0.009051677783364277,8.735198297724919e-17,0.02673796791443852,7,7,neutral_bottleneck_mutable,14153
335,339,"[-0.0015351272745616207,0.0008488034102638875,-0.003335398661185096,0.007112855178186328]","[0.0005071553568474387,-0.0002824143506625171,-0.0004454478961789911,0.001241931688507154]","[-0.0020422826314089996,0.0011312177609264624,-0.0028899507650060182,0.005870923489679231]",0.008049514022179599,0.0014414515491572044,0.006947670833813054,1.3312205853762973e-16,0.02406417112299466,7,7,neutral_bottleneck_mutable,14153
179,180,"[0.0,0.0,0.0,0.0]","[0.0,0.0,0.0,0.0]","[0.0,0.0,0.0,0.0]",0.0,0.0,0.0,0.0,0.0,26,26,scarcity_mutable,14173
180,185,"[0.0,0.0,0.0,0.0]","[0.0,0.0,0.0,0.0]","[0.0,0.0,0.0,0.0]",0.0,0.0,0.0,0.0,0.0,26,26,scarcity_mutable,14173
185,190,"[0.0,0.0,0.0,0.0]","[0.0,0.0,0.0,0.0]","[0.0,0.0,0.0,0.0]",0.0,0.0,0.0,0.0,0.0,26,26,scarcity_mutable,14173
190,195,"[0.0024142415377054194,-0.003209765107791307,0.0023629433510294895,-0.003009363976107182]","[0.0008297065045673105,0.000704099367313192,-0.0008530325320497885,-9.025519307046866e-06]","[0.0015845350331381248,-0.003913864475104485,0.0032159758830793313,-0.003000338456800158]",0.00554715486266995,0.0013827200597034011,0.006097017150757309,6.177631374244991e-17,0.05154986522911052,26,24,scarcity_mutable,14173
195,200,"[0.005474167310690503,-0.003224993490922645,0.001864755015448194,-0.003628138444379758]","[0.0,0.0,0.0,0.0]","[0.005474167310690465,-0.003224993490922639,0.0018647550154481996,-0.0036281384443800054]",0.007550350362807774,0.0,0.007550350362807864,2.5026392413545478e-16,0.05660377358490567,24,21,scarcity_mutable,14173
200,205,"[0.0,0.0,0.0,0.0]","[0.0,0.0,0.0,0.0]","[0.0,0.0,0.0,0.0]",0.0,0.0,0.0,0.0,0.0,21,21,scarcity_mutable,14173
205,210,"[8.796531433707955e-05,-0.0018436920998686213,0.0005609194154731489,0.0009693859245365477]","[0.0003252660131510139,2.0114133187610703e-06,0.0002810456767201705,7.091068819527587e-05]","[-0.0002373006988138473,-0.0018457035131873262,0.00027987373875290735,0.0008984752363413]",0.002158999332327063,0.0004356799550106944,0.0020853105620534476,1.2879066884368815e-16,0.01959183673469386,21,21,scarcity_mutable,14173
210,215,"[0.006304062420362744,0.0015615628553373728,-0.0004173086682695559,-0.001374805053585837]","[0.0010899692029734621,0.00019549574997556563,5.105802791500015e-05,-0.0005303003380959052]","[0.005214093217389246,0.0013660671053618175,-0.0004683666961844479,-0.0008445047154899916]",0.006651610106656677,0.0012288518309740656,0.005475898373103332,1.2906688027499877e-16,0.03734259661311334,21,20,scarcity_mutable,14173
215,220,"[-0.003015749517799704,-0.004311662003703809,-0.00970584716047701,-0.003461489300896292]","[0.00016766502312148723,-2.4303894645584477e-05,0.00027450569800918076,3.2134746772429534e-06]","[-0.003183414540921279,-0.004287358109058297,-0.009980352858486094,-0.0034647027755734684]",0.011570244235583423,0.0003225925354565436,0.011837532521501895,1.6395201864912615e-16,0.04932301740812381,20,19,scarcity_mutable,14173
220,225,"[0.0017330638863007897,0.00010294263187871078,-0.0022752151659616304,-0.0014594806608885236]","[0.0,0.0,0.0,0.0]","[0.0017330638863008061,0.00010294263187870097,-0.002275215165961695,-0.0014594806608885257]",0.0032125994880139543,0.0,0.00321259948801401,6.743966289582407e-17,0.02272727272727271,19,18,scarcity_mutable,14173
225,230,"[0.0004204475125021423,0.0013167174335136367,-0.0034547396612207293,0.0036929513780664114]","[0.0002104442682129731,0.0010421964423215212,-0.0016298817136318066,0.001899675943177744]","[0.0002100032442892046,0.0002745209911920474,-0.0018248579475888995,0.0017932754348886613]",0.005242483850052578,0.002719511592902471,0.0025817448463143185,8.046345266211148e-17,0.05930232558139537,18,17,scarcity_mutable,14173
230,235,"[0.00044052761031809773,0.0005208088116647747,-0.0015900575134967787,0.00030800541180320273]","[0.0020028310883631046,-0.000651312990850237,-0.0019419442407111282,-0.0013023272872242707]","[-0.0015623034780449729,0.0011721218025149793,0.0003518867272143544,0.0016103326990275079]",0.0017574005302400098,0.0031468626880822217,0.002555710732416568,5.84323616791108e-17,0.021794871794871766,17,17,scarcity_mutable,14173
235,240,"[-0.006123946257592605,-0.0024267456807595678,0.0014587582886397832,-0.001158722122258038]","[0.0007979360900698336,8.391228491454899e-05,-0.0028089869344256535,0.0015690760102599456]","[-0.006921882347662373,-0.0025106579656741217,0.004267745223065368,-0.002727798132517998]",0.0068456135639001076,0.003316044390405957,0.008937023587092563,9.629375638317541e-17,0.0641025641025641,17,16,scarcity_mutable,14173
240,245,"[0.006762587077784543,-0.0017802456140375011,-0.004049239763282031,0.012030172121310467]","[-0.0029618144944340173,-0.0015192444875092974,0.0018311307720667383,0.002852119079179034]","[0.009724401572218561,-0.00026100112652818275,-0.005880370535348807,0.009178053042131502]",0.01449217866160289,0.004750586496264815,0.014609843353129886,8.194187422600815e-17,0.0896057347670251,16,16,scarcity_mutable,14173
245,250,"[0.0017349897662946034,-0.0003985330116045849,0.0007218031231133737,-0.00012395879463567017]","[0.0,0.0,0.0,0.0]","[0.0017349897662946368,-0.0003985330116045326,0.0007218031231134029,-0.0001239587946355791]",0.0019249372929499215,0.0,0.0019249372929499456,1.1397791041762874e-16,0.032258064516129045,16,15,scarcity_mutable,14173
250,255,"[-0.008367157008555282,0.0027143939747706347,0.0008418335091664453,0.0017606999635756404]","[-0.000695995040643018,-0.0001996876754467035,-4.3075741418110395e-05,-0.000257700989500273]","[-0.00767116196791233,0.0029140816502172782,0.0008849092505845047,0.002018400953075927]",0.009010327356704508,0.0007697724233909161,0.008496799667593997,1.0346288598382568e-16,0.054761904761904734,15,15,scarcity_mutable,14173
255,260,"[0.0060439303445734005,0.004677298822078957,0.011242905866134745,0.004425457859101589]","[0.0005631591426619176,0.0018776413914866807,-0.0007465526510646495,0.0001940827872084286]","[0.0054807712019115055,0.0027996574305922967,0.011989458517199361,0.004231375071893239]",0.014296636942250699,0.002106583585830383,0.014125458761790959,9.01221819939217e-17,0.06593406593406598,15,15,scarcity_mutable,14173
260,265,"[0.004664327795523504,0.004268473712637999,0.006365469947973046,-0.003323587463419264]","[0.0018610795644199746,-0.001881042779209249,0.0012620561858637885,-0.0013860669672939286]","[0.0028032482311034683,0.006149516491847261,0.00510341376210929,-0.0019375204961254913]",0.009567719838348135,0.0032428238522030977,0.008687552672006027,1.7076290915574766e-16,0.06730769230769226,15,15,scarcity_mutable,14173
265,270,"[0.006476621634381341,0.00473398931268143,0.003943358705957578,0.0009099942055545429]","[0.0,0.0,0.0,0.0]","[0.006476621634381246,0.004733989312681487,0.0039433587059576475,0.0009099942055544826]",0.00898529075464521,0.0,0.008985290754645197,1.434067947013184e-16,0.04166666666666668,15,14,scarcity_mutable,14173
270,275,"[-0.013264241877086413,-0.007351356948973542,-0.010748142511215919,-0.012109138651125395]","[0.006163391111672915,-0.0008586091144678826,-0.0041783342840732655,-0.002998088690928967]","[-0.01942763298875925,-0.006492747834505586,-0.006569808227142668,-0.009111049960196408]",0.022184146769228252,0.00807289370641248,0.023361556230419026,1.1091382925394592e-16,0.12814645308924483,14,14,scarcity_mutable,14173
275,280,"[0.01401912487812551,0.004898991452343182,0.006325318036612404,-0.00016431125324928297]","[0.003639455900334823,-0.000711741608347924,0.0009261413644159355,-0.0003374558229533763]","[0.010379668977790722,0.005610733060691115,0.005399176672196486,0.00017314456970419535]",0.016142262110709505,0.00383716426894432,0.012976861768025894,1.0949266432099391e-16,0.15438596491228068,14,13,scarcity_mutable,14173
280,285,"[0.007150030849941591,-0.0030928089233641654,-0.0015292204276211585,0.017583652616094014]","[0.0,0.0,0.0,0.0]","[0.007150030849941655,-0.0030928089233641315,-0.0015292204276211837,0.017583652616094077]",0.019292790431435294,0.0,0.01929279043143537,9.897809838191987e-17,0.1333333333333334,13,11,scarcity_mutable,14173
285,290,"[-0.005229058112869778,0.005848015466309642,0.0008548505154332697,0.012238085015987943]","[-0.002334209878909719,-2.879312536701118e-05,-0.0029509713610130226,0.005927408306865205]","[-0.0028948482339601666,0.005876808591676542,0.0038058218764462763,0.006310676709122693]",0.014561724757193124,0.007020809498389897,0.009860321810324762,1.6181876330919501e-16,0.07051282051282046,11,11,scarcity_mutable,14173
290,295,"[0.0021590479913971006,-0.009973726971930497,-0.005879633692005615,-0.021062954678275958]","[0.0,0.0,0.0,0.0]","[0.0021590479913972597,-0.00997372697193048,-0.00587963369200557,-0.021062954678276034]",0.024132029961672193,0.0,0.024132029961672255,1.8301178518938446e-16,0.08333333333333337,11,10,scarcity_mutable,14173
295,300,"[0.021940157325145204,-0.009706513909263303,0.0009825913898025562,-0.002171693981145084]","[-0.0007960800976239082,0.00029063996325251923,0.0057036433256533944,-0.0033508077486367996]","[0.02273623742276911,-0.009997153872515874,-0.004721051935850859,0.001179113767491722]",0.024109513813221135,0.006669158482497417,0.025309251635577363,5.483105280462051e-17,0.1616161616161616,10,9,scarcity_mutable,14173
300,305,"[0.0,0.0,0.0,0.0]","[0.0,0.0,0.0,0.0]","[0.0,0.0,0.0,0.0]",0.0,0.0,0.0,0.0,0.0,9,9,scarcity_mutable,14173
305,310,"[-0.000564051997089865,0.007103694043647746,0.006997968452750081,0.004486939556782865]","[0.0,0.0,0.0,0.0]","[-0.0005640519970899977,0.007103694043647815,0.006997968452750131,0.004486939556782908]",0.01094919233428136,0.0,0.01094919233428146,1.6359371339735924e-16,0.11111111111111113,9,8,scarcity_mutable,14173
310,315,"[0.009170327220619612,0.044086836842453236,0.005276282530749243,0.01755332359061862]","[0.0,0.0,0.0,0.0]","[0.00917032722061965,0.04408683684245321,0.005276282530749243,0.01755332359061859]",0.04861792272945839,0.0,0.04861792272945836,5.4746949467094836e-17,0.24999999999999994,8,6,scarcity_mutable,14173
315,320,"[0.0,0.0,0.0,0.0]","[0.0,0.0,0.0,0.0]","[0.0,0.0,0.0,0.0]",0.0,0.0,0.0,0.0,0.0,6,6,scarcity_mutable,14173
320,325,"[0.010191074553600687,-0.0002358932068797226,0.05404658868198142,0.021307012273421855]","[0.0,0.0,0.0,0.0]","[0.010191074553600701,-0.00023589320687977117,0.054046588681981464,0.021307012273421886]",0.058982507291070047,0.0,0.0589825072910701,7.252720979472214e-17,0.16666666666666669,6,5,scarcity_mutable,14173
325,330,"[0.0,0.0,0.0,0.0]","[0.0,0.0,0.0,0.0]","[0.0,0.0,0.0,0.0]",0.0,0.0,0.0,0.0,0.0,5,5,scarcity_mutable,14173
330,335,"[0.0,0.0,0.0,0.0]","[0.0,0.0,0.0,0.0]","[0.0,0.0,0.0,0.0]",0.0,0.0,0.0,0.0,0.0,5,5,scarcity_mutable,14173
335,339,"[0.0,0.0,0.0,0.0]","[0.0,0.0,0.0,0.0]","[0.0,0.0,0.0,0.0]",0.0,0.0,0.0,0.0,0.0,5,5,scarcity_mutable,14173
179,180,"[0.015078171903622484,-0.05218318944163536,-0.07476759049406473,-0.02741545611262053]","[-0.0013548634313387225,-0.017214057986807724,0.015135865136510976,-0.016673529328494453]","[0.016433035334961238,-0.034969131454827544,-0.08990345563057556,-0.010741926784126117]",0.09639624655767451,0.02837711121642883,0.0984423949849834,1.8479487364755596e-16,0.6785714285714287,26,4,neutral_bottleneck_mutable,14173
180,185,"[0.0,0.0,0.0,0.0]","[0.0,0.0,0.0,0.0]","[0.0,0.0,0.0,0.0]",0.0,0.0,0.0,0.0,0.0,4,4,neutral_bottleneck_mutable,14173
185,190,"[0.00345962108235931,-0.0046934961371662975,0.029197114130058655,-0.01600135928799118]","[0.00012117998349802771,0.009318118473151385,0.005221463081323433,-0.0010338016121829922]","[0.0033384410988614305,-0.014011614610317722,0.023975651048735242,-0.014967557675808195]",0.033801077743322805,0.010731935470876697,0.03172270730798367,1.551511113582074e-16,0.1,4,4,neutral_bottleneck_mutable,14173
190,195,"[-0.00021382869092745338,0.008477681753681965,-0.017137398360028422,0.016619323185981194]","[-0.0036679945126154917,-0.0006035088627382449,-0.0068292719861289,-0.0016113782549752513]","[0.0034541658216879836,0.009081190616420216,-0.010308126373899527,0.018230701440956405]",0.025333952244688804,0.007940648741325423,0.02308712257742504,6.939435983819301e-17,0.09722222222222224,4,4,neutral_bottleneck_mutable,14173
195,200,"[0.03426651570882078,-0.013242819298530162,0.011078254426278134,-0.038736409034081654]","[0.009759065832137873,-0.0026132609232226486,-0.006000816684955332,-0.007027619295072619]","[0.024507449876682918,-0.010629558375307494,0.017079071111233475,-0.03170878973900901]",0.054523421277331986,0.013691812605048268,0.044841327226649394,3.788693259787749e-17,0.1414141414141414,4,4,neutral_bottleneck_mutable,14173
200,205,"[0.0,0.0,0.0,0.0]","[0.0,0.0,0.0,0.0]","[0.0,0.0,0.0,0.0]",0.0,0.0,0.0,0.0,0.0,4,4,neutral_bottleneck_mutable,14173
205,210,"[0.014660999471694192,-0.004235627121957575,0.012126643086070865,-0.010334942442841055]","[0.004295420283531945,-1.2170443896483653e-05,0.0058664762322314205,0.002052485139983238]","[0.010365579188162262,-0.004223456678061142,0.006260166853839481,-0.012387427582824295]",0.022062455676081658,0.007555065993429208,0.017830335649536958,6.4354500206412e-17,0.05303030303030304,4,4,neutral_bottleneck_mutable,14173
210,215,"[-0.005589413453747638,-0.0048100833882834815,0.011405972657931418,0.006190698413042317]","[-0.00023843411165024709,0.0009950211201387898,-0.00399866614401777,-0.003143478520277037]","[-0.005350979342097359,-0.005805104508422245,0.01540463880194914,0.009334176933319357]",0.014926466563587633,0.005188227635125288,0.019666264869422592,6.291811198198179e-17,0.0641025641025641,4,4,neutral_bottleneck_mutable,14173
215,220,"[0.0,0.0,0.0,0.0]","[0.0,0.0,0.0,0.0]","[0.0,0.0,0.0,0.0]",0.0,0.0,0.0,0.0,0.0,4,4,neutral_bottleneck_mutable,14173
220,225,"[0.007236633050279995,0.002564954452057011,-0.011164273815785164,-0.0027024491598051092]","[0.0005621342905344697,-0.0011621739892727083,-0.006067577144219369,-0.005375625077360872]","[0.006674498759745602,0.003727128441329705,-0.005096696671565727,0.0026731759175557326]",0.0138163703822925,0.008208500515644809,0.009568835172588327,1.0799350291578784e-16,0.06153846153846154,4,4,neutral_bottleneck_mutable,14173
225,230,"[0.0,0.0,0.0,0.0]","[0.0,0.0,0.0,0.0]","[0.0,0.0,0.0,0.0]",0.0,0.0,0.0,0.0,0.0,4,4,neutral_bottleneck_mutable,14173
230,235,"[-0.004148698027921949,0.001631818309165256,-0.011326847850798905,0.0035703551907883546]","[0.003652877539384565,-0.002593066503018568,-2.5726486411155326e-05,0.002750457587037267]","[-0.007801575567306592,0.004224884812183843,-0.011301121364387781,0.0008198976037510734]",0.012685402821532611,0.005256727784183913,0.014391032248656647,8.730029286000888e-17,0.05000000000000002,4,4,neutral_bottleneck_mutable,14173
235,240,"[0.0,0.0,0.0,0.0]","[0.0,0.0,0.0,0.0]","[0.0,0.0,0.0,0.0]",0.0,0.0,0.0,0.0,0.0,4,4,neutral_bottleneck_mutable,14173
240,245,"[0.0,0.0,0.0,0.0]","[0.0,0.0,0.0,0.0]","[0.0,0.0,0.0,0.0]",0.0,0.0,0.0,0.0,0.0,4,4,neutral_bottleneck_mutable,14173
245,250,"[0.0,0.0,0.0,0.0]","[0.0,0.0,0.0,0.0]","[0.0,0.0,0.0,0.0]",0.0,0.0,0.0,0.0,0.0,4,4,neutral_bottleneck_mutable,14173
250,255,"[-0.005392799689711736,0.005072241387368948,-0.003087787146517307,0.015464419654914796]","[-0.003606593405424333,-0.0009432489652710597,0.003775826497324925,0.004609219117353784]","[-0.0017862062842874497,0.006015490352640007,-0.006863613643842266,0.010855200537561034]",0.01742103974826434,0.007028442303399511,0.014294097664257653,6.226455178157126e-17,0.047794117647058806,4,4,neutral_bottleneck_mutable,14173
255,260,"[-0.0037632445713033924,-0.006954234778488888,0.009230839856557593,0.0013448358069048094]","[-0.00026762401761744065,-0.0024007190446396812,-0.0018210345544694875,-0.0032586459656127214]","[-0.0034956205536859804,-0.0045535157338492125,0.01105187441102709,0.004603481772517509]",0.012228670363646834,0.0044463484933006895,0.013277418462215482,3.7998463403169766e-17,0.04575163398692812,4,4,neutral_bottleneck_mutable,14173
260,265,"[-0.008680108532940878,0.0059369218753990705,-0.00810643221440166,-0.0018159551287666442]","[-0.003064816359705752,0.002517570928532144,0.0010523302351490426,-0.001678272232521003]","[-0.00561529217323509,0.0034193509468668747,-0.009158762449550724,-0.00013768289624564722]",0.013401614148102009,0.004433425234417526,0.011274987950142281,6.619851161367215e-17,0.04093567251461988,4,4,neutral_bottleneck_mutable,14173
265,270,"[0.0,0.0,0.0,0.0]","[0.0,0.0,0.0,0.0]","[0.0,0.0,0.0,0.0]",0.0,0.0,0.0,0.0,0.0,4,4,neutral_bottleneck_mutable,14173
270,275,"[0.017339421184176862,-0.005813569838539201,0.010415077410193041,-0.01838053810498974]","[0.0038906842863429395,-0.0001348173060427859,0.0028035201471353264,-0.0022973260663765667]","[0.013448736897833847,-0.005678752532496436,0.00761155726305768,-0.016083212038613216]",0.02794228229331218,0.005319119494112857,0.023015696120697534,9.589742167779617e-17,0.06516290726817042,4,4,neutral_bottleneck_mutable,14173
275,280,"[0.00027302141509100153,-0.0013047259185565707,0.004551401920859843,-0.0020237099090916755]","[0.0002730214150908746,-0.0013047259185565918,0.004551401920859793,-0.002023709909091641]","[0.0,0.0,0.0,0.0]",0.005156307948233318,0.005156307948233258,0.0,1.423098780880151e-16,0.0,4,4,neutral_bottleneck_mutable,14173
280,285,"[0.004875212576977095,-0.0029633246083167752,0.009787236050313008,-0.0012189135429747644]","[-0.0014148320195108387,0.0007240605519761747,0.0009593207426268692,-0.0004928600752304216]","[0.006290044596488003,-0.003687385160292855,0.00882791530768623,-0.000726053467744266]",0.011394065566546704,0.001920734408332257,0.011472607056108051,1.669271410174991e-16,0.038095238095238126,4,4,neutral_bottleneck_mutable,14173
285,290,"[0.0,0.0,0.0,0.0]","[0.0,0.0,0.0,0.0]","[0.0,0.0,0.0,0.0]",0.0,0.0,0.0,0.0,0.0,4,4,neutral_bottleneck_mutable,14173
290,295,"[-0.009940219303763986,0.004431305037781608,-0.015564894970108323,-0.0018366610728641763]","[0.001995864825802723,-0.0023646551287468823,0.0009785906547565342,-0.002722151881828975]","[-0.011936084129566614,0.0067959601665284475,-0.016543485624864872,0.0008854908089647763]",0.019080977529253286,0.004235896695872944,0.021520366853889947,1.0775202440044378e-16,0.07272727272727272,4,4,neutral_bottleneck_mutable,14173
295,300,"[0.0,0.0,0.0,0.0]","[0.0,0.0,0.0,0.0]","[0.0,0.0,0.0,0.0]",0.0,0.0,0.0,0.0,0.0,4,4,neutral_bottleneck_mutable,14173
300,305,"[-0.007779108953444691,0.012479266831526503,-0.012789356712615607,0.007254332752497539]","[-0.0014615651808141123,0.005397244638618077,-0.0011952920769224132,-0.0013778480788217582]","[-0.006317543772630663,0.0070820221929084074,-0.0115940646356932,0.00863218083131924]",0.020795182749100458,0.005881633356842814,0.017291711261213528,1.0329255038651857e-16,0.0454545454545455,4,4,neutral_bottleneck_mutable,14173
305,310,"[0.0,0.0,0.0,0.0]","[0.0,0.0,0.0,0.0]","[0.0,0.0,0.0,0.0]",0.0,0.0,0.0,0.0,0.0,4,4,neutral_bottleneck_mutable,14173
310,315,"[-0.004494763388410927,-0.0004592243010253516,-0.0008811252550846027,-0.009302290395547474]","[-0.0006316763229876898,0.00035760906828297134,0.0010101772752099652,-0.00170796294513096]","[-0.0038630870654232027,-0.0008168333693083819,-0.0018913025302945974,-0.007594327450416485]",0.010378958194091265,0.002112935108334498,0.008765927966479296,8.013596357638803e-17,0.04166666666666666,4,4,neutral_bottleneck_mutable,14173
315,320,"[0.003050384557105712,-0.0010044092127811655,-0.005234512445678352,-0.004115881154633072]","[0.0030503845571055637,-0.0010044092127811006,-0.005234512445678324,-0.004115881154632979]","[0.0,0.0,0.0,0.0]",0.007392853443425882,0.007392853443425741,0.0,1.8864183121047968e-16,0.0,4,4,neutral_bottleneck_mutable,14173
320,325,"[0.004397186110381868,-0.0018398822179931384,0.0035138600645544527,-0.0042882840563386315]","[-0.0013599214053218371,0.000741472435756867,-0.0002729206978590041,0.0014013591339485454]","[0.005757107515703839,-0.002581354653749964,0.0037867807624134505,-0.005689643190287156]",0.007311429748451482,0.0021065281225895382,0.009301581960676143,1.4233737125248e-16,0.026666666666666644,4,4,neutral_bottleneck_mutable,14173
325,330,"[-0.004991030817930842,0.0010219335801398,-0.002227130548115852,0.0007255760524626509]","[-0.0003995030575837565,-0.0017527251628999111,0.0031817311650362127,9.2054015608433e-05]","[-0.004591527760347085,0.0027746587430396673,-0.005408861713152049,0.0006335220368541665]",0.005607254939273838,0.0036556169572363054,0.0076444747051413785,6.940553889925286e-17,0.02615384615384614,4,4,neutral_bottleneck_mutable,14173
330,335,"[0.0,0.0,0.0,0.0]","[0.0,0.0,0.0,0.0]","[0.0,0.0,0.0,0.0]",0.0,0.0,0.0,0.0,0.0,4,4,neutral_bottleneck_mutable,14173
335,339,"[0.0,0.0,0.0,0.0]","[0.0,0.0,0.0,0.0]","[0.0,0.0,0.0,0.0]",0.0,0.0,0.0,0.0,0.0,4,4,neutral_bottleneck_mutable,14173
