condition,seed,step,population,meanEnergy,ruleDiversity,lineageDiversity,scarcityActive,forage_weight,hazard_avoidance,exploration,reproduction_threshold
stable_mutable,14003,0,72,7.001781779759688,0.095080240663403,0.9999999999999998,False,0.49182892603565914,0.47308871359467614,0.4288873030493865,0.4158107077946316
stable_mutable,14003,5,79,7.025003623761758,0.09432407057972547,0.9929724521564699,False,0.4934518454900002,0.471118653744637,0.4271715641338956,0.41019593517366193
stable_mutable,14003,10,85,6.725062191496221,0.09487421702248176,0.989235457768083,False,0.4946803463172914,0.4696896598309408,0.42856480632908694,0.4085386089357924
stable_mutable,14003,15,90,6.455447625301987,0.09472282841374628,0.981025797698781,False,0.49710321089474224,0.4688343473908103,0.4238739954130831,0.4074286066067439
stable_mutable,14003,20,91,6.405257692947721,0.09445779360474374,0.9786116865589178,False,0.4967507158624485,0.46864995702917994,0.4230543046629923,0.4063356581804206
stable_mutable,14003,25,93,6.14874677481981,0.0939830956369296,0.9783616630456956,False,0.49835264733795964,0.4682932773742911,0.42349751694529153,0.40789754054038113
stable_mutable,14003,30,99,5.682156061194366,0.09301865213725863,0.973763175410653,False,0.5028628641176479,0.46340344960921376,0.4229018009925191,0.4082250655993621
stable_mutable,14003,35,99,5.440489394527698,0.09301865213725863,0.973763175410653,False,0.5028628641176479,0.46340344960921376,0.4229018009925191,0.4082250655993621
stable_mutable,14003,40,99,5.19882272786103,0.09301865213725863,0.973763175410653,False,0.5028628641176479,0.46340344960921376,0.4229018009925191,0.4082250655993621
stable_mutable,14003,45,99,4.957156061194364,0.09301865213725863,0.973763175410653,False,0.5028628641176479,0.46340344960921376,0.4229018009925191,0.4082250655993621
stable_mutable,14003,50,100,4.7230372343517875,0.09299534059494723,0.9738786838295145,False,0.5029419665689701,0.4620335256868533,0.4221097764345192,0.4091447281386463
stable_mutable,14003,55,100,4.528990576545186,0.0937385665443495,0.9738786838295145,False,0.5066925316359826,0.4637515716863294,0.4210746034275084,0.409138025814508
stable_mutable,14003,60,96,4.51501516507339,0.09472396746249194,0.9444359676783941,False,0.5104824987966913,0.4570507754935334,0.4193081146635842,0.4073347936314788
stable_mutable,14003,65,88,4.699557396690773,0.09384381192751098,0.9239744972969038,False,0.5156173063777827,0.45226311473001174,0.41349149307592553,0.4070763950245402
stable_mutable,14003,70,84,4.697044800014774,0.09467527913007251,0.9072422079324807,False,0.519293086637068,0.4523841293995415,0.41194408195976734,0.40689407838697766
stable_mutable,14003,75,83,4.558098971702303,0.09455028464446585,0.8989845567766264,False,0.5185173004347349,0.4459532172180531,0.40992172827433376,0.40744925451854164
stable_mutable,14003,80,78,4.643812904900636,0.09412626337832126,0.8626252002095899,False,0.5207045784355389,0.44022665496812946,0.40875165566666394,0.40473098697904636
stable_mutable,14003,85,75,4.674525239304213,0.0928331916748479,0.8445758098479165,False,0.5244115979578394,0.4377171316325314,0.4101969160479589,0.40125565775402944
stable_mutable,14003,90,74,4.595070108237278,0.09313232618524961,0.8392078280756519,False,0.5249404876562169,0.43745120798344556,0.41141640361649995,0.4023657674108074
stable_mutable,14003,95,72,4.6120348133830555,0.09319964165354176,0.8326589229874043,False,0.5264848431476228,0.4391450648853811,0.4099025415370315,0.39953124361723463
stable_mutable,14003,100,71,4.567747626843789,0.09165963663534968,0.8055510055461246,False,0.5218929678515025,0.43122419302261583,0.4075900253559544,0.39314284189260623
stable_mutable,14003,105,71,4.423811489088008,0.09011033214640712,0.8009854696477267,False,0.5229882007134381,0.42623939337854083,0.4054357042477622,0.391526554436979
stable_mutable,14003,110,69,4.43710793280803,0.0903861085370607,0.7933283699791,False,0.5221522591107766,0.42359501514038533,0.40306120679783336,0.3912554430253158
stable_mutable,14003,115,69,4.338919527010927,0.0903861085370607,0.7933283699791,False,0.5221522591107766,0.42359501514038533,0.40306120679783336,0.3912554430253158
stable_mutable,14003,120,66,4.450665560640293,0.08855318146202747,0.773992527638959,False,0.5253401741068163,0.42428957345343143,0.39740809699824786,0.3965934104539507
stable_mutable,14003,125,63,4.592210672142936,0.08724930189675381,0.7668152732087303,False,0.5265172161832149,0.4295147386275982,0.39904916816567,0.40104229660303686
stable_mutable,14003,130,64,4.428619852148935,0.08711917577498776,0.765435241229355,False,0.5265948572778755,0.42774547933001095,0.39758114094617003,0.401977663137504
stable_mutable,14003,135,63,4.410685541135767,0.08661967810444791,0.7584667564640634,False,0.5261375812138562,0.42774927297176185,0.39534094123543345,0.39950876142366015
stable_mutable,14003,140,62,4.398757859420648,0.08733772217530308,0.7565616229048571,False,0.5307697393378639,0.42441617336849047,0.3978700939731945,0.39688817603744303
stable_mutable,14003,145,61,4.40383183700062,0.08740365881946052,0.7493418705067122,False,0.531200553661193,0.42465519776761695,0.39624100613524404,0.39503942423527016
stable_mutable,14003,150,60,4.438283694925721,0.08768493476675754,0.7473479005281861,False,0.5304519268647019,0.42292281570281276,0.39626617739838976,0.39632898232442165
stable_mutable,14003,155,57,4.619410883798266,0.08901965150761647,0.7448280868755075,False,0.5308455928902757,0.42042830389831576,0.39551701627185615,0.39713038359957664
stable_mutable,14003,160,57,4.576821378403999,0.08866795552310433,0.7345642626227802,False,0.5349680272791256,0.41669043115651033,0.392324544878385,0.3983444356575801
stable_mutable,14003,165,56,4.619688890107834,0.08758144381030063,0.7266611543932755,False,0.5342961627078365,0.4190586545599784,0.3885318388052789,0.39956655658198015
stable_mutable,14003,170,56,4.584867461536404,0.08758144381030063,0.7266611543932755,False,0.5342961627078365,0.4190586545599784,0.3885318388052789,0.39956655658198015
stable_mutable,14003,175,56,4.606296032964975,0.08758144381030063,0.7266611543932755,False,0.5342961627078365,0.4190586545599784,0.3885318388052789,0.39956655658198015
stable_mutable,14003,179,55,4.7094184800010925,0.08811287060837683,0.7266648112370832,False,0.5355922213221894,0.42033309814839226,0.3889836135776569,0.39996272352252843
stable_mutable,14003,180,56,4.63091957211724,0.08886740802451847,0.7288459676550338,False,0.5390701112394556,0.42275634318296523,0.3876550293318301,0.40127535619138294
stable_mutable,14003,185,55,4.714427786610661,0.0892600710032374,0.7207711194409697,False,0.5398481779760916,0.4208183372931076,0.3877733582837349,0.40015467529863874
stable_mutable,14003,190,55,4.6808198276563875,0.0892600710032374,0.7207711194409697,False,0.5398481779760916,0.4208183372931076,0.3877733582837349,0.40015467529863874
stable_mutable,14003,195,55,4.645734144147057,0.0892600710032374,0.7207711194409697,False,0.5398481779760916,0.4208183372931076,0.3877733582837349,0.40015467529863874
stable_mutable,14003,200,55,4.60547462273802,0.0892600710032374,0.7207711194409697,False,0.5398481779760916,0.4208183372931076,0.3877733582837349,0.40015467529863874
stable_mutable,14003,205,54,4.691526436899814,0.08907849632758812,0.7124759367417788,False,0.5429148805902885,0.4193196571339773,0.38796254606442027,0.4016884698067373
stable_mutable,14003,210,53,4.793198839775586,0.08944932263250464,0.7138731420922951,False,0.5422840559322205,0.4172051205057408,0.3875626707859741,0.40045401969692396
stable_mutable,14003,215,53,4.785628406671667,0.08987549444190951,0.7054485648952253,False,0.5400034606313235,0.4131035130595392,0.38934576404407967,0.3959823545796242
stable_mutable,14003,220,52,4.848727631347885,0.09011788905454791,0.7088639552421965,False,0.5380136540976347,0.4138989054280798,0.3874191226483267,0.39576237511129947
stable_mutable,14003,225,51,4.943888969685621,0.08957072304821949,0.7064628854019323,False,0.5351715434555075,0.41128720009952147,0.3893571478038898,0.39432419197848817
stable_mutable,14003,230,51,4.989011442185269,0.08957072304821949,0.7064628854019323,False,0.5351715434555075,0.41128720009952147,0.3893571478038898,0.39432419197848817
stable_mutable,14003,235,51,5.025155131008331,0.08957072304821949,0.7064628854019323,False,0.5351715434555075,0.41128720009952147,0.3893571478038898,0.39432419197848817
stable_mutable,14003,240,51,5.061298819831393,0.08957072304821949,0.7064628854019323,False,0.5351715434555075,0.41128720009952147,0.3893571478038898,0.39432419197848817
stable_mutable,14003,245,51,5.090220388458843,0.08957072304821949,0.7064628854019323,False,0.5351715434555075,0.41128720009952147,0.3893571478038898,0.39432419197848817
stable_mutable,14003,250,51,5.170029135468296,0.08907122539255304,0.6949915524135897,False,0.5383388388121207,0.4103798030028083,0.3892728408258986,0.39328084896860405
stable_mutable,14003,255,51,5.211899922967711,0.08907122539255304,0.6949915524135897,False,0.5383388388121207,0.4103798030028083,0.3892728408258986,0.39328084896860405
stable_mutable,14003,260,51,5.23830404380046,0.08863855543078594,0.6949915524135897,False,0.5391991568428864,0.41228104798393844,0.3876664314950639,0.3935024264316658
stable_mutable,14003,265,48,5.604254879871323,0.08708745878893354,0.692487082929773,False,0.5354659561278873,0.4090643670600793,0.38658553331492573,0.3911069725925865
stable_mutable,14003,270,48,5.680914713204658,0.08586098007561113,0.6950360317351575,False,0.537810214744476,0.4103761384839937,0.3898006238489804,0.39061322109587837
stable_mutable,14003,275,48,5.8061832582561195,0.08606789739606434,0.6911689971971265,False,0.5392983977432891,0.40999593755106883,0.38827836279196487,0.3904299968450218
stable_mutable,14003,280,45,5.839751878178971,0.08394984668971564,0.6618099942926626,False,0.5469327132301542,0.40490305396625537,0.3860134079629283,0.38528933094772605
stable_mutable,14003,285,38,5.940779855738265,0.081463136669652,0.6228735932833088,False,0.5460037600478255,0.39301910804543094,0.3867863610359854,0.38575286080711185
stable_mutable,14003,290,36,6.0906565143903935,0.08264176402515849,0.6155901500455195,False,0.5443664876452227,0.3899132861731964,0.38738588115076794,0.3881769310356312
stable_mutable,14003,295,32,6.338715810216463,0.08361842694693686,0.6084236082235178,False,0.540253513766284,0.3853426982862431,0.38046417442161995,0.38743978735608575
stable_mutable,14003,300,33,6.605825274451607,0.08306658862224985,0.611916003245837,False,0.5388376089916959,0.3877252740766831,0.38163957932571174,0.3850623694260317
stable_mutable,14003,305,33,6.595906609754277,0.08685278686994932,0.6020931835856477,False,0.5333984218067709,0.395091283780795,0.3832901542888818,0.3869837892374181
stable_mutable,14003,310,31,6.875292823269308,0.08709262897708019,0.6049416484725815,False,0.5398772058892459,0.3919196261057791,0.38884538230218296,0.3935802358951779
stable_mutable,14003,315,33,6.670481292258998,0.08743989742710277,0.6045008794483544,False,0.5413699655481342,0.38585730510254146,0.388271639314038,0.39045106976191785
stable_mutable,14003,320,32,6.702600591308826,0.08694816382239215,0.5906469790327938,False,0.5359058009386931,0.38156834496600045,0.39088750633072017,0.3938956611900499
stable_mutable,14003,325,32,6.986440782379684,0.08694816382239215,0.5906469790327938,False,0.5359058009386931,0.38156834496600045,0.39088750633072017,0.3938956611900499
stable_mutable,14003,330,28,6.8733891412182695,0.09055807562154253,0.5758724915942639,False,0.5285416134740804,0.3755223076435428,0.38951959733649055,0.3896803998580959
stable_mutable,14003,335,30,6.701890035910334,0.09204541368739831,0.5757905072333444,False,0.5260320681410092,0.37174726317283063,0.3911922999398384,0.38507906486502663
stable_mutable,14003,339,32,6.492558318241347,0.09457189940065712,0.5805171962582236,False,0.5156942337454606,0.3773432591143511,0.38812566480828165,0.38517223169955006
stable_mutable,14011,0,72,7.06167024118139,0.09998418464577391,0.9999999999999998,False,0.47966110584291943,0.493011064710453,0.43369225360583924,0.4373584706303876
stable_mutable,14011,5,79,7.432366020058606,0.10044926314352283,0.9929724521564699,False,0.4861079850056898,0.48875130390464333,0.4363790974452746,0.4325287228362286
stable_mutable,14011,10,86,7.216882739356159,0.10204398485512317,0.9887775553069339,False,0.48936905706154005,0.48738365153560076,0.43985303624136995,0.4363580144359291
stable_mutable,14011,15,90,6.960410173162552,0.10213916169928013,0.9859869376037222,False,0.49170491492448765,0.48647704514132317,0.44005857650902747,0.4382739828215625
stable_mutable,14011,20,92,6.756596908528581,0.10181612728349401,0.9841884217504646,False,0.4918258598673119,0.4842484932221064,0.44070493973051916,0.43937677714824375
stable_mutable,14011,25,92,6.540292560702494,0.10181612728349401,0.9841884217504646,False,0.4918258598673119,0.4842484932221064,0.44070493973051916,0.43937677714824375
stable_mutable,14011,30,92,6.3239882128764044,0.10181612728349401,0.9841884217504646,False,0.4918258598673119,0.4842484932221064,0.44070493973051916,0.43937677714824375
stable_mutable,14011,35,93,6.009966834243326,0.10179215989470337,0.9840171098727284,False,0.4919312459395444,0.48251864503030234,0.4408716249026917,0.4381375954028781
stable_mutable,14011,40,94,5.74991399558116,0.10160090495020038,0.9817293451745189,False,0.49159217495225765,0.48129945856866846,0.44198191152992006,0.43862722959687983
stable_mutable,14011,45,94,5.522786336006693,0.10160090495020038,0.9817293451745189,False,0.49159217495225765,0.48129945856866846,0.44198191152992006,0.43862722959687983
stable_mutable,14011,50,95,5.244020164048726,0.10116086585158746,0.9803522863820285,False,0.49177077441752626,0.48099135674334303,0.44155466456805653,0.43936123129966737
stable_mutable,14011,55,95,5.016388585101358,0.10116086585158746,0.9803522863820285,False,0.49177077441752626,0.48099135674334303,0.44155466456805653,0.43936123129966737
stable_mutable,14011,60,92,4.945401256354662,0.0999989980246711,0.9700948109336713,False,0.49530962607439116,0.4785971065986251,0.4435320771713111,0.4386300727128641
stable_mutable,14011,65,91,4.775251819611306,0.10038064190075152,0.959456579013976,False,0.4981450462092191,0.4741814004899924,0.44189797238289263,0.4391195386056328
stable_mutable,14011,70,88,4.720658131643509,0.10024405297704764,0.9483690631928724,False,0.4998890534690869,0.4691963273036536,0.4419172471405204,0.44198433089781375
stable_mutable,14011,75,89,4.467866467243018,0.10078316858288977,0.9448342050128686,False,0.5018977182902548,0.46650364956558105,0.44168501820609085,0.43977378200000555
stable_mutable,14011,80,86,4.418172385465848,0.1007327216407979,0.9331631161403716,False,0.5032448201843857,0.4629327704410104,0.43785246895774255,0.44039422849273574
stable_mutable,14011,85,84,4.331462204167415,0.09897027553215232,0.9250804900904896,False,0.5053394512086931,0.46020959467273626,0.4423582566712102,0.44291966970744084
stable_mutable,14011,90,83,4.182021989759794,0.09929163114660615,0.9209432164158915,False,0.5059338025122518,0.4598373448756392,0.4416305446652847,0.44161303779693467
stable_mutable,14011,95,78,4.259025963462345,0.09803075082844272,0.9090965459036939,False,0.5057694575080238,0.45444781344681234,0.4408907373425268,0.43691570925862494
stable_mutable,14011,100,77,4.156091235715102,0.09759851130987522,0.9046557503164298,False,0.5086138667041016,0.45411332479078953,0.4397261360297296,0.4358468041275507
stable_mutable,14011,105,74,4.209647042568415,0.09743899221403458,0.8979691569608724,False,0.5068176283609356,0.44805540186890425,0.4341060696469826,0.4385147633101562
stable_mutable,14011,110,71,4.2988236781699,0.09759353071826636,0.8882758473724054,False,0.5103770630344016,0.44701010081541603,0.4314776220576412,0.44012361911483977
stable_mutable,14011,115,70,4.258264587858038,0.09821161408615584,0.8880405147137412,False,0.5096727389426181,0.44599580621460017,0.43057928918539723,0.4392841164692518
stable_mutable,14011,120,71,4.077443959860038,0.0979413036793173,0.8854335444691973,False,0.5097263187337718,0.4444658430259443,0.43128164542258196,0.43795964986113484
stable_mutable,14011,125,70,4.040216016429467,0.09733318190708817,0.8805268496435408,False,0.508218695366548,0.44484777146661003,0.43062202671796374,0.4344525100417605
stable_mutable,14011,130,64,4.32651126796973,0.09644108000127491,0.8489900414598536,False,0.5129239351437356,0.44155802329176863,0.4279819478759194,0.4390376075372015
stable_mutable,14011,135,62,4.38678582500101,0.0945565296134982,0.8375834642914001,False,0.511597339510241,0.4389061211663244,0.42875895478117926,0.4433572760234336
stable_mutable,14011,140,62,4.386089050807464,0.09594443716880194,0.8281473678009894,False,0.5134907120210335,0.4379825118795999,0.425287805687188,0.44268055473497114
stable_mutable,14011,145,61,4.424057723771519,0.09594994582280726,0.8167871677980885,False,0.5141652170456207,0.4363825425232811,0.4293579292818257,0.4423916584037626
stable_mutable,14011,150,56,4.799241449108264,0.09528912358289776,0.7792341395711871,False,0.5140000676533599,0.42763609840148076,0.4276755211503584,0.43916539998177445
stable_mutable,14011,155,54,5.082618984260422,0.09472324445055305,0.7707331714842015,False,0.5176858917118147,0.4284656614291294,0.42389360213066035,0.4440653007915774
stable_mutable,14011,160,53,5.212857078303072,0.09401446937583074,0.7513790642037405,False,0.5233273662105756,0.42452484574745714,0.4208484472105202,0.44608797188846133
stable_mutable,14011,165,53,5.260498587737033,0.09401446937583074,0.7513790642037405,False,0.5233273662105756,0.42452484574745714,0.4208484472105202,0.44608797188846133
stable_mutable,14011,170,53,5.308140097170994,0.09401446937583074,0.7513790642037405,False,0.5233273662105756,0.42452484574745714,0.4208484472105202,0.44608797188846133
stable_mutable,14011,175,53,5.355781606604954,0.09401446937583074,0.7513790642037405,False,0.5233273662105756,0.42452484574745714,0.4208484472105202,0.44608797188846133
stable_mutable,14011,179,54,5.287618984260418,0.09371322112923043,0.7465962432992997,False,0.5232337761294286,0.4256625554000795,0.41893521112035675,0.4478831851056755
stable_mutable,14011,180,54,5.294841206482641,0.09371322112923043,0.7465962432992997,False,0.5232337761294286,0.4256625554000795,0.41893521112035675,0.4478831851056755
stable_mutable,14011,185,54,5.326830154630788,0.09501926354445754,0.7417650408248698,False,0.5275810022017047,0.42463664588684297,0.4183265998142249,0.4450955413465168
stable_mutable,14011,190,54,5.362941265741898,0.09501926354445754,0.7417650408248698,False,0.5275810022017047,0.42463664588684297,0.4183265998142249,0.4450955413465168
stable_mutable,14011,195,53,5.506392987737028,0.09182578812027362,0.7337911621974437,False,0.5305374830487551,0.4215718985312973,0.4181902450351332,0.43889404349599037
stable_mutable,14011,200,53,5.554034497170989,0.09182578812027362,0.7337911621974437,False,0.5305374830487551,0.4215718985312973,0.4181902450351332,0.43889404349599037
stable_mutable,14011,205,51,5.8288317715698525,0.09145322697701326,0.7427232477734192,False,0.5344908201857761,0.42288281764598445,0.4216252507054252,0.4334978977107212
stable_mutable,14011,210,52,5.797988852885815,0.09197684436734373,0.7385045567895407,False,0.5332986923619956,0.42426670144701745,0.41880990961830916,0.43644993509090085
stable_mutable,14011,215,53,5.744913591510612,0.09223654423233904,0.7380321297685721,False,0.5334120165772844,0.42419643755005804,0.4183853095919528,0.4403572219678161
stable_mutable,14011,220,53,5.761423025472874,0.09223654423233904,0.7380321297685721,False,0.5334120165772844,0.42419643755005804,0.4183853095919528,0.4403572219678161
stable_mutable,14011,225,53,5.816611704718157,0.09223654423233904,0.7380321297685721,False,0.5334120165772844,0.42419643755005804,0.4183853095919528,0.4403572219678161
stable_mutable,14011,230,52,6.006144789634367,0.0916820860599325,0.7232425680323682,False,0.5317699087130486,0.42150448035252974,0.4143247573993702,0.4443482764820827
stable_mutable,14011,235,53,5.95240183133938,0.09140340650161038,0.7195558831044502,False,0.534362418875861,0.42007445285173545,0.4106654590229179,0.4407656940194204
stable_mutable,14011,240,52,6.12023648194206,0.09122478907847624,0.7048526969158981,False,0.539448084995356,0.4170259793639539,0.40342183828453443,0.4401460478028974
stable_mutable,14011,245,54,5.948375871499762,0.09055604424962402,0.7060477733356998,False,0.5395851952904378,0.4178220709885143,0.4051445919214296,0.4430621981702569
stable_mutable,14011,250,54,5.98448698261087,0.09055604424962402,0.7060477733356998,False,0.5395851952904378,0.4178220709885143,0.4051445919214296,0.4430621981702569
stable_mutable,14011,255,54,6.020598093721982,0.09055604424962402,0.7060477733356998,False,0.5395851952904378,0.4178220709885143,0.4051445919214296,0.4430621981702569
stable_mutable,14011,260,53,6.175756023037489,0.09095596272721312,0.7100655287691294,False,0.5411800404258041,0.4176070984969408,0.40605959848878787,0.44140387397554637
stable_mutable,14011,265,53,6.224340928697867,0.09095596272721312,0.7100655287691294,False,0.5411800404258041,0.4176070984969408,0.40605959848878787,0.44140387397554637
stable_mutable,14011,270,54,6.144885667055314,0.09181283120394464,0.7000449390989174,False,0.5398653180679088,0.4159972807047672,0.402186355047344,0.44634522735374477
stable_mutable,14011,275,56,5.956139750374766,0.09163877625076548,0.6948812763420279,False,0.5394093814133603,0.411274026846013,0.4035817791440067,0.44901435238614484
stable_mutable,14011,280,48,5.765667635437235,0.09027330379665313,0.6390180275255415,False,0.5463143241739973,0.40693224864968797,0.3996046136667018,0.4599410832484215
stable_mutable,14011,285,40,5.92407721599997,0.0876686809725753,0.5725082348529,False,0.5459164924317618,0.39760605185871445,0.4052021900227204,0.4625569753625022
stable_mutable,14011,290,39,5.984053554871764,0.08815583374025579,0.5591510331025776,False,0.548355706652144,0.39607803994100665,0.40631478997914716,0.461399192601865
stable_mutable,14011,295,35,6.123522303999971,0.08726541030327438,0.5315917806967462,False,0.5466237682535932,0.39127670997343095,0.405586543427668,0.4622898554314868
stable_mutable,14011,300,34,6.343517396593816,0.08841065101884499,0.5367268796936344,False,0.5506878752723289,0.38731965782907424,0.40492107331902827,0.46227872902482414
stable_mutable,14011,305,32,6.552534733880931,0.0888045374162644,0.5209978852365841,False,0.5450594479524674,0.38562052587931966,0.4056859450235113,0.46819462356553765
stable_mutable,14011,310,30,6.906203716139661,0.08713721635224253,0.48661472080256396,False,0.5526599952108554,0.3864059588629007,0.4034239703347726,0.4685801679397779
stable_mutable,14011,315,28,7.1110988387210705,0.08801379987874132,0.4803270061327135,False,0.5505519025790017,0.38671266400619764,0.3996443666180845,0.47106368428405443
stable_mutable,14011,320,31,6.427823529580319,0.08831722672699158,0.4877949745700055,False,0.5578703601265861,0.3905666409130616,0.3964525329509272,0.4589608436430987
stable_mutable,14011,325,31,6.651210626354514,0.08831722672699158,0.4877949745700055,False,0.5578703601265861,0.3905666409130616,0.3964525329509272,0.4589608436430987
stable_mutable,14011,330,31,6.874597723128706,0.08831722672699158,0.4877949745700055,False,0.5578703601265861,0.3905666409130616,0.3964525329509272,0.4589608436430987
stable_mutable,14011,335,30,7.049478031232995,0.08851401771405117,0.4906930388911793,False,0.5597451466446413,0.3928064418973527,0.3944607286912058,0.46345510927022737
stable_mutable,14011,339,30,7.2494780312329965,0.08851401771405117,0.4906930388911793,False,0.5597451466446413,0.3928064418973527,0.3944607286912058,0.46345510927022737
stable_mutable,14029,0,72,6.980465545897274,0.09907661800314489,0.9999999999999998,False,0.4590050716718274,0.47255965706157466,0.4360478332650796,0.43910444770097273
stable_mutable,14029,5,81,6.757073480191682,0.09858739439890511,0.9915238482205723,False,0.46005574737454125,0.47054758887815296,0.43257954722261616,0.4370512469345282
stable_mutable,14029,10,87,6.908194849373863,0.09772424819355902,0.9883614319811516,False,0.46256407124862575,0.46817174016637264,0.4309095550956462,0.4352072935717071
stable_mutable,14029,15,95,6.456767914689749,0.10021137652780006,0.9803522863820285,False,0.4725935598716443,0.46513311401698926,0.4263158746176693,0.43494186909534593
stable_mutable,14029,20,96,6.269457832245062,0.10102502057230396,0.9803040301157923,False,0.4742704952377874,0.46258292925627065,0.42674286508658626,0.43382014116105544
stable_mutable,14029,25,100,5.834629518955256,0.1015346004526716,0.9758967188907924,False,0.47638669684082663,0.4625347673783437,0.42880225671787947,0.43229759711054244
stable_mutable,14029,30,100,5.635629518955258,0.1015346004526716,0.9758967188907924,False,0.47638669684082663,0.4625347673783437,0.42880225671787947,0.43229759711054244
stable_mutable,14029,35,102,5.343852469563976,0.10215496656768987,0.9749504132895884,False,0.47720655754905167,0.46097885460231225,0.42965281878688716,0.4350117097489173
stable_mutable,14029,40,102,5.086009332309074,0.10215496656768987,0.9749504132895884,False,0.47720655754905167,0.46097885460231225,0.42965281878688716,0.4350117097489173
stable_mutable,14029,45,104,4.743201460533898,0.1018222307362807,0.9733646993498829,False,0.475943167588643,0.4589913173213956,0.4300123157828098,0.4338590925128575
stable_mutable,14029,50,104,4.513506665935446,0.1018222307362807,0.9733646993498829,False,0.475943167588643,0.4589913173213956,0.4300123157828098,0.4338590925128575
stable_mutable,14029,55,106,4.1998084269555305,0.10269937987098408,0.9715189965144388,False,0.47775933395700587,0.45852737909107116,0.42936551655655875,0.4349092734963572
stable_mutable,14029,60,93,4.499889174809531,0.10128579847133479,0.9195009808404702,False,0.4879729386145939,0.4459022043736588,0.42672017637553394,0.4394304682567887
stable_mutable,14029,65,90,4.430019463312418,0.09919109472630949,0.8970536073791793,False,0.49085042209960417,0.4382921098204019,0.4260019661599673,0.43675242838354883
stable_mutable,14029,70,85,4.474162067036679,0.09849195794491086,0.8676807226009765,False,0.4957858971912779,0.4315248911528344,0.424147789849099,0.43628343096268374
stable_mutable,14029,75,83,4.394117779495393,0.09816019465213219,0.8557531522000005,False,0.4961423617790849,0.42938528302796736,0.4252713171872486,0.43575072352983524
stable_mutable,14029,80,80,4.4065671962264705,0.09807445758244462,0.8379665919903453,False,0.5008150271682099,0.42805209471340894,0.423159011349074,0.4367051327809402
stable_mutable,14029,85,73,4.675814512439518,0.09750083266166618,0.8136532703069949,False,0.5060457006340404,0.4275920078619449,0.4180385729900104,0.4396833347761606
stable_mutable,14029,90,72,4.6529661017222095,0.09806919625861764,0.7923645953377666,False,0.5135033170502494,0.4249942289924486,0.4161956192620826,0.44642779965026225
stable_mutable,14029,95,70,4.688307262573161,0.09812636623426634,0.7844758014525947,False,0.5145813586208495,0.41901064539092286,0.41866252830653444,0.4486722798112219
stable_mutable,14029,100,67,4.798969528858732,0.09860254658100227,0.7697162789449755,False,0.5197169018619743,0.4178438795992137,0.4166726792344415,0.4506385294800332
stable_mutable,14029,105,63,5.040498768786273,0.09830459021310761,0.7469150094633996,False,0.5261172395903218,0.4122163443114804,0.4156070581997834,0.448624955734526
stable_mutable,14029,110,59,5.372105488960112,0.09848242245352465,0.7254496374078236,False,0.5300902865359377,0.41083834589754165,0.4134291494494297,0.4470996566711144
stable_mutable,14029,115,58,5.4528969629077,0.0986371156465128,0.7175216576786884,False,0.5303981931746967,0.40895178954652833,0.4149549132731765,0.4486819753021995
stable_mutable,14029,120,58,5.4485524332525275,0.09846361256570309,0.7175216576786884,False,0.5313885522481744,0.4094788739501664,0.40983031254608204,0.4473623460966964
stable_mutable,14029,125,58,5.475357593221808,0.09948974131800585,0.7130236415818053,False,0.5344726356124105,0.40881517918083654,0.410415106105385,0.4495384923110325
stable_mutable,14029,130,57,5.573377525734471,0.09905004974087751,0.7123587226827356,False,0.5333997271884946,0.4065172765042634,0.41353821210316416,0.45386569499313756
stable_mutable,14029,135,56,5.700439611519342,0.09845895955973086,0.7098475342540561,False,0.5286576556800656,0.40555965408902495,0.4134302351845904,0.45444203189264953
stable_mutable,14029,140,58,5.5678665861773124,0.09585497067960644,0.6967898014473867,False,0.534701737499669,0.40420108767410834,0.4121369955044183,0.45369112924236626
stable_mutable,14029,145,58,5.658750878418095,0.09481266712433395,0.6813931603630866,False,0.5322571842065702,0.40668849452903566,0.40413189977833813,0.45320301513542205
stable_mutable,14029,150,56,5.880352695504454,0.09351451964827444,0.6636147181359424,False,0.5330136745418138,0.41024658245554685,0.4043723384486517,0.45225214432212735
stable_mutable,14029,155,58,5.771066388728383,0.09542397810835031,0.6627962148335191,False,0.5355615415573629,0.4101182794520804,0.40551845828944766,0.4589913998822638
stable_mutable,14029,160,58,5.8520521447031415,0.09605538669319343,0.6613093891385354,False,0.5348537526205979,0.40902052137060496,0.3996906044425242,0.45866265943795753
stable_mutable,14029,165,58,5.956983177717715,0.09696171744387971,0.6497357016779404,False,0.5365187681771812,0.40732866732786094,0.4003691736925473,0.4617512221184452
stable_mutable,14029,170,59,5.9006760730106365,0.0970908522285621,0.649898078035664,False,0.5337966894152811,0.4050200599529064,0.401021392689009,0.4641119042639778
stable_mutable,14029,175,60,5.769374270321192,0.09712491148032039,0.6395857603474876,False,0.5334764024844069,0.4012336713961526,0.3979881299267142,0.4632626697023232
stable_mutable,14029,179,61,5.649466495397894,0.09721038964771307,0.6390695205975135,False,0.5306919169457908,0.39974442119091924,0.3991992480265826,0.4626244727128972
stable_mutable,14029,180,61,5.650915433487417,0.09721038964771307,0.6390695205975135,False,0.5306919169457908,0.39974442119091924,0.3991992480265826,0.4626244727128972
stable_mutable,14029,185,61,5.659577486331038,0.09721038964771307,0.6390695205975135,False,0.5306919169457908,0.39974442119091924,0.3991992480265826,0.4626244727128972
stable_mutable,14029,190,59,5.832932112986327,0.09536407396002546,0.6323949036215818,False,0.5313201643705724,0.3982685373128048,0.40107656281508774,0.4639088727737291
stable_mutable,14029,195,59,5.846724683691781,0.0972817471051499,0.6323949036215818,False,0.5342112409781875,0.4021357412788883,0.40170580169201714,0.463863517324157
stable_mutable,14029,200,59,5.913799124520993,0.0972817471051499,0.6323949036215818,False,0.5342112409781875,0.4021357412788883,0.40170580169201714,0.463863517324157
stable_mutable,14029,205,58,6.015787733150817,0.09780451527433306,0.6382591730149151,False,0.5385032246244488,0.4027863733478699,0.405807648695529,0.46987236450122505
stable_mutable,14029,210,59,5.9418422319211395,0.09804267199594573,0.6413728444802063,False,0.5403541398466285,0.3986696298197941,0.4023133338387446,0.46809222817586915
stable_mutable,14029,215,59,5.964152508536178,0.09829385925993626,0.6413728444802064,False,0.5386613648031296,0.3977480007072094,0.3996271368333238,0.4677921579841826
stable_mutable,14029,220,60,5.879583190935355,0.09923310849889341,0.6393159962091159,False,0.541098039836418,0.3983500192824927,0.39991847180663403,0.4720647354152929
stable_mutable,14029,225,59,5.98278148544229,0.0992062244078375,0.6389098390937574,False,0.5442016734542756,0.3985478048179478,0.39938652313138395,0.4738947197335687
stable_mutable,14029,230,61,5.811296739239049,0.09864858844110312,0.638804178822066,False,0.5442426642062219,0.3950188883921714,0.3987667730968362,0.4733965278911514
stable_mutable,14029,235,62,5.697081572742147,0.09853135523545571,0.6406051425144034,False,0.5456415995895157,0.3964684702675176,0.39842832180028326,0.47230346255994704
stable_mutable,14029,240,60,5.8447807305393615,0.09889238581754091,0.6406402289336047,False,0.5505045082761847,0.3987729958760927,0.3974712699968154,0.4729800532529689
stable_mutable,14029,245,60,5.836952753582955,0.09889238581754091,0.6406402289336047,False,0.5505045082761847,0.3987729958760927,0.3974712699968154,0.4729800532529689
stable_mutable,14029,250,60,5.810463466336808,0.09889238581754091,0.6406402289336047,False,0.5505045082761847,0.3987729958760927,0.3974712699968154,0.4729800532529689
stable_mutable,14029,255,60,5.78812211167014,0.09883917469102374,0.6406402289336047,False,0.5503946390308256,0.3979457785964902,0.39655683078973136,0.47270257747408934
stable_mutable,14029,260,60,5.763122111670141,0.09883917469102374,0.6406402289336047,False,0.5503946390308256,0.3979457785964902,0.39655683078973136,0.47270257747408934
stable_mutable,14029,265,59,5.843115953510793,0.09918077817704593,0.6389098390937573,False,0.5520777442419786,0.3992759579206997,0.3959872956322101,0.47144659438108555
stable_mutable,14029,270,58,5.926473080985117,0.09949423283840594,0.6410634813370437,False,0.5537090460842143,0.39907808090600355,0.3975293455716401,0.47308810724227435
stable_mutable,14029,275,59,5.831109130459945,0.09901004015567605,0.6389098390937573,False,0.5529549897006516,0.4002768744923968,0.3966819635010964,0.4716886344982457
stable_mutable,14029,280,55,5.955598085402488,0.10156159755901514,0.6102564422248126,False,0.5545913597600053,0.39767868907998455,0.4005227760841258,0.4693716709555238
stable_mutable,14029,285,52,6.191383320812899,0.10193918920244974,0.6043603429923551,False,0.5536804424147035,0.39633950394026757,0.3963519813376897,0.46914013039126157
stable_mutable,14029,290,51,6.1568267584758996,0.10176828760201942,0.5860907261295492,False,0.5509246886218463,0.39248239577263705,0.39403731373570294,0.4727465780625215
stable_mutable,14029,295,51,5.997842539637966,0.10386508188100993,0.5760443350359047,False,0.5594922870198826,0.3942402132348164,0.396661556314485,0.4612444556032132
stable_mutable,14029,300,49,5.918658109132432,0.10402840168293209,0.5592922067243439,False,0.5628366995075809,0.3953603996394078,0.39359767901751863,0.45823353154548885
stable_mutable,14029,305,49,6.025290762193656,0.10402840168293209,0.5592922067243439,False,0.5628366995075809,0.3953603996394078,0.39359767901751863,0.45823353154548885
stable_mutable,14029,310,45,6.173510921662835,0.10759820499677603,0.540097029488643,False,0.561358716034113,0.39524771824269395,0.3936063470936843,0.457967111287274
stable_mutable,14029,315,42,6.145136736900996,0.10573627209642136,0.5381008887175016,False,0.5558864158916563,0.39420418445925054,0.40487610880223346,0.4594471747613679
stable_mutable,14029,320,43,6.1440870453451595,0.10531822447186774,0.5358027985875081,False,0.5523274896412478,0.39317101669567117,0.4065987965373164,0.4581741679938379
stable_mutable,14029,325,43,6.089505824719299,0.10388123744729436,0.5438753758881657,False,0.5494771689076292,0.38696845653500744,0.4048149536931552,0.46067648125172356
stable_mutable,14029,330,43,6.267385314784221,0.10315196133846455,0.5449703123268805,False,0.5488437042744034,0.3846755639180178,0.4072535812063877,0.4615378812729467
stable_mutable,14029,335,43,6.43047957104132,0.1028340237093944,0.5510374038063972,False,0.555524440369232,0.384485149388419,0.3988386355127009,0.46584736254770104
stable_mutable,14029,339,43,6.517696347381217,0.1028340237093944,0.5510374038063972,False,0.555524440369232,0.384485149388419,0.3988386355127009,0.46584736254770104
stable_mutable,14041,0,72,7.084003923741621,0.10115802165957241,0.9999999999999998,False,0.47742759811920366,0.4775053966661162,0.4476605865896177,0.44394090801895364
stable_mutable,14041,5,79,7.320547879865782,0.10070281128706485,0.9929724521564699,False,0.4744872662197216,0.4813865954104609,0.4500116284230917,0.44218895501121486
stable_mutable,14041,10,92,6.764492201189095,0.10078148391393456,0.9855183080837088,False,0.47726660896295564,0.4754471102745696,0.45335066269151875,0.44931245977998996
stable_mutable,14041,15,94,6.734901574530157,0.10179187047486504,0.9838761909843892,False,0.48043412407338065,0.4726990082204559,0.4512621293843746,0.45237153781813844
stable_mutable,14041,20,96,6.528028625060777,0.10238738624422382,0.9836806243739823,False,0.4809870132131227,0.4729996098367965,0.4501049299195727,0.44909345562184994
stable_mutable,14041,25,100,6.208355601743027,0.10323846674726087,0.9783437097439616,False,0.4861351593410738,0.4682412561443592,0.4484981525376685,0.4526152690848644
stable_mutable,14041,30,103,5.853951896488239,0.10437990116356444,0.976306326595515,False,0.4864506460917667,0.4655182197873565,0.4469259187567456,0.4523694189948113
stable_mutable,14041,35,103,5.620900853594967,0.10437990116356444,0.976306326595515,False,0.4864506460917667,0.4655182197873565,0.4469259187567456,0.4523694189948113
stable_mutable,14041,40,103,5.3929882322357425,0.10437990116356444,0.976306326595515,False,0.4864506460917667,0.4655182197873565,0.4469259187567456,0.4523694189948113
stable_mutable,14041,45,104,5.123014716368024,0.10425807936289305,0.9764815555882124,False,0.48694464066135557,0.4639489973252831,0.4467318680750529,0.45306602468157825
stable_mutable,14041,50,105,4.8378096730120035,0.10444743483076939,0.9766748599445307,False,0.4866420921611837,0.46211604340742807,0.4452530128506929,0.45290892729099724
stable_mutable,14041,55,104,4.613272304860345,0.10396191699808763,0.9764815555882124,False,0.48886053456131306,0.4606724971483672,0.4443609803193299,0.4531663159073691
stable_mutable,14041,60,100,4.549024811626984,0.10297430562207145,0.9629305969393426,False,0.49267188230852127,0.4548479872550052,0.4435912991628366,0.45301554569800584
stable_mutable,14041,65,97,4.40858228002782,0.10277713672466994,0.9489444880015535,False,0.4970347218342129,0.4518152652902884,0.44364761581615725,0.452086947858836
stable_mutable,14041,70,92,4.4609334908988965,0.10125827768427713,0.9370543002626422,False,0.5013273983833259,0.4478540497088546,0.44426421444256964,0.45563779375135366
stable_mutable,14041,75,91,4.321044000847731,0.10007873608836054,0.9218416179369174,False,0.5021073101704324,0.4421702810052449,0.4420303337408209,0.45718142787879196
stable_mutable,14041,80,85,4.494965985372476,0.10064561104722411,0.9026978857370663,False,0.5103993907317608,0.4378834170951204,0.44246305319507434,0.46569911085890237
stable_mutable,14041,85,82,4.568198814840627,0.0984250903405231,0.8789490440136378,False,0.5153179428119231,0.42695089828065264,0.4353106265047761,0.467858506191197
stable_mutable,14041,90,79,4.538519948442329,0.09926711154780679,0.8752431874051552,False,0.5152560193019307,0.4244349276090908,0.43243915280170775,0.4682789057334373
stable_mutable,14041,95,76,4.604463325785013,0.09779895780639711,0.8563575016003946,False,0.5175597652722265,0.42465189218331834,0.427674345548807,0.47108956947192293
stable_mutable,14041,100,72,4.7919948682031634,0.09604375892431337,0.835032632536923,False,0.5258519749540125,0.4235563360955434,0.4267238951412631,0.47051585542362123
stable_mutable,14041,105,71,4.849338320059559,0.09570140398478623,0.8183565130276979,False,0.5336589565804069,0.42026284412545706,0.42507972281255496,0.4711891731844425
stable_mutable,14041,110,68,5.007215179263447,0.0942393522792764,0.8128939028854522,False,0.535951274378583,0.412344940313343,0.42404644096340893,0.4689611432844197
stable_mutable,14041,115,67,5.0431484148793935,0.09375989143481181,0.8029427828601186,False,0.5393914385697395,0.40777055009822794,0.42446383136790383,0.4679505243491113
stable_mutable,14041,120,67,5.015816799432701,0.09375989143481181,0.8029427828601186,False,0.5393914385697395,0.40777055009822794,0.42446383136790383,0.4679505243491113
stable_mutable,14041,125,65,5.105965649047513,0.09461563902167022,0.7903111010481418,False,0.5412661763673123,0.40579687552513505,0.4245025941728993,0.46808743991657126
stable_mutable,14041,130,63,5.1982436341771425,0.09379127545477021,0.7771058461860716,False,0.5414997204258392,0.40094319724710825,0.4202946209496169,0.4692709576212311
stable_mutable,14041,135,63,5.1911123786907085,0.09379127545477021,0.7771058461860716,False,0.5414997204258392,0.40094319724710825,0.4202946209496169,0.4692709576212311
stable_mutable,14041,140,62,5.26442910007386,0.09323278858890766,0.7702730681258293,False,0.5444085437080585,0.401266320077026,0.4189321205281514,0.4670803642799386
stable_mutable,14041,145,60,5.419659647514535,0.09445851023258826,0.7669189447362947,False,0.5449244982785705,0.39912507951073095,0.4183147756298726,0.46677576124318304
stable_mutable,14041,150,60,5.52511412308381,0.09417153079110452,0.7581530021543942,False,0.5465679195269718,0.39821171332344535,0.4140395733261088,0.4671829164894347
stable_mutable,14041,155,58,5.756624954914287,0.09190965194354501,0.7433564111489084,False,0.5479526640509812,0.3970565010894334,0.4057609630212358,0.4651234605917716
stable_mutable,14041,160,56,5.945144601504587,0.09073750425629383,0.7335793894638699,False,0.5501286952673102,0.39157424595071194,0.40587491281554916,0.46370832562318337
stable_mutable,14041,165,58,5.792958930028189,0.09171971621001988,0.7321787198114517,False,0.5520519617905346,0.3877938228892531,0.403141588403863,0.4645022059206121
stable_mutable,14041,170,58,5.8787026916908784,0.09171971621001988,0.7321787198114517,False,0.5520519617905346,0.3877938228892531,0.403141588403863,0.4645022059206121
stable_mutable,14041,175,59,5.8950827657348706,0.09135196598743855,0.7343641552877223,False,0.5502635411088219,0.3880802768811425,0.4039236754299165,0.46342703008524117
stable_mutable,14041,179,58,6.036856692490082,0.09097588295049881,0.7252199782208384,False,0.549983108016699,0.38267537438976096,0.39615046355642664,0.4640325279837125
stable_mutable,14041,180,60,5.835092938063738,0.09168645263924459,0.7234287740930906,False,0.5482705749232609,0.38063790442066636,0.39247923396756174,0.46197878631987227
stable_mutable,14041,185,59,5.939544742609619,0.0900082200012717,0.7155337394009514,False,0.5494946421406132,0.376341433183556,0.3920799469028884,0.4652784158190055
stable_mutable,14041,190,61,5.724037046130615,0.08995038133739203,0.7047130859200212,False,0.5513508613003232,0.37154424891328447,0.38887669637778316,0.4683215026187462
stable_mutable,14041,195,60,5.862819132222783,0.09004739017562338,0.6965727520519464,False,0.5536062749221278,0.3702329658279997,0.38894461097612215,0.46747111177403156
stable_mutable,14041,200,61,5.75637947431749,0.08997877181890443,0.6960908473148733,False,0.5559431770213726,0.37141393927435984,0.38985164921817766,0.4675184195359995
stable_mutable,14041,205,61,5.706911732661674,0.08944857774743689,0.6937085962033899,False,0.556141020920994,0.3680125323332913,0.3877112566174929,0.46953456181855646
stable_mutable,14041,210,62,5.5887681884939,0.08910354199436858,0.6946240047766736,False,0.5546528315243677,0.36903892920845105,0.3876854104277851,0.468416039300009
stable_mutable,14041,215,60,5.791630532982255,0.08906287378880029,0.6876937773560503,False,0.5516855987814533,0.3683942781462963,0.3878449388672009,0.4684847403006616
stable_mutable,14041,220,59,5.828307062158037,0.08946314818616118,0.6905705880194615,False,0.5522495961288256,0.3679740363080535,0.38772140695472884,0.4664080032313954
stable_mutable,14041,225,60,5.749833613016388,0.08957446246463029,0.6876937773560503,False,0.5545488232387153,0.3671463405395455,0.38588998371310074,0.46568554590634903
stable_mutable,14041,230,60,5.7162984150063805,0.08957446246463029,0.6876937773560503,False,0.5545488232387153,0.3671463405395455,0.38588998371310074,0.46568554590634903
stable_mutable,14041,235,60,5.718528403099776,0.08957446246463029,0.6876937773560503,False,0.5545488232387153,0.3671463405395455,0.38588998371310074,0.46568554590634903
stable_mutable,14041,240,60,5.808402928281794,0.08957446246463029,0.6876937773560503,False,0.5545488232387153,0.3671463405395455,0.38588998371310074,0.46568554590634903
stable_mutable,14041,245,59,5.889141114772306,0.0895449530655297,0.6861488094835426,False,0.5583607397527474,0.36336904403639414,0.39092300187647305,0.47100439765725766
stable_mutable,14041,250,59,5.902855078752985,0.0895449530655297,0.6861488094835426,False,0.5583607397527474,0.36336904403639414,0.39092300187647305,0.47100439765725766
stable_mutable,14041,255,57,6.114322795055849,0.09013919024856674,0.668706430453687,False,0.559898654451671,0.36179358117242183,0.38943998654625916,0.47447221120442973
stable_mutable,14041,260,57,6.111054501483598,0.09013919024856674,0.668706430453687,False,0.559898654451671,0.36179358117242183,0.38943998654625916,0.47447221120442973
stable_mutable,14041,265,59,5.937364153571311,0.09126193326027192,0.6705084426982906,False,0.5564769420000802,0.36122078229235083,0.38938924155604393,0.47313410197834477
stable_mutable,14041,270,60,5.839024950916115,0.09101039505886507,0.6669189447362948,False,0.5579798689105219,0.35947311111054986,0.38942447784215356,0.4741842426210666
stable_mutable,14041,275,60,5.8430661427647985,0.09101039505886507,0.6669189447362948,False,0.5579798689105219,0.35947311111054986,0.38942447784215356,0.4741842426210666
stable_mutable,14041,280,58,5.805075447773988,0.09131088066122381,0.6667615340586359,False,0.5557035184139615,0.3622071414431152,0.3890576865295097,0.4709127615447154
stable_mutable,14041,285,55,5.803058304413654,0.09251247243332723,0.6618342014798343,False,0.5574917857261706,0.36147002564217817,0.3863524568597608,0.47210455624825837
stable_mutable,14041,290,54,5.812274033699081,0.0932289003226979,0.6596220603730907,False,0.5554006001144868,0.35959666450668987,0.38536185985999394,0.4722171475235151
stable_mutable,14041,295,48,5.963871621244805,0.09164209046473057,0.6101307350005652,False,0.5607459283644883,0.35191070210147357,0.38226845552525207,0.473101252826111
stable_mutable,14041,300,44,6.063969041357973,0.08819972746963106,0.5804763381170922,False,0.5622489369415389,0.33842343829737753,0.38083049383348955,0.47496578251944926
stable_mutable,14041,305,42,6.125865359193633,0.08350300514129694,0.5425821481696357,False,0.5685625771499513,0.32301051110361945,0.38011690016244154,0.47843657782084553
stable_mutable,14041,310,38,6.4058060838312825,0.08399570274552076,0.5248580284520631,False,0.5683713945239987,0.3179431862701976,0.3799538207619691,0.47394246240396415
stable_mutable,14041,315,38,6.583239544644996,0.08399570274552076,0.5248580284520631,False,0.5683713945239987,0.3179431862701976,0.3799538207619691,0.47394246240396415
stable_mutable,14041,320,37,6.5142720466873225,0.08344680594898178,0.5310853443314778,False,0.5661616732844517,0.3167706315498207,0.3795846637634122,0.4703747504154344
stable_mutable,14041,325,37,6.239977601296303,0.08899830642213033,0.5289379399133879,False,0.5584643138435664,0.32743758886634433,0.3841837660940649,0.4524974583034744
stable_mutable,14041,330,34,6.835167914069508,0.08883571206021078,0.5277453514195222,False,0.559649277851441,0.3307080647362802,0.38810324144811537,0.4502461591002705
stable_mutable,14041,335,35,6.831662302550982,0.08919812482105541,0.5337422742908526,False,0.5613317509183581,0.3299289643197248,0.39298645884522204,0.4523175223999119
stable_mutable,14041,339,36,6.886893905257898,0.08870662871738007,0.5339859840717945,False,0.5593976754284031,0.326719913874427,0.39234068053279714,0.4520086184852151
stable_mutable,14057,0,72,6.9875585876320265,0.09705841422764383,0.9999999999999998,False,0.47893779041722584,0.47640496325863,0.44314137186454905,0.44074245233944964
stable_mutable,14057,5,79,7.0966083487933735,0.09637777477615152,0.9929724521564699,False,0.4828673325373729,0.47704523827228523,0.439126021770871,0.4344355289372957
stable_mutable,14057,10,88,7.22764909094418,0.09720883568296303,0.9865949726306101,False,0.48764443027357446,0.47587580180510786,0.43694015163634015,0.429044784690822
stable_mutable,14057,15,91,6.993913213982655,0.0978808015491776,0.9857359293893846,False,0.48969696601261475,0.4734045917427014,0.4377014281079937,0.42994418806580587
stable_mutable,14057,20,96,6.622426243096655,0.09843268691272249,0.9769274358576022,False,0.4912931287666646,0.46811776956182816,0.4429943710784847,0.4331007290911459
stable_mutable,14057,25,97,6.266421402859968,0.09829480128346466,0.9748596470409416,False,0.49171339371308176,0.4678938737212934,0.4428648856013762,0.43143595839003274
stable_mutable,14057,30,96,6.003062298425353,0.09871164466403677,0.9659700076302267,False,0.4928236657245979,0.4675385279949031,0.44319632673719833,0.4311696359819484
stable_mutable,14057,35,96,5.724174728964225,0.09924333922345287,0.9613189389693444,False,0.4928618369906874,0.46824564328907176,0.44011286986307513,0.4295618837034138
stable_mutable,14057,40,96,5.473533463835984,0.09890285255429118,0.9600444645666519,False,0.492134127177585,0.4686268804627967,0.44098012558652905,0.4297799380063299
stable_mutable,14057,45,95,5.358681669769719,0.09896797529006313,0.9537211676965242,False,0.4913047573276295,0.46826726119447243,0.43791509868808576,0.42915700731420575
stable_mutable,14057,50,94,5.207556463829707,0.09926331050201258,0.9500648891472038,False,0.4910918752616326,0.46853943904397294,0.43645856731054833,0.42916146653654236
stable_mutable,14057,55,96,4.899900225648322,0.09984795028349869,0.9451386218746712,False,0.49140612874269723,0.4659824972958919,0.4391501139362836,0.4298678433543359
stable_mutable,14057,60,95,4.705387393953948,0.0996370575326446,0.9414045785932514,False,0.49256019620397845,0.46458794524471264,0.43854653598317445,0.4283772087966113
stable_mutable,14057,65,93,4.595672578907972,0.09979270352631367,0.9337752670093672,False,0.49423902492711336,0.46230036453047263,0.4384221129475362,0.4270128917077216
stable_mutable,14057,70,89,4.635299594389751,0.09893714294402967,0.9214716544959854,False,0.49784182827390117,0.45918381548650833,0.4392999359703727,0.4289634854003711
stable_mutable,14057,75,89,4.3925934861795675,0.09989098144552508,0.9155620302834682,False,0.4998168919457828,0.4586570887459047,0.4346088702758515,0.4290042296677173
stable_mutable,14057,80,85,4.3949141030780465,0.09902251256646054,0.9053862767607678,False,0.5040456145595271,0.45700698274729956,0.43440954271669124,0.4267924005239906
stable_mutable,14057,85,83,4.325102270861415,0.10010302057532516,0.8852772764367909,False,0.5080636522017259,0.45649543973754175,0.43492736776005136,0.43042300602000316
stable_mutable,14057,90,80,4.354937047924011,0.10102377631732178,0.8684478813781816,False,0.5068662593392543,0.45391063043593805,0.42982996594047307,0.4272796399087431
stable_mutable,14057,95,78,4.301577822320104,0.10170249975009707,0.8561433538129727,False,0.5076213747248424,0.45471424090147294,0.4347840300716446,0.4286650044911418
stable_mutable,14057,100,74,4.405515292726527,0.10240781236690502,0.835046109150193,False,0.5085325556972292,0.45245957862184927,0.4331930462456247,0.42973738040970083
stable_mutable,14057,105,73,4.327505579009183,0.10180637869269463,0.8339577888408367,False,0.5076649139945205,0.4515408981294996,0.43598859077739316,0.43224982831888004
stable_mutable,14057,110,75,4.115283139861401,0.10383664116196538,0.8274130328654841,False,0.5076657946705103,0.4460646277531619,0.434199947647361,0.43223520226582735
stable_mutable,14057,115,72,4.1466497284178105,0.10324993362227758,0.8147810302973707,False,0.5096524539979419,0.44215582025593886,0.43651401787519584,0.4300779211159755
stable_mutable,14057,120,71,4.067529897931403,0.10317308442027943,0.8089019514401694,False,0.5077909728965584,0.4411964912938371,0.4385207336081966,0.43095467675710886
stable_mutable,14057,125,69,4.0495131253861905,0.10299918936057595,0.7970110222512663,False,0.5040075461541823,0.4380352497833263,0.43963921603092043,0.4300687011952438
stable_mutable,14057,130,65,4.2067943664903416,0.10436080069586481,0.7711678288251684,False,0.5031458198677848,0.4368310599714925,0.43610609743833234,0.4285710667531588
stable_mutable,14057,135,63,4.2895837472572955,0.10581554837904406,0.7518449966873167,False,0.5038171536031792,0.431002001487009,0.42929678507298974,0.42670152383409676
stable_mutable,14057,140,62,4.315729100765075,0.10583932801536908,0.7446047855706429,False,0.506063668350419,0.43164684698175637,0.4284085668745967,0.4247936847706398
stable_mutable,14057,145,62,4.291397297059025,0.10583932801536908,0.7446047855706429,False,0.506063668350419,0.43164684698175637,0.4284085668745967,0.4247936847706398
stable_mutable,14057,150,59,4.539034925218382,0.106740967945017,0.7217993431738022,False,0.5058423008565651,0.4287443414811285,0.423800288115904,0.42128718965095835
stable_mutable,14057,155,58,4.682210393848656,0.10571015770827324,0.7082195816684558,False,0.5029151212289783,0.42411915849035686,0.43177096036920287,0.4243415756900328
stable_mutable,14057,160,58,4.695679845059431,0.10448132115758693,0.6966458942078606,False,0.5004891537321625,0.4231813177398615,0.43179727459481404,0.42596090500828965
stable_mutable,14057,165,56,4.847955847685439,0.10429202350770335,0.679412192475173,False,0.5044851561186923,0.42043394948116886,0.44071602177726765,0.42616136648509617
stable_mutable,14057,170,54,5.021908188755146,0.10343760821760022,0.661211280999701,False,0.5091700061076935,0.41430064723408616,0.4381090944533097,0.430296772156198
stable_mutable,14057,175,53,5.115351232021031,0.10406032130302147,0.6406790676132066,False,0.515728749211983,0.41299730146746305,0.4423231173016638,0.4306991525161689
stable_mutable,14057,179,54,5.100241607099905,0.10521181044486334,0.6373255352903446,False,0.5144564078287217,0.4082752448003679,0.44461513604544256,0.43257497991692906
stable_mutable,14057,180,54,5.146352718211015,0.10521181044486334,0.6373255352903446,False,0.5144564078287217,0.4082752448003679,0.44461513604544256,0.43257497991692906
stable_mutable,14057,185,55,5.08278531554159,0.10508274529841861,0.6388688599896578,False,0.5121705741761966,0.4071032533959355,0.4466862629999712,0.4338707504995662
stable_mutable,14057,190,54,5.180453324893271,0.10579024642353924,0.6290569687821095,False,0.5130701428757988,0.40800732667159145,0.44566855422048196,0.4327369531690583
stable_mutable,14057,195,58,4.8180181491133345,0.10598534011144563,0.6252434053621662,False,0.5155111200975132,0.40878881326419386,0.44359093490271617,0.42556018741797236
stable_mutable,14057,200,56,4.9582144340192595,0.1071681583677398,0.618045191276057,False,0.5153736309999354,0.4081686453439593,0.4441838587366504,0.4251715427475754
stable_mutable,14057,205,56,4.955382794201847,0.1071681583677398,0.618045191276057,False,0.5153736309999354,0.4081686453439593,0.4441838587366504,0.4251715427475754
stable_mutable,14057,210,56,4.9717622085303,0.10618855639998007,0.6187443631232771,False,0.5164137576852441,0.405405555931785,0.449454550005976,0.4283129667298619
stable_mutable,14057,215,55,5.067986486946064,0.10515241110279781,0.6086676675540901,False,0.5155448617612408,0.4003224385941933,0.4493881862373662,0.42941856142800944
stable_mutable,14057,220,55,5.058108572807762,0.10515241110279781,0.6086676675540901,False,0.5155448617612408,0.4003224385941933,0.4493881862373662,0.42941856142800944
stable_mutable,14057,225,55,5.0482099019775175,0.10515241110279781,0.6086676675540901,False,0.5155448617612408,0.4003224385941933,0.4493881862373662,0.42941856142800944
stable_mutable,14057,230,54,5.159668846538894,0.1050154128236803,0.5982964950051421,False,0.5144003357285954,0.3984354605701591,0.4466409531295535,0.43175544757428647
stable_mutable,14057,235,53,5.346614667351046,0.10515584098226652,0.5937317579431223,False,0.5148899043275992,0.3975461297748932,0.45039896884535907,0.4308051749404446
stable_mutable,14057,240,54,5.4316879717396676,0.10555479479851194,0.591868331599063,False,0.5146304018116667,0.39815577125338214,0.44530603085481,0.4317753287481901
stable_mutable,14057,245,55,5.449672911462678,0.1052578479391052,0.5895419746481253,False,0.5145367849808132,0.39861405395701643,0.44169112546379063,0.43153234236816596
stable_mutable,14057,250,55,5.477956058814254,0.1052578479391052,0.5895419746481253,False,0.5145367849808132,0.39861405395701643,0.44169112546379063,0.43153234236816596
stable_mutable,14057,255,55,5.546062598023436,0.1052578479391052,0.5895419746481253,False,0.5145367849808132,0.39861405395701643,0.44169112546379063,0.43153234236816596
stable_mutable,14057,260,54,5.682689025549025,0.10639828755674367,0.5712250632089833,False,0.5141237728721649,0.38714332257910233,0.44558006531624694,0.4356541194399277
stable_mutable,14057,265,56,5.559452719888555,0.10807251588729608,0.5737424413066774,False,0.5117457072134437,0.3902093016898266,0.4385634007957732,0.43326795006208046
stable_mutable,14057,270,56,5.636044593711978,0.10807251588729608,0.5737424413066774,False,0.5117457072134437,0.3902093016898266,0.4385634007957732,0.43326795006208046
stable_mutable,14057,275,57,5.548730564596185,0.10909973711345772,0.570992689105308,False,0.5100131837768423,0.3855084112946148,0.4398720637731149,0.43452685547430964
stable_mutable,14057,280,55,5.509842901511825,0.10963609266316446,0.5490269515654358,False,0.5115565285213851,0.3844983683604829,0.4415893755281391,0.4378628919436289
stable_mutable,14057,285,50,5.786023490938858,0.10791037308302236,0.522321290534673,False,0.5195418443903678,0.37722950140421374,0.44125636055543693,0.4398099331188572
stable_mutable,14057,290,47,5.815648077193845,0.10898766871208222,0.49920229373183883,False,0.5194037766381164,0.3786605337616345,0.44350310446330127,0.4435415759058819
stable_mutable,14057,295,47,5.903846565153669,0.11231633840923366,0.4899261509901334,False,0.5149338524277496,0.3826586333429826,0.44263762814354063,0.4431177992928535
stable_mutable,14057,300,45,5.925768804519782,0.11314289239421874,0.46917684615746974,False,0.5206007585091886,0.38140623938001916,0.45166585693516487,0.4410993553259353
stable_mutable,14057,305,46,5.961372450606565,0.112355124389899,0.4752167839267283,False,0.5219744603333658,0.38344613568943037,0.45805172700876895,0.44487115338058514
stable_mutable,14057,310,44,6.243650519293004,0.11414808119693201,0.4630065316678612,False,0.5203752430344832,0.3839591061916515,0.4568390065749592,0.44284854658903733
stable_mutable,14057,315,42,6.354773730703625,0.11498967069348551,0.464069167483915,False,0.5201330715611684,0.3855172626580976,0.45288583168393665,0.4384218010875996
stable_mutable,14057,320,37,6.324872112311543,0.1173406305069343,0.46495740918417805,False,0.5186467722804693,0.3856173893325846,0.43692792433232774,0.42698774669115447
stable_mutable,14057,325,40,6.096197517581075,0.11792196477967291,0.4645050705249337,False,0.515709318383646,0.39348841743156576,0.4402536202776166,0.41942424614292806
stable_mutable,14057,330,40,6.182649639290126,0.11925234051255487,0.4716949371375852,False,0.5160338487957647,0.390498895803678,0.4388726944874846,0.4167818353165935
stable_mutable,14057,335,40,6.118935414554879,0.11806040556542938,0.4753278700825974,False,0.5155001649127133,0.390548069158745,0.4463170321841029,0.41287884182373935
stable_mutable,14057,339,43,6.06558253790491,0.11948882981340651,0.47356046580834316,False,0.5062920343124004,0.39441432808149995,0.4501384085956948,0.4120204933984769
stable_mutable,14071,0,72,7.053466945555926,0.0989971481544388,0.9999999999999998,False,0.4714242046808089,0.4703354470927203,0.4240426362597484,0.44715836365023914
stable_mutable,14071,5,77,7.23401923086093,0.10154249469489193,0.9946500823575938,False,0.47590922640921013,0.46619295726886156,0.42406573463442554,0.44001137031634174
stable_mutable,14071,10,86,6.994989875847434,0.10265054154291019,0.9873548862062541,False,0.48189720743211323,0.46853414506483304,0.42355736578254,0.44467153243277907
stable_mutable,14071,15,94,6.60904756096853,0.1025644620439217,0.9804277542951737,False,0.48520254484066994,0.46585388481798534,0.42058861561470634,0.44167568190171425
stable_mutable,14071,20,98,6.229604730432954,0.10278791794538654,0.9769770951650852,False,0.48667061613054396,0.4641659061852179,0.41762677440578905,0.4445623680762094
stable_mutable,14071,25,99,6.151329098211967,0.10251710640902653,0.9744022472810272,False,0.4879461640034989,0.46396198733667837,0.4182134186715085,0.4446406247862258
stable_mutable,14071,30,101,5.853730092012498,0.10241584427417226,0.9703809116953016,False,0.4872446679742566,0.46408511991125356,0.41743281827611917,0.44711929618523966
stable_mutable,14071,35,102,5.570314480925552,0.10199709764322873,0.9705729369028757,False,0.48675212855069744,0.4636989252963029,0.41693258829444974,0.4470821923693019
stable_mutable,14071,40,103,5.227587762920565,0.10182722722714031,0.967413385255404,False,0.4880948795899254,0.4635151163166397,0.41738706754100796,0.44785421315277313
stable_mutable,14071,45,103,4.924556358079555,0.10182722722714031,0.967413385255404,False,0.4880948795899254,0.4635151163166397,0.41738706754100796,0.44785421315277313
stable_mutable,14071,50,103,4.626882203180732,0.10182722722714031,0.967413385255404,False,0.4880948795899254,0.4635151163166397,0.41738706754100796,0.44785421315277313
stable_mutable,14071,55,104,4.307761247140187,0.10313774207033863,0.9657337049712965,False,0.4882364577468396,0.46314410692056257,0.41716133082447754,0.4519843733498288
stable_mutable,14071,60,88,4.77724056480204,0.10262540717492348,0.9048082632257403,False,0.5035036639361206,0.45253148842576985,0.41232137920197115,0.44502513985065933
stable_mutable,14071,65,87,4.592870916121603,0.10281850709224682,0.8835432601971974,False,0.5110315152178692,0.4512955803139131,0.4102545045772764,0.4492774927294992
stable_mutable,14071,70,80,4.763866760325941,0.10273920346881653,0.8620234139495901,False,0.5141671156902489,0.44382967362261416,0.41167100728196965,0.4496011471828368
stable_mutable,14071,75,74,4.957622868562335,0.10133865653359507,0.8393699788949315,False,0.5132793515835362,0.43872313852815,0.4087329677233588,0.4522130566856176
stable_mutable,14071,80,72,4.929084614911288,0.10117898385755639,0.8221220274373452,False,0.5192642079975598,0.4394288536484734,0.40879245035173284,0.4526980032432075
stable_mutable,14071,85,71,4.851043553149474,0.09945280970581714,0.8060069449349215,False,0.5232096697232971,0.4409024427203849,0.40462081531165933,0.4558008470048248
stable_mutable,14071,90,69,4.8496795981683,0.09881816624396299,0.7984953952746193,False,0.5269285226191412,0.443514619797957,0.40157664600997833,0.45671915423618153
stable_mutable,14071,95,69,4.705041917008877,0.09923342827545031,0.7900165839354097,False,0.5305832761161375,0.44033351222559186,0.39918660620143276,0.4606717647013182
stable_mutable,14071,100,68,4.652069004023715,0.09917289363006082,0.7836613459456493,False,0.5293201821503604,0.43813604942838796,0.3999943552704752,0.46040356196687166
stable_mutable,14071,105,66,4.671834427175542,0.09802970692391191,0.7705302058660103,False,0.5311924171302576,0.43480337306855876,0.394826935214542,0.4571235187664946
stable_mutable,14071,110,61,4.967227413009605,0.09341220678306397,0.7389792434694958,False,0.5361377478041593,0.4312450980999094,0.38668869212125023,0.45789315584071927
stable_mutable,14071,115,61,4.887195431685012,0.09352362564953083,0.7389792434694958,False,0.536695699508188,0.43070076729760387,0.38632692403710966,0.45746126320689817
stable_mutable,14071,120,61,4.808097071029275,0.09352362564953083,0.7389792434694958,False,0.536695699508188,0.43070076729760387,0.38632692403710966,0.45746126320689817
stable_mutable,14071,125,59,4.896901546331962,0.09462981850209401,0.736092579129766,False,0.5365645734587852,0.42950436241360707,0.38832808480947434,0.4564422298783859
stable_mutable,14071,130,59,4.844146798887892,0.09536491738174668,0.740470370561208,False,0.5370019958195866,0.43105715620565793,0.3845015638842109,0.4564920031419583
stable_mutable,14071,135,59,4.789316290413317,0.09534268491836097,0.7285247385968049,False,0.5409131548811819,0.43102287103141335,0.3857935114491399,0.4540795855081968
stable_mutable,14071,140,57,4.905441914638344,0.09456646446863212,0.7182561298654186,False,0.5450301015995322,0.4317097770788691,0.3836032208381058,0.4597185644094506
stable_mutable,14071,145,54,5.1501706378305006,0.09300488959460475,0.7087388347764495,False,0.5503901575626521,0.4294923499838925,0.38312817628688406,0.45104903987356126
stable_mutable,14071,150,52,5.3319016623624425,0.09008500596869387,0.6912989991101329,False,0.5545956797937319,0.43368380595788353,0.3785080200609207,0.4563298395851048
stable_mutable,14071,155,52,5.3492093546701325,0.09008500596869387,0.6912989991101329,False,0.5545956797937319,0.43368380595788353,0.3785080200609207,0.4563298395851048
stable_mutable,14071,160,51,5.477121840398954,0.08943748113551671,0.680639655379915,False,0.5576208848255143,0.43339548548507817,0.3758810612440751,0.44957980503934647
stable_mutable,14071,165,51,5.486989003309961,0.08790968452062878,0.6755242645246362,False,0.5601172090415109,0.4349013461935099,0.3787610110182591,0.44529498318489286
stable_mutable,14071,170,51,5.505126258211921,0.08790968452062878,0.6755242645246362,False,0.5601172090415109,0.4349013461935099,0.3787610110182591,0.44529498318489286
stable_mutable,14071,175,52,5.412623830169384,0.08724755011670847,0.6706367653978389,False,0.560770754550325,0.43466076082223715,0.380186014958418,0.44497886021035743
stable_mutable,14071,179,51,5.495812532721722,0.0877687899939133,0.6611302006824644,False,0.5619636800563715,0.4338419838405451,0.3794893929383297,0.4438658316880996
stable_mutable,14071,180,52,5.383104599400152,0.08768745767057612,0.6644030529211803,False,0.563148197793083,0.4360267961969415,0.378209548485408,0.44412383311747505
stable_mutable,14071,185,52,5.336950753246303,0.08768745767057612,0.6644030529211803,False,0.563148197793083,0.4360267961969415,0.378209548485408,0.44412383311747505
stable_mutable,14071,190,52,5.296703676323228,0.08947513427585257,0.6684057587103484,False,0.5616246033340778,0.43307551767305985,0.37735693226763295,0.4393234836391917
stable_mutable,14071,195,54,5.041177614237181,0.08873039502571217,0.6670962643037492,False,0.5630032611680225,0.4311869457473844,0.37815328141469895,0.44002271492432116
stable_mutable,14071,200,53,5.0743130409209005,0.08908590646611109,0.6577135408363021,False,0.5632974477442158,0.43117847247228236,0.3762948310898348,0.43785720050677024
stable_mutable,14071,205,52,5.117775830169379,0.08902886117712791,0.659305521742434,False,0.5642673995531111,0.43031698753061043,0.37322236167390793,0.4364214464945079
stable_mutable,14071,210,52,5.0716219840155325,0.08902886117712791,0.659305521742434,False,0.5642673995531111,0.43031698753061043,0.37322236167390793,0.4364214464945079
stable_mutable,14071,215,51,5.132811341629637,0.08919344205635836,0.6495767757789145,False,0.5667627280390304,0.4304272565177541,0.3733559499391643,0.43628589236774173
stable_mutable,14071,220,50,5.205883568462228,0.08935241515732112,0.6395505827154578,False,0.5663036845118207,0.42813117785220867,0.373035586778302,0.43433019825864333
stable_mutable,14071,225,48,5.409329587548155,0.08950480706505548,0.6294966426499318,False,0.5659792505338629,0.42591285180492355,0.3697996101070559,0.4342126788141905
stable_mutable,14071,230,49,5.287506534741048,0.08981904198352633,0.6308321126952943,False,0.5667138761209314,0.4294271035450961,0.369644854046252,0.43506917432552283
stable_mutable,14071,235,49,5.273731024536965,0.08981904198352633,0.6308321126952943,False,0.5667138761209314,0.4294271035450961,0.369644854046252,0.43506917432552283
stable_mutable,14071,240,49,5.259955514332883,0.08981904198352633,0.6308321126952943,False,0.5667138761209314,0.4294271035450961,0.369644854046252,0.43506917432552283
stable_mutable,14071,245,48,5.363420754214817,0.08957981407103435,0.6311519335555427,False,0.5667604757385559,0.4275312924271862,0.37327929282301225,0.4344239809081214
stable_mutable,14071,250,48,5.361337420881483,0.08957981407103435,0.6311519335555427,False,0.5667604757385559,0.4275312924271862,0.37327929282301225,0.4344239809081214
stable_mutable,14071,255,47,5.481629706432154,0.08947132010548597,0.6272953264122194,False,0.568214562395915,0.4282476347777547,0.3725293345309009,0.438594067988359
stable_mutable,14071,260,45,5.74600773782914,0.09026677903983171,0.6285118675977125,False,0.5701883919141838,0.42820005586637794,0.3714026517671008,0.442332220085049
stable_mutable,14071,265,47,5.528730812815133,0.09068550106102236,0.629120670207502,False,0.57047873349298,0.4271036897223239,0.37016164085761105,0.44322795192132347
stable_mutable,14071,270,49,5.3033744531083915,0.09083920445810376,0.6194376585826695,False,0.5757299832435555,0.4270634775103046,0.3709060835615631,0.44657979202886905
stable_mutable,14071,275,49,5.289598942904309,0.09083920445810376,0.6194376585826695,False,0.5757299832435555,0.4270634775103046,0.3709060835615631,0.44657979202886905
stable_mutable,14071,280,46,5.4612145261372005,0.0885407049473508,0.6068545985299155,False,0.5791541113948879,0.4287949863416468,0.3668946927893547,0.455885546636424
stable_mutable,14071,285,44,5.418762822779805,0.08910214923082266,0.591694175805943,False,0.5822071904489895,0.4306713793769806,0.36492580834458277,0.45915057805137055
stable_mutable,14071,290,42,5.519487909578844,0.08971994095633277,0.5885043492271397,False,0.5828209855816981,0.43092960343872566,0.3690169865194677,0.45922102473091136
stable_mutable,14071,295,38,5.917257339062529,0.09692978387770823,0.5829054817767125,False,0.5791540193964504,0.4276823970507013,0.37280801599130997,0.4661036599079125
stable_mutable,14071,300,35,6.081803224706061,0.09761400928269025,0.5724022281043463,False,0.5779172705014713,0.4236246620341115,0.3624491446892833,0.47414290453492053
stable_mutable,14071,305,34,6.301446848962122,0.0952755289141699,0.5711408786586615,False,0.5801479838771405,0.42714814227682285,0.3615316096865185,0.4829486063935093
stable_mutable,14071,310,32,6.088646527022258,0.09854194812574946,0.5676925419114954,False,0.5823389216420044,0.42364241746193143,0.366739862718409,0.46974351310357165
stable_mutable,14071,315,31,6.187179382732655,0.09967920140993791,0.5524401268348087,False,0.5850093613461836,0.4234361178478135,0.369292131130382,0.4697931514755139
stable_mutable,14071,320,29,6.594606354341805,0.10076181471572976,0.5461430572753335,False,0.5882876023508908,0.4239068024829592,0.37027851014668467,0.46797502822445075
stable_mutable,14071,325,28,7.049376866996872,0.10097471389491083,0.5133761804003563,False,0.5892264712311127,0.42271888053594725,0.36771036915037414,0.4699352208630611
stable_mutable,14071,330,29,7.096639733652153,0.10065849278487847,0.5195687248535767,False,0.5856894745269876,0.4229306886619168,0.37162799764712184,0.4663343525132249
stable_mutable,14071,335,30,7.2957506605037485,0.10198554946308802,0.5215389348743126,False,0.590306238625674,0.4255702836229039,0.37721780882116135,0.4639996151137744
stable_mutable,14071,339,30,7.5957506605037475,0.10198554946308802,0.5215389348743126,False,0.590306238625674,0.4255702836229039,0.37721780882116135,0.4639996151137744
stable_mutable,14087,0,72,6.951310958926473,0.10284199910174317,0.9999999999999998,False,0.46965868035735714,0.4723617652377703,0.4301976807398822,0.43405516492840124
stable_mutable,14087,5,77,6.928706006355857,0.10200554473574167,0.9946500823575938,False,0.4720873727762113,0.4712061955284427,0.4294273753874294,0.4331396670435105
stable_mutable,14087,10,85,7.3995888557602925,0.1033375951706265,0.989235457768083,False,0.47339259028550595,0.4624099134598628,0.43076278781172606,0.4302583896984523
stable_mutable,14087,15,94,7.124769364983779,0.10608341118885437,0.9812730092256983,False,0.4771360390429973,0.4581693947125385,0.43166838392171936,0.4219324718989517
stable_mutable,14087,20,97,6.780305329114016,0.10799666595151701,0.9756787600663986,False,0.4821109953231855,0.45665614159838497,0.43565952520129037,0.4193974816187876
stable_mutable,14087,25,100,6.507886119143646,0.10885131171960877,0.9746732234642078,False,0.48297237588791525,0.45581961453045905,0.4301821918998246,0.4237423023645042
stable_mutable,14087,30,101,6.340220069731159,0.10871886990814882,0.9748017294323781,False,0.4829090904082155,0.45504093415675617,0.4311393220512853,0.4251304204361653
stable_mutable,14087,35,101,6.075583595649846,0.10871886990814882,0.9748017294323781,False,0.4829090904082155,0.45504093415675617,0.4311393220512853,0.4251304204361653
stable_mutable,14087,40,102,5.77891424060399,0.10906603393937704,0.9723927178619493,False,0.485001037333602,0.4547992530573892,0.4327961475545552,0.4246761563168832
stable_mutable,14087,45,102,5.507385143088645,0.10906603393937704,0.9723927178619493,False,0.485001037333602,0.4547992530573892,0.4327961475545552,0.4246761563168832
stable_mutable,14087,50,104,5.1201359215765425,0.10889844303415763,0.9696797524625976,False,0.48514112444923424,0.4535198973184277,0.43075329732766693,0.42680907826788117
stable_mutable,14087,55,102,4.981353568928605,0.1079455075297137,0.9660367757288855,False,0.4798636136971583,0.4551939999352937,0.4329631664872767,0.4295048240009659
stable_mutable,14087,60,96,5.04554897818828,0.10805478704617393,0.9526758445139027,False,0.4804324035911953,0.44743049733088475,0.4356354110256682,0.4308271727467116
stable_mutable,14087,65,96,4.830991401864835,0.10805478704617393,0.9526758445139027,False,0.4804324035911953,0.44743049733088475,0.4356354110256682,0.4308271727467116
stable_mutable,14087,70,93,4.767985454322296,0.10813423383600283,0.9415556258627672,False,0.479258342882517,0.4424510836604366,0.43603771042254375,0.4309589174065097
stable_mutable,14087,75,87,4.908316373004814,0.10820753925303914,0.9215294510366169,False,0.4807085206537476,0.4352898092640821,0.43922976519795576,0.4312609918181518
stable_mutable,14087,80,84,4.8974795646578695,0.10827052607727215,0.905082315430696,False,0.48273067139934395,0.4281563751351315,0.43681632284298433,0.43336581684743614
stable_mutable,14087,85,84,4.728705266798848,0.10738371061756495,0.905082315430696,False,0.4789961846831287,0.4242290974013816,0.43699829580654415,0.43728718950511064
stable_mutable,14087,90,83,4.597980538105634,0.10717342126505319,0.9007040998927267,False,0.4768027932940383,0.42138876608258974,0.4378629641798735,0.4367916134371531
stable_mutable,14087,95,80,4.60082537436878,0.10738885366148827,0.8911776571579744,False,0.4817022989983504,0.4212189052869916,0.4347948070973834,0.43687813301158507
stable_mutable,14087,100,79,4.484979968900383,0.10849038863864907,0.8832447095478159,False,0.48469437081096894,0.41276990171931166,0.432809064384421,0.4339389755693266
stable_mutable,14087,105,76,4.518719725872894,0.10864216769003915,0.8746021074056427,False,0.48687982822206494,0.4085452177233823,0.4334085105791356,0.4345030725535116
stable_mutable,14087,110,73,4.578276635938259,0.10796929086008847,0.8595120947209484,False,0.4931535423077764,0.406831306986219,0.43089432816131307,0.43405400716736947
stable_mutable,14087,115,71,4.574208306194505,0.10742941445034172,0.8535337606124631,False,0.49168156012118547,0.404707488775216,0.43513521818241946,0.4361153335488708
stable_mutable,14087,120,68,4.698177926644186,0.1070098581425662,0.8400891746640677,False,0.48979087629695733,0.4021653898091473,0.43352113171125634,0.44078990293016757
stable_mutable,14087,125,67,4.7098512788769265,0.1051728440041159,0.835319571547529,False,0.4882513701510944,0.3998317516515963,0.42996840253327623,0.4437276795596786
stable_mutable,14087,130,66,4.735876848806496,0.10532324403029192,0.8344745517619212,False,0.48987795891879593,0.3982798912949361,0.428313167633265,0.444211364937783
stable_mutable,14087,135,64,4.832974135846534,0.10504133494752886,0.8227424372188745,False,0.489299271679423,0.3954011878001643,0.43082915796149507,0.44530517811251225
stable_mutable,14087,140,62,4.973229312373026,0.10561450476256626,0.8189723333799704,False,0.48890132091040295,0.394335286864881,0.4350008286027099,0.44479677297500675
stable_mutable,14087,145,63,4.87551888952503,0.10646595231379652,0.8086584473274462,False,0.4900995352049008,0.3971006952614877,0.4282684749858427,0.4467583399290917
stable_mutable,14087,150,61,5.022986929721744,0.10742650428317142,0.8031849207862464,False,0.4931157668597475,0.3979761590995471,0.4263329631404388,0.4476440778630561
stable_mutable,14087,155,61,5.001308275232724,0.10870366436429187,0.7978709363799146,False,0.49442425360159925,0.3932356071639206,0.42320963099304526,0.44532111854601175
stable_mutable,14087,160,61,4.97371195631692,0.10870366436429187,0.7978709363799146,False,0.49442425360159925,0.3932356071639206,0.42320963099304526,0.44532111854601175
stable_mutable,14087,165,62,4.855489584160369,0.10723021899517218,0.7971063072084156,False,0.4917373047781823,0.3881077224095088,0.42405645222628197,0.4468130348535815
stable_mutable,14087,170,61,4.894168557931275,0.10707755681891672,0.7958652061723988,False,0.4944967036401685,0.38920357739625616,0.4220089930216399,0.44713140295864284
stable_mutable,14087,175,59,5.036624109715222,0.10680794367977241,0.7999482917191977,False,0.49489052892300806,0.39336613901749823,0.4227644060517611,0.4467126959706587
stable_mutable,14087,179,59,5.021755151738784,0.10680794367977241,0.7999482917191977,False,0.49489052892300806,0.39336613901749823,0.4227644060517611,0.4467126959706587
stable_mutable,14087,180,59,5.018216784560388,0.10680794367977241,0.7999482917191977,False,0.49489052892300806,0.39336613901749823,0.4227644060517611,0.4467126959706587
stable_mutable,14087,185,58,5.101743113470769,0.10766286679395484,0.7933047715471551,False,0.4986036791088203,0.39180737287181855,0.42521164098404574,0.4492989044592842
stable_mutable,14087,190,57,5.183492428020519,0.10823445252260946,0.7921857725710534,False,0.49689039974000826,0.3908534574679361,0.42435476463345156,0.45003478997640717
stable_mutable,14087,195,57,5.204746728773424,0.10823445252260946,0.7921857725710534,False,0.49689039974000826,0.3908534574679361,0.42435476463345156,0.45003478997640717
stable_mutable,14087,200,56,5.31329289201303,0.10821495223335552,0.7853116198763396,False,0.4971081649786099,0.38695228098502815,0.42486046681393536,0.44911951272805756
stable_mutable,14087,205,55,5.4289991821393775,0.10746331948627977,0.7841571116805945,False,0.4949299331234466,0.39005683167379523,0.4272730755640954,0.45174849645582194
stable_mutable,14087,210,56,5.416784911029745,0.10791488112002631,0.7712608790096747,False,0.4991735718435518,0.3908288563542376,0.4328115147733156,0.4553290534094746
stable_mutable,14087,215,55,5.5850900912302865,0.10842594277974524,0.7639572110020584,False,0.5005359501570251,0.3886105367253079,0.43258098156165437,0.4560113335452718
stable_mutable,14087,220,55,5.63922595801118,0.10842594277974524,0.7639572110020584,False,0.5005359501570251,0.3886105367253079,0.43258098156165437,0.4560113335452718
stable_mutable,14087,225,55,5.693361824792082,0.10842594277974524,0.7639572110020584,False,0.5005359501570251,0.3886105367253079,0.43258098156165437,0.4560113335452718
stable_mutable,14087,230,56,5.618635881660509,0.10781970376349442,0.7599730174155639,False,0.5003884823984707,0.3865529441858389,0.4338848193635444,0.4564549757969896
stable_mutable,14087,235,55,5.77065603719887,0.10713481485981861,0.7524641155607822,False,0.4999289367971148,0.38505354552249016,0.43490120879827726,0.4611534074216058
stable_mutable,14087,240,55,5.824359837370215,0.10713481485981861,0.7524641155607822,False,0.4999289367971148,0.38505354552249016,0.43490120879827726,0.4611534074216058
stable_mutable,14087,245,60,5.377121062138522,0.10835998630769736,0.7453087414838786,False,0.5066454825585068,0.3812970536358869,0.4386683335080327,0.4551362153606427
stable_mutable,14087,250,61,5.282699724235704,0.10884068204837699,0.7440278861003804,False,0.5053404348791597,0.3812965540797197,0.4343019067937827,0.455598054639961
stable_mutable,14087,255,61,5.254241941229279,0.10913897725197083,0.7387139016940486,False,0.506914467706762,0.3793604177859598,0.4322510164435644,0.4577222446956898
stable_mutable,14087,260,60,5.305079673811856,0.10949942044203159,0.731140248088874,False,0.5085512296655631,0.3773505161825936,0.4321259985801202,0.45675588639081927
stable_mutable,14087,265,58,5.4976995362355305,0.10947250380771686,0.7154121828052667,False,0.510070566738522,0.3724975332087187,0.43537189729769016,0.45774537406648175
stable_mutable,14087,270,58,5.498645034513692,0.10947250380771686,0.7154121828052667,False,0.510070566738522,0.3724975332087187,0.43537189729769016,0.45774537406648175
stable_mutable,14087,275,58,5.509483009749185,0.10947250380771686,0.7154121828052667,False,0.510070566738522,0.3724975332087187,0.43537189729769016,0.45774537406648175
stable_mutable,14087,280,55,5.6322475841656665,0.10845047723742846,0.6902284526878306,False,0.5152393679134486,0.3721855628230457,0.4343412897378799,0.4566084485325465
stable_mutable,14087,285,51,5.525398008093541,0.10611905183879883,0.6567229206575663,False,0.5137595621557219,0.36042035271358974,0.43845211964273184,0.45868961186445906
stable_mutable,14087,290,48,5.649138493332387,0.10731286329228043,0.6489405077106488,False,0.5175586911569728,0.3639742369458741,0.4378921240627003,0.4581873543823857
stable_mutable,14087,295,39,5.638959352732387,0.11242372675368988,0.5855342468124759,False,0.5254183245448598,0.357082126169234,0.44636372154155995,0.4430439527442221
stable_mutable,14087,300,39,5.937012065207809,0.115328016727743,0.5892603318842833,False,0.5238565923110267,0.3583524017403331,0.437364489028549,0.44495890936704935
stable_mutable,14087,305,39,5.9577063020439125,0.11485660930255154,0.5720481813018597,False,0.5199223105887257,0.3557180522202594,0.4369915920249484,0.44922427773843837
stable_mutable,14087,310,34,6.394460632582743,0.11546400984820164,0.5076490857330159,False,0.524676999096575,0.35294423454317253,0.44487897854195024,0.4427650423480582
stable_mutable,14087,315,31,6.847930672535145,0.11343038712116595,0.4931254623715409,False,0.5230763781998887,0.34713041973414194,0.434336706223733,0.46335369867696463
stable_mutable,14087,320,31,7.162681198780048,0.11388590272499226,0.49963525289179206,False,0.5210365695076885,0.3567112834827035,0.42668296306828535,0.4759572686676842
stable_mutable,14087,325,30,7.087650864125518,0.11111449731339085,0.49531088525653777,False,0.5263828666299387,0.34761606050955635,0.44662064237239985,0.46985483894267455
stable_mutable,14087,330,29,7.406864970722398,0.11226029800695222,0.5001869935686308,False,0.5281001881537901,0.3465968592586284,0.44385403220602215,0.4666104462302748
stable_mutable,14087,335,30,7.572548345937785,0.11193222594870113,0.5068815793874801,False,0.525202629275184,0.3462047537262657,0.44826198651199245,0.46222523791298686
stable_mutable,14087,339,32,7.394769796616421,0.11156994619598262,0.5088909738630444,False,0.5227315475618391,0.34713230730505895,0.44097749611919274,0.46891860387043544
stable_mutable,14101,0,72,6.974675534846759,0.10748523179283752,0.9999999999999998,False,0.4635790676047157,0.46846026335506985,0.4373955853918646,0.4536886996108195
stable_mutable,14101,5,77,7.2980578707727854,0.10810365593835239,0.9946500823575938,False,0.46121361733867144,0.46573377695731927,0.4358102540477019,0.4488288967664729
stable_mutable,14101,10,87,6.95200624322247,0.11020686727576852,0.9869551153988704,False,0.4609775726924467,0.4596122696024195,0.4428822643793856,0.4496079814060849
stable_mutable,14101,15,90,6.741050479559497,0.1098841349776771,0.9846274982408504,False,0.46213001770326934,0.46178754696584645,0.4425916759926138,0.4470465640269748
stable_mutable,14101,20,92,6.623038512612552,0.11075151887339212,0.9828585354172206,False,0.4649121162335555,0.45784465111087336,0.44106925558982285,0.44741817438615034
stable_mutable,14101,25,95,6.278732033266889,0.11174758693846695,0.9777765065365872,False,0.46434558984675944,0.44988006830059996,0.4372784534791069,0.44806301828425216
stable_mutable,14101,30,96,6.0075473245870255,0.11175536504010188,0.9756529614549098,False,0.46583942890485264,0.4495738257752209,0.43570980287647076,0.4474874673625495
stable_mutable,14101,35,98,5.673974930207698,0.11135599808611302,0.9757286304440805,False,0.46589680403374883,0.4501645411456781,0.4347267315874028,0.4459185817095774
stable_mutable,14101,40,100,5.323545431603544,0.11535540932682317,0.9726551884029299,False,0.4619374570327295,0.44195799772948385,0.4381934224295822,0.4436233410869992
stable_mutable,14101,45,102,4.973328854513276,0.11644698920233335,0.9704142521155984,False,0.4655619844440494,0.44214459977506493,0.4370519779639099,0.4463843874487002
stable_mutable,14101,50,102,4.721858266277981,0.11644698920233335,0.9704142521155984,False,0.4655619844440494,0.44214459977506493,0.4370519779639099,0.4463843874487002
stable_mutable,14101,55,102,4.470387678042686,0.11644698920233335,0.9704142521155984,False,0.4655619844440494,0.44214459977506493,0.4370519779639099,0.4463843874487002
stable_mutable,14101,60,98,4.387189215921979,0.1141998373070296,0.9519719695359667,False,0.4702708319779858,0.43306702907745315,0.44018776468166254,0.44620636713019174
stable_mutable,14101,65,95,4.286176496424777,0.11340508735829061,0.9456090030625139,False,0.4731464684227505,0.42831294555637967,0.44068461361741684,0.44436863510628016
stable_mutable,14101,70,91,4.24414689187202,0.11245745528846038,0.9374346040666254,False,0.47106900429240267,0.422359142852444,0.43551445073967754,0.4438598555899841
stable_mutable,14101,75,87,4.230392542425091,0.112945380094352,0.9185307736386948,False,0.47049191462665146,0.41445118315553836,0.4335484892751344,0.4450605431685117
stable_mutable,14101,80,83,4.244094255313047,0.11470922876920747,0.8997972652446096,False,0.47029256706276873,0.40220707163135616,0.4332442938527943,0.4488102257459943
stable_mutable,14101,85,81,4.224731150505962,0.11563542205768834,0.8948007875948227,False,0.4710273568450791,0.3993373165086543,0.43322918276425587,0.44925405695784854
stable_mutable,14101,90,76,4.392129252512933,0.11499150422889637,0.8754345826052087,False,0.4768918348459639,0.39674791270837867,0.43066505165031993,0.453299331640357
stable_mutable,14101,95,77,4.232556145337439,0.11565732634399226,0.8720637537041569,False,0.48058672226933097,0.3964267842026691,0.42963525984179385,0.4521922920748793
stable_mutable,14101,100,74,4.344405394472742,0.11956999738368612,0.8437153547006357,False,0.4849416956768827,0.3819137998598719,0.4390267365714284,0.44853734144067964
stable_mutable,14101,105,74,4.305389580389508,0.12089769069327186,0.8385715812261285,False,0.48884403271913035,0.38152642840899204,0.43846873941461023,0.44689457551182027
stable_mutable,14101,110,73,4.325531903408542,0.12038076933877123,0.8330911023316994,False,0.48844750611091803,0.3777336782224412,0.4362981238805275,0.4472018066728042
stable_mutable,14101,115,71,4.430017309138361,0.12090570581009302,0.8020090194594112,False,0.49061008661072586,0.36081779920553175,0.4357258708734796,0.45042619932539524
stable_mutable,14101,120,68,4.5690121904238765,0.12216127214841457,0.783323584546502,False,0.49337572476012365,0.3556417206513565,0.43437862001230215,0.45157069694134117
stable_mutable,14101,125,63,4.896159189663866,0.12401389501492412,0.7544749943663386,False,0.4985368469068159,0.3482340668572426,0.4354745320458766,0.45180384150777125
stable_mutable,14101,130,61,5.0772627696528465,0.1250027204945,0.7380720390146335,False,0.503822708187149,0.34574933166264815,0.43557129516746845,0.4463185571086272
stable_mutable,14101,135,59,5.264312355064806,0.1254754525564533,0.7282064150804246,False,0.5079312359239935,0.3419881815575388,0.4380049698006531,0.44996326045148816
stable_mutable,14101,140,58,5.391583257738338,0.12582859866758608,0.7147371203320886,False,0.5117970749418317,0.33898693533473273,0.44269484894456973,0.4487301725224734
stable_mutable,14101,145,58,5.395031533600406,0.12582859866758608,0.7147371203320886,False,0.5117970749418317,0.33898693533473273,0.44269484894456973,0.4487301725224734
stable_mutable,14101,150,57,5.48951531489164,0.1261324513927018,0.7198884907883573,False,0.5101136176702199,0.3375572186587769,0.4454318112834914,0.4497112259035554
stable_mutable,14101,155,57,5.500041630681114,0.12902293311172,0.7075237138427469,False,0.507992168097531,0.3300763929360212,0.449926956787947,0.4464116385716518
stable_mutable,14101,160,57,5.503988999102166,0.12902293311172,0.7075237138427469,False,0.507992168097531,0.3300763929360212,0.449926956787947,0.4464116385716518
stable_mutable,14101,165,59,5.317328355064804,0.12842913728965988,0.7126620138158124,False,0.5096083958567841,0.33350399179606866,0.45256287566837794,0.4409994660138527
stable_mutable,14101,170,60,5.2075395491470555,0.12776225068343294,0.7131632007436256,False,0.5113019874438091,0.33527620827705457,0.4527493064534806,0.4421822521529977
stable_mutable,14101,175,60,5.182539549147054,0.12776225068343294,0.7131632007436256,False,0.5113019874438091,0.33527620827705457,0.4527493064534806,0.4421822521529977
stable_mutable,14101,179,60,5.162539549147055,0.12776225068343294,0.7131632007436256,False,0.5113019874438091,0.33527620827705457,0.4527493064534806,0.4421822521529977
stable_mutable,14101,180,60,5.157539549147054,0.12776225068343294,0.7131632007436256,False,0.5113019874438091,0.33527620827705457,0.4527493064534806,0.4421822521529977
stable_mutable,14101,185,60,5.167539549147053,0.12776225068343294,0.7131632007436256,False,0.5113019874438091,0.33527620827705457,0.4527493064534806,0.4421822521529977
stable_mutable,14101,190,60,5.144155955959167,0.12736790374123627,0.7063307972908835,False,0.5097843027022143,0.32701692981131486,0.4504138718510543,0.43893336577466285
stable_mutable,14101,195,60,5.1181110767363815,0.1279891774963417,0.7111240416993179,False,0.5064417587308887,0.32846681658185123,0.4508630281282921,0.44518821273088677
stable_mutable,14101,200,60,5.128111076736383,0.1279891774963417,0.7111240416993179,False,0.5064417587308887,0.32846681658185123,0.4508630281282921,0.44518821273088677
stable_mutable,14101,205,60,5.175314683024487,0.12604450444503665,0.7036823318419062,False,0.5084204925954622,0.32652348763649475,0.44823579238830435,0.4421249064805623
stable_mutable,14101,210,59,5.246448830194392,0.12479931016130694,0.7030204522208435,False,0.5075925877156917,0.3238966466412222,0.44911830050455737,0.43664956876722055
stable_mutable,14101,215,57,5.422593645648622,0.12561248427591776,0.6861700606554545,False,0.5082835106441494,0.32058208863927723,0.446912300254953,0.43224194560246243
stable_mutable,14101,220,58,5.326531686240886,0.12492025865927611,0.6761088168727106,False,0.5096721325941815,0.3181908963371715,0.4451459565066099,0.4368401716549388
stable_mutable,14101,225,58,5.320497203482264,0.12492025865927611,0.6761088168727106,False,0.5096721325941815,0.3181908963371715,0.4451459565066099,0.4368401716549388
stable_mutable,14101,230,60,5.129647296699522,0.12513204863997224,0.6823418927278613,False,0.5145403102353313,0.32259939565161766,0.4438944040633863,0.4412935352704036
stable_mutable,14101,235,58,5.281588434820195,0.1220181135700382,0.6897395659119875,False,0.5154415187833818,0.32645726623011023,0.44136191564177396,0.44391442555644867
stable_mutable,14101,240,59,5.186137783382563,0.12168121661269096,0.6892239106725239,False,0.517296641285913,0.3294428341942167,0.4417775511043942,0.44463281122761567
stable_mutable,14101,245,58,5.300881538268469,0.12203612644931665,0.6883696699901026,False,0.518181966454105,0.3313341048604138,0.4442542701047111,0.4448812612492862
stable_mutable,14101,250,58,5.294847055509848,0.12203612644931665,0.6883696699901026,False,0.518181966454105,0.3313341048604138,0.4442542701047111,0.4448812612492862
stable_mutable,14101,255,58,5.288812572751225,0.12203612644931665,0.6883696699901026,False,0.518181966454105,0.3313341048604138,0.4442542701047111,0.4448812612492862
stable_mutable,14101,260,57,5.432604901079353,0.12108582449531571,0.6914995433363028,False,0.5129566619422024,0.3316480710323226,0.44652597323234533,0.4457845829778634
stable_mutable,14101,265,57,5.436552269500405,0.12108582449531571,0.6914995433363028,False,0.5129566619422024,0.3316480710323226,0.44652597323234533,0.4457845829778634
stable_mutable,14101,270,56,5.539569274312911,0.1203309502139005,0.6828274222623969,False,0.5122131246227833,0.32859303801384243,0.4424260028325637,0.44453366702443925
stable_mutable,14101,275,56,5.5538549885986255,0.1203309502139005,0.6828274222623969,False,0.5122131246227833,0.32859303801384243,0.4424260028325637,0.44453366702443925
stable_mutable,14101,280,50,5.479319052830465,0.11953289738237766,0.6674704619686861,False,0.5177565681767303,0.3250143322314693,0.4457071459482895,0.44258583376208094
stable_mutable,14101,285,46,5.428079756554856,0.12121889568134851,0.6507716761062456,False,0.5240355031455494,0.3286521819622639,0.4398593045606632,0.44272256240219776
stable_mutable,14101,290,42,5.6080901487186505,0.12487182847046513,0.6245662908836888,False,0.5254086403530175,0.3263959834854698,0.4346667791478481,0.438903311411489
stable_mutable,14101,295,42,5.781994910623414,0.1228988742809487,0.5979525655465644,False,0.5291349308968938,0.32759345860030137,0.433142939695455,0.4334280591143728
stable_mutable,14101,300,36,6.211943697949546,0.12573901334911797,0.5615646419144786,False,0.5268376665629462,0.3104452975377223,0.439622704544058,0.4378105061992987
stable_mutable,14101,305,37,6.227359273680639,0.1288282869893437,0.5572978823637643,False,0.5191895151098311,0.3055534388088197,0.45495037381532216,0.4359945637188922
stable_mutable,14101,310,36,6.4113070316668805,0.1259334003740341,0.5519223968053599,False,0.5277361610617981,0.31472891482714915,0.45069892499820813,0.4327432880741298
stable_mutable,14101,315,35,6.894671689714508,0.1268616879157755,0.5464253414988689,False,0.5279374136259032,0.31019110386250315,0.4545561839442402,0.42851972841755454
stable_mutable,14101,320,36,6.851585638955774,0.12968121998848553,0.5461283570007068,False,0.5174605264960672,0.3054699861318163,0.4643740380142776,0.42302347020443887
stable_mutable,14101,325,34,6.952916558894353,0.1315240637321752,0.5234713126606843,False,0.5174995577921911,0.3074583063713816,0.4795915526739164,0.4175353430899325
stable_mutable,14101,330,35,7.131828145034946,0.131176677489895,0.5360123875328333,False,0.5101989887619858,0.309885855010737,0.4778880387276263,0.42955514728757666
stable_mutable,14101,335,36,7.025964029895086,0.13114504037813335,0.5417986915606031,False,0.5128085230794448,0.3107453068137976,0.47449750595289736,0.4318645433034982
stable_mutable,14101,339,37,7.042559596654677,0.13171161417450628,0.5474477907742711,False,0.5145409606315564,0.3147818524804052,0.47826611215060955,0.4262198283393263
stable_mutable,14119,0,72,6.958089482729336,0.10496927326366896,0.9999999999999998,False,0.45702597022770064,0.49848294355795897,0.42519602146945473,0.44666923545826737
stable_mutable,14119,5,76,7.342795299427793,0.10525401624098323,0.9955816892608756,False,0.45797265220334443,0.4969366992292961,0.4295512829435152,0.448083425983051
stable_mutable,14119,10,87,6.98313152593692,0.10788355840475372,0.9883614319811516,False,0.4681422612816055,0.4901903016909305,0.420532076471592,0.4438962395544684
stable_mutable,14119,15,90,6.843916030627911,0.10764536306396999,0.987346376966594,False,0.46785957753349966,0.4885139706225487,0.4210721292784156,0.44594294416369124
stable_mutable,14119,20,92,6.631276551701217,0.1071530532945914,0.9855183080837088,False,0.4681700629624386,0.4865095011864646,0.42103601423014697,0.44680479686413654
stable_mutable,14119,25,94,6.44715364634587,0.10719814317385282,0.9851777818637344,False,0.46839058016085333,0.4853046751949907,0.42190646613511235,0.4460349863846553
stable_mutable,14119,30,95,6.341078344805388,0.10691761019485933,0.9850523136603937,False,0.4684382927825876,0.4845124250770648,0.42248452725311636,0.44728523723629215
stable_mutable,14119,35,97,6.092087038726925,0.10680474764298208,0.9823623280826098,False,0.46959187341828335,0.48327995543114766,0.4215751417569033,0.449760185830705
stable_mutable,14119,40,101,5.863588542143678,0.10672396604143712,0.9800092200750911,False,0.4721239926153063,0.482486507140471,0.4218015618308792,0.44842978843889714
stable_mutable,14119,45,102,5.618798458397171,0.10690208326319575,0.9781283843561203,False,0.4726366674743258,0.48127739854523244,0.422592763043768,0.45030479422696074
stable_mutable,14119,50,102,5.441347478005015,0.10690208326319575,0.9781283843561203,False,0.4726366674743258,0.48127739854523244,0.422592763043768,0.45030479422696074
stable_mutable,14119,55,102,5.244288654475601,0.10690208326319575,0.9781283843561203,False,0.4726366674743258,0.48127739854523244,0.422592763043768,0.45030479422696074
stable_mutable,14119,60,88,5.849573213142175,0.10913126687386947,0.9220967118213629,False,0.4859168173676236,0.468806468272555,0.4167715656900167,0.4477731171267793
stable_mutable,14119,65,87,5.778399823142455,0.10931235283371195,0.9142637010450051,False,0.4867335173515447,0.46871433052471084,0.41722363298419357,0.4475931269458087
stable_mutable,14119,70,89,5.512031287790937,0.11183043503127653,0.9079305413381319,False,0.48918086185926346,0.46431023230179425,0.4154667767704776,0.441533003250159
stable_mutable,14119,75,88,5.4293270978794705,0.1093589119350975,0.8986050318739092,False,0.49443100670705936,0.45944125643710465,0.4156810919417673,0.44598185378347777
stable_mutable,14119,80,88,5.350349825152197,0.1093589119350975,0.8986050318739092,False,0.49443100670705936,0.45944125643710465,0.4156810919417673,0.44598185378347777
stable_mutable,14119,85,85,5.396597466039921,0.10901769789191572,0.8800069158027701,False,0.49449136855308345,0.45647092562993663,0.42132383604081136,0.4455267404893847
stable_mutable,14119,90,85,5.318550407216392,0.10915367611256611,0.877632756907149,False,0.4972418718887942,0.45645471134311705,0.42163485065467377,0.447271193305749
stable_mutable,14119,95,83,5.340123091727629,0.10997329408887027,0.868181351884942,False,0.4994054649764722,0.4514494288472547,0.4245910651422953,0.4455856281856929
stable_mutable,14119,100,82,5.301648983090161,0.10904691293686788,0.8569199842361168,False,0.503738317588398,0.4488016915782881,0.4220107115159211,0.4443280736092067
stable_mutable,14119,105,81,5.255466871770286,0.10770747047314042,0.8486882524568984,False,0.503920817019287,0.4461161197929717,0.42057303659306605,0.4424266235570656
stable_mutable,14119,110,80,5.229860207667414,0.10820071018036159,0.8435478743834041,False,0.5064668821397195,0.4440349029793901,0.421042799838734,0.44338352456660035
stable_mutable,14119,115,77,5.355904111862248,0.10889721731051583,0.8283770000610281,False,0.5074760819854748,0.4387748600226069,0.4237034807401206,0.44840241029578043
stable_mutable,14119,120,79,5.194552109030293,0.10958080469382322,0.8250519992883367,False,0.5098668070644631,0.43842299133986695,0.4224582903740997,0.4530665965309577
stable_mutable,14119,125,77,5.275506709264846,0.1086876956480728,0.8223680592850932,False,0.5130302584292599,0.43653650671038363,0.41842817485835315,0.4521088283330548
stable_mutable,14119,130,74,5.464294819099908,0.10870788353699759,0.8054566851227014,False,0.5188042084058572,0.43210452366019464,0.4225099389983998,0.4518529583771114
stable_mutable,14119,135,75,5.326160221511907,0.11085921436118727,0.8007834622872286,False,0.5199771580009233,0.4272355217556758,0.41825863816062303,0.4497671759333315
stable_mutable,14119,140,75,5.2796588881785755,0.1134962808788419,0.7880331516464761,False,0.5183830597268407,0.42450497948418087,0.4141750777192959,0.44308568815869326
stable_mutable,14119,145,75,5.300274888178573,0.11327749199790989,0.7834048739940992,False,0.5164641729537075,0.42347501656087816,0.4153766862305197,0.4441327286463853
stable_mutable,14119,150,73,5.418846802923191,0.11326796056574548,0.7708892129868835,False,0.5193782964900103,0.42266202201673003,0.4166911968531467,0.44683974873420584
stable_mutable,14119,155,71,5.533943895963281,0.11195514598285095,0.762414459674622,False,0.5187507530587785,0.41913598792531886,0.40928274025247435,0.44584506288916154
stable_mutable,14119,160,72,5.43586945296379,0.11131203290181141,0.7601597502331475,False,0.5187438981387547,0.4203171758205533,0.4107087717163111,0.4475582870985375
stable_mutable,14119,165,71,5.506580290329477,0.11001674869540029,0.7472225886786373,False,0.524885259578491,0.4164507150051377,0.4128269414392393,0.4450452274324929
stable_mutable,14119,170,68,5.740432361961662,0.11029014806478585,0.7354159913676085,False,0.5298522948344272,0.4128335885894444,0.4130368418905851,0.4439820794819654
stable_mutable,14119,175,69,5.658759429179607,0.11017234279385277,0.7339916260555224,False,0.5306407085158792,0.4136402849699438,0.4105327742540414,0.44552888613243447
stable_mutable,14119,179,70,5.562848580191327,0.11038592205531136,0.7346354469905447,False,0.5298183341146242,0.41102097333476806,0.4091588800008478,0.44705055995089465
stable_mutable,14119,180,70,5.557848580191326,0.11038592205531136,0.7346354469905447,False,0.5298183341146242,0.41102097333476806,0.4091588800008478,0.44705055995089465
stable_mutable,14119,185,71,5.457385924132293,0.11020764891143965,0.7267812727010594,False,0.5330116381008574,0.4112956276440314,0.412391344138095,0.4458395531595961
stable_mutable,14119,190,72,5.446588897408233,0.1097087606853174,0.7240121347921404,False,0.533424865247007,0.4104905841416228,0.4139947807769264,0.44626780766803936
stable_mutable,14119,195,69,5.700171950918736,0.10869994907038666,0.6990445436177066,False,0.5357570774123666,0.40526173013352357,0.41043149261982415,0.4506301536544676
stable_mutable,14119,200,69,5.759229921933228,0.10869994907038666,0.6990445436177066,False,0.5357570774123666,0.40526173013352357,0.41043149261982415,0.4506301536544676
stable_mutable,14119,205,69,5.7731742604839535,0.10911478764878875,0.7020610755167898,False,0.5351528398518444,0.4040298502191734,0.4111145786125552,0.4502472107921637
stable_mutable,14119,210,67,6.018021602372589,0.10973334080674083,0.6980890010848766,False,0.5371276652845384,0.4030263477670915,0.41142023868684763,0.45150413233160297
stable_mutable,14119,215,67,6.058350796402439,0.10898492899880806,0.6972071887342582,False,0.5374086043891801,0.4054529774986111,0.4103270520995141,0.4511917482927082
stable_mutable,14119,220,67,6.107936109835275,0.10832534794598013,0.6910886184780713,False,0.5403639262956781,0.4059718492402915,0.4095984858957032,0.4557753225951795
stable_mutable,14119,225,68,6.066886578808286,0.11118545288215567,0.6932057682468517,False,0.5405154785576278,0.405985793141099,0.40251148535547515,0.4479934245125429
stable_mutable,14119,230,67,6.191068527745724,0.11177356925619053,0.6775964722481499,False,0.5465418759772644,0.40611875662412616,0.3978560639522372,0.4500708132241595
stable_mutable,14119,235,67,6.206367035208409,0.11177356925619053,0.6775964722481499,False,0.5465418759772644,0.40611875662412616,0.3978560639522372,0.4500708132241595
stable_mutable,14119,240,67,6.333195911626317,0.11242942742762009,0.6782991926491161,False,0.5475918237855453,0.40426780090581427,0.39900192973328813,0.45265330704194257
stable_mutable,14119,245,67,6.348494419089005,0.11242942742762009,0.6782991926491161,False,0.5475918237855453,0.40426780090581427,0.39900192973328813,0.45265330704194257
stable_mutable,14119,250,66,6.450418395135808,0.11011647500116863,0.6767863735043793,False,0.5499073090170946,0.40439108916328403,0.4032178369667818,0.4564006943561632
stable_mutable,14119,255,65,6.679255601214819,0.11035164498688388,0.6766485576752035,False,0.5508610147274362,0.4040840782418035,0.4012876723374328,0.45854139769158153
stable_mutable,14119,260,66,6.677221425438837,0.11035371537472495,0.6751778326808009,False,0.5521746243665522,0.4043838220811891,0.39855210292704757,0.4603782849999516
stable_mutable,14119,265,67,6.584053941477063,0.11104267915326468,0.6753884228089958,False,0.5508095128118818,0.4012867335823507,0.4007179258975803,0.4587491696599664
stable_mutable,14119,270,70,6.338308772556618,0.11397353460208583,0.6716495725118414,False,0.550183784029409,0.39826386779051637,0.3968288762974891,0.44726354940288854
stable_mutable,14119,275,70,6.3204402011280445,0.11304103804748578,0.6626192832365528,False,0.5532154420144971,0.39860769468959345,0.39391340295271215,0.44785546643892493
stable_mutable,14119,280,67,6.311082956402435,0.11209549146936651,0.6499495288526355,False,0.5539440196445141,0.3937881887574623,0.3941374670777743,0.4466558579385646
stable_mutable,14119,285,61,6.353830613185272,0.10902850916298124,0.6310891446717805,False,0.5500111841886899,0.3886464201709825,0.39957737127079845,0.4457387983003185
stable_mutable,14119,290,59,6.434126566174602,0.10996355747894597,0.6175969819462886,False,0.5511798804429094,0.3865236782539936,0.3963885278989958,0.44456412845967846
stable_mutable,14119,295,59,6.131437247557654,0.10954346706886153,0.6056630900502369,False,0.5548519444555596,0.38132088028625694,0.39605523459629355,0.44734879989792586
stable_mutable,14119,300,57,6.126466624664943,0.11284383449450437,0.5787187693365189,False,0.5533963616381744,0.37990444928044304,0.3943395483986808,0.4438373423238903
stable_mutable,14119,305,57,6.226905221156171,0.11284383449450437,0.5787187693365189,False,0.5533963616381744,0.37990444928044304,0.3943395483986808,0.4438373423238903
stable_mutable,14119,310,55,6.216970693110941,0.11101659892467741,0.5827099767316671,False,0.5556248245359051,0.3782487113669055,0.4043432999467532,0.446152007682084
stable_mutable,14119,315,56,6.262763410733959,0.11181496191616114,0.5806646259601868,False,0.5577712027855593,0.3798028675236348,0.40030060923944094,0.445137015194703
stable_mutable,14119,320,53,6.572553174335051,0.11004869931093059,0.5853861748531389,False,0.5548822512703219,0.3790812950824438,0.4030635856275021,0.44792806968363413
stable_mutable,14119,325,57,6.299566986662415,0.10940683481609897,0.585396650689388,False,0.5525895137924484,0.38040499830211877,0.4052217859832435,0.4515714890726415
stable_mutable,14119,330,57,6.3724827761361,0.11051995270713252,0.5797097550966467,False,0.5540526756217071,0.3806567728148664,0.4038839288277388,0.4506249535939815
stable_mutable,14119,335,57,6.442896182460606,0.11102193052954819,0.570482447115699,False,0.5537934581191961,0.37893733029444243,0.4085234269541092,0.4525821768942066
stable_mutable,14119,339,55,6.639421583015537,0.11103811376350484,0.5695540972159178,False,0.5529224427448561,0.37403719245306427,0.41197076268312094,0.44978801456338763
stable_mutable,14137,0,72,6.973627477536157,0.10142822611318889,0.9999999999999998,False,0.4592815447631256,0.47575420395544327,0.4341119826798667,0.4308224667497793
stable_mutable,14137,5,75,6.965615711768044,0.1021210515814325,0.9965791624790418,False,0.46219969076650813,0.47294193267374823,0.436627686375251,0.43071790487372863
stable_mutable,14137,10,85,6.96555673725935,0.1036083424526116,0.989235457768083,False,0.46404846980081416,0.46572749968501614,0.43952564890384266,0.4298614654539024
stable_mutable,14137,15,93,6.646574941434613,0.10347525660574602,0.9827015233925297,False,0.4677501571452741,0.4631388104128826,0.44100360329117544,0.43285568068155655
stable_mutable,14137,20,98,6.246927061790925,0.10333203087291881,0.977787849894364,False,0.473258246062294,0.4633274656425164,0.4400328487737312,0.4322401535947115
stable_mutable,14137,25,102,5.937782006960849,0.10368677221431205,0.9757293737157585,False,0.4747008842816913,0.4605447596843683,0.43940566739522147,0.42646957716313677
stable_mutable,14137,30,104,5.719899643368238,0.10466080034539976,0.9729522418576798,False,0.47552899167486906,0.45970679680006027,0.4363716137449457,0.42357858453658886
stable_mutable,14137,35,107,5.383346123628279,0.10430579366920058,0.9713956025195961,False,0.4783416778069202,0.46106871013300166,0.43721549866509873,0.4230137753672149
stable_mutable,14137,40,110,5.105395951778934,0.10429675899353054,0.9675458053218754,False,0.479178239493273,0.46090875205890564,0.4372800236464987,0.41876528460552676
stable_mutable,14137,45,113,4.870082494299505,0.10513870067782169,0.9628437697561497,False,0.47897483949048875,0.4590667550233473,0.4375485129083438,0.41516154856940946
stable_mutable,14137,50,114,4.608672487105737,0.1046415739674147,0.9603254695673478,False,0.4787715119871494,0.45791144925053795,0.4377851273586833,0.4151991388345733
stable_mutable,14137,55,115,4.381294661430877,0.10504252912847269,0.9568048928397789,False,0.479875255892985,0.4595784399336081,0.4397824091975516,0.4149843408493739
stable_mutable,14137,60,95,5.035209018906382,0.10295842042354819,0.8772399489956553,False,0.49293235591470214,0.43917885362603004,0.44377514823605874,0.42159435924182725
stable_mutable,14137,65,94,4.914754593410434,0.10294229709819296,0.8727700404601558,False,0.49483492063357937,0.43974015759882046,0.44421046131611736,0.4206978663812336
stable_mutable,14137,70,89,5.018402209959995,0.10304894466418016,0.8470716953197419,False,0.49898770715646146,0.4362036026389953,0.446987710978353,0.41906721926308543
stable_mutable,14137,75,90,4.7924672369622074,0.10298746919075642,0.8349883950996246,False,0.5049317467143587,0.43852562991659705,0.44836824915116763,0.42091135044014905
stable_mutable,14137,80,87,4.7571978632878,0.103895247783722,0.827209873722402,False,0.5063614638669661,0.4372229816625709,0.4487213098968946,0.4173386248348646
stable_mutable,14137,85,88,4.580303252676152,0.10223532585604352,0.8217558614556076,False,0.5106222228562125,0.4385748349557344,0.44764302904316433,0.4149238468050788
stable_mutable,14137,90,84,4.628230960073402,0.0999846478829077,0.7945979807722823,False,0.5208427346548931,0.4379409654095565,0.4478140442749092,0.4132360070563011
stable_mutable,14137,95,80,4.754736467895577,0.10041726668368277,0.7721103672001783,False,0.522986481116631,0.43230840998448644,0.44893887435462154,0.4084727940972819
stable_mutable,14137,100,79,4.787722154145631,0.09852421493266479,0.7741789859347528,False,0.5284568777157107,0.4331401596010134,0.4498383102174781,0.41300407696826763
stable_mutable,14137,105,80,4.758960724080626,0.09826991263036194,0.772312690303957,False,0.528762202878125,0.43431630681768424,0.44950116895556536,0.411482937024639
stable_mutable,14137,110,79,4.816276273179368,0.09708060657514944,0.7561315977747127,False,0.5348358441057226,0.43139938212825846,0.4484476187010761,0.41080176029142373
stable_mutable,14137,115,79,4.72045189928838,0.09375787173534446,0.7398046323531273,False,0.5421528404238241,0.42916201274086513,0.44686064679302917,0.4134334478592591
stable_mutable,14137,120,77,4.749239605306751,0.09133846348129575,0.7264869153181575,False,0.5451098207106232,0.4298739705950788,0.4506793451187086,0.40910776088041945
stable_mutable,14137,125,75,4.77213231993244,0.09229293531660589,0.7020797837605468,False,0.5526809256150135,0.4326110596271037,0.44871894189923617,0.414546603557871
stable_mutable,14137,130,75,4.68352778801498,0.09229293531660589,0.7020797837605468,False,0.5526809256150135,0.4326110596271037,0.44871894189923617,0.414546603557871
stable_mutable,14137,135,75,4.588670066855728,0.09229293531660589,0.7020797837605468,False,0.5526809256150135,0.4326110596271037,0.44871894189923617,0.414546603557871
stable_mutable,14137,140,75,4.449247827029948,0.09186650270735687,0.6966138609983533,False,0.5522379039661461,0.43157875126374895,0.44921309037402807,0.41386880500059925
stable_mutable,14137,145,71,4.603113463608605,0.09252667705899188,0.6744082478286819,False,0.550784724180207,0.42685233716328874,0.4457341155100591,0.4139028240928234
stable_mutable,14137,150,71,4.506812684853533,0.09252667705899188,0.6744082478286819,False,0.550784724180207,0.42685233716328874,0.4457341155100591,0.4139028240928234
stable_mutable,14137,155,69,4.54932588192745,0.0913349537878613,0.6724779837243218,False,0.550682900365289,0.426602302658166,0.44536217374118975,0.4121248912161087
stable_mutable,14137,160,67,4.651601129172976,0.09153619082069392,0.6627847267197043,False,0.5508917367382924,0.4262352532014858,0.44709939282673233,0.4124612229913272
stable_mutable,14137,165,64,4.831341021817297,0.09245904030884614,0.6618737793294394,False,0.5526402753385744,0.4252421655579698,0.44881424432632794,0.41598851845026197
stable_mutable,14137,170,63,4.8778892899086665,0.0919038536509188,0.6584067483242481,False,0.5527990213280851,0.42558496644032334,0.4490381136971675,0.41205097412425684
stable_mutable,14137,175,63,4.840929118765131,0.09232656633015585,0.6625477790166165,False,0.5499655614915309,0.4227668777650235,0.45105292214298903,0.4147366338521382
stable_mutable,14137,179,63,4.8013861691954896,0.09232656633015585,0.6625477790166165,False,0.5499655614915309,0.4227668777650235,0.45105292214298903,0.4147366338521382
stable_mutable,14137,180,63,4.7998782326875515,0.09232656633015585,0.6625477790166165,False,0.5499655614915309,0.4227668777650235,0.45105292214298903,0.4147366338521382
stable_mutable,14137,185,62,4.944378658464123,0.09264509818839863,0.652116681213689,False,0.553286852282958,0.4211692619957895,0.4483473872235518,0.41491927382189253
stable_mutable,14137,190,63,4.9470071324231695,0.09202821978077433,0.653737614757541,False,0.5539935837885722,0.42198349339585645,0.44782096896573265,0.41498342348652917
stable_mutable,14137,195,60,5.348037153706238,0.09370518550315647,0.6547896103855979,False,0.5594424451929462,0.4265237124047413,0.4483396473954578,0.4195353668569236
stable_mutable,14137,200,60,5.532658413806553,0.09379409324852318,0.6547896103855979,False,0.5589113803643571,0.4256796930438922,0.45004842151393987,0.4200103235381309
stable_mutable,14137,205,60,5.653187336257558,0.09408889865943489,0.6547896103855978,False,0.5603839342659103,0.4264969419083489,0.4504155587356014,0.4154022061155338
stable_mutable,14137,210,61,5.597115230940192,0.09433351003666421,0.654024127192376,False,0.5597807294434304,0.42556343647649997,0.45118277218754566,0.41148688500574165
stable_mutable,14137,215,61,5.626926776070014,0.09433351003666421,0.654024127192376,False,0.5597807294434304,0.42556343647649997,0.45118277218754566,0.41148688500574165
stable_mutable,14137,220,64,5.396541772396269,0.09637709592295715,0.6504140601613213,False,0.5607452142818214,0.4253864240200016,0.45622287431654407,0.4113037571554723
stable_mutable,14137,225,64,5.46410029896408,0.09682760572802397,0.6453491687740363,False,0.561446458303116,0.4220857635778001,0.45660852329735874,0.4116358807708663
stable_mutable,14137,230,65,5.391249244686616,0.09622151570225256,0.6419522568179377,False,0.561450836908906,0.42348556321199315,0.45651594609719504,0.41160266965011577
stable_mutable,14137,235,68,5.210638423051386,0.09649447177011392,0.6275202187915794,False,0.5674916996937268,0.42936207546519756,0.4619091731468339,0.4093004461031708
stable_mutable,14137,240,67,5.3270200093094955,0.09620359809796428,0.6357392809365033,False,0.565893628647408,0.42621874856479575,0.457779724554096,0.4088344142740626
stable_mutable,14137,245,67,5.342680015810313,0.09620359809796428,0.6357392809365033,False,0.565893628647408,0.42621874856479575,0.457779724554096,0.4088344142740626
stable_mutable,14137,250,68,5.280289226655448,0.09608674339271608,0.632189965778156,False,0.5668778864544404,0.4246941985918879,0.4560197936294663,0.40814951978047503
stable_mutable,14137,255,68,5.267260801531879,0.09608674339271608,0.632189965778156,False,0.5668778864544404,0.4246941985918879,0.4560197936294663,0.40814951978047503
stable_mutable,14137,260,67,5.365773531011859,0.0963748057719611,0.6300997948268019,False,0.568398308100225,0.42593212159240035,0.4561051980931462,0.40907447830891236
stable_mutable,14137,265,66,5.468990680083571,0.09650354698133307,0.632751122497852,False,0.5673895155255761,0.4238920085095822,0.4546812160289982,0.4092801294156102
stable_mutable,14137,270,65,5.560273469882105,0.09720471323724189,0.6288311719435332,False,0.5681505282675525,0.42387864223834293,0.45351857493300707,0.40969408984391836
stable_mutable,14137,275,64,5.655239217223636,0.0972937934728965,0.632660482190006,False,0.5680199356738782,0.42292549765348697,0.45242690641006783,0.41064431055526124
stable_mutable,14137,280,59,5.687352374156274,0.09565387762383405,0.6033992580286139,False,0.5721686035722181,0.42500170486956584,0.4611508498845631,0.40544472661996916
stable_mutable,14137,285,55,5.652277250027522,0.09436546515869408,0.5884758529106591,False,0.5748146672226493,0.4277278929566995,0.45849121893082717,0.39947686776757735
stable_mutable,14137,290,54,5.665605370155449,0.09409634399884581,0.5785586875783858,False,0.5804275344382303,0.4277385906734554,0.45841874712290526,0.3978980052276395
stable_mutable,14137,295,56,5.5050384692751395,0.09454699879501663,0.5793205674638704,False,0.5790991096114324,0.4227234164722628,0.4515810477939021,0.3941310231457197
stable_mutable,14137,300,54,5.799569818929791,0.0949078855288134,0.5767540128204907,False,0.5805503264999045,0.41479988661455697,0.4463785658573813,0.3989392187174365
stable_mutable,14137,305,52,6.118674810134209,0.09508472780632624,0.5801064866953267,False,0.5799571429089501,0.4118215985322274,0.44384206839344176,0.401463389159068
stable_mutable,14137,310,49,6.102035815683921,0.09017509593386012,0.5608903138037037,False,0.5882925960860925,0.4201107555961126,0.443933960590441,0.3931236548612183
stable_mutable,14137,315,48,6.267167387492274,0.09125592055825804,0.5697673245454611,False,0.5856839631351373,0.41599204368368153,0.44743306224310464,0.396953102797631
stable_mutable,14137,320,47,6.527243479297231,0.0909358347367415,0.5672078436499758,False,0.5852639946067669,0.41508435069515626,0.4511055787187583,0.4027833008429275
stable_mutable,14137,325,48,6.561516500209952,0.0935644709036929,0.5739030662731884,False,0.5871623079655173,0.42124303789646195,0.45366839668318554,0.4041711882390639
stable_mutable,14137,330,49,6.4724552303141385,0.0965032803727094,0.5822423779692204,False,0.5821901976850994,0.41047412511450626,0.44585911888354873,0.4119178120928617
stable_mutable,14137,335,47,6.781316577920243,0.09712786462041315,0.5680505601604494,False,0.5834475069821028,0.40875689230400813,0.4435868799437351,0.40861971071115677
stable_mutable,14137,339,49,6.655838767302166,0.09731544303700138,0.5672608013171642,False,0.5829442714599719,0.40677303278039834,0.4457342063139415,0.4100302864563381
stable_mutable,14153,0,72,7.0321222372333425,0.10150183473613084,0.9999999999999998,False,0.4724715695673924,0.4802038487282836,0.41141437762858074,0.4408483206591092
stable_mutable,14153,5,83,7.292106031739611,0.10018919149337302,0.9902841912915913,False,0.47262993017677707,0.4759362694801534,0.4112183239166124,0.43197762026452624
stable_mutable,14153,10,90,7.2296088959376394,0.10072351669856804,0.987346376966594,False,0.47591141964101374,0.47175651909503097,0.40924661697412174,0.4308839478094979
stable_mutable,14153,15,99,6.73238314878968,0.10083993925175341,0.9803117218507792,False,0.47964887726160155,0.46802100349339143,0.4057667705096213,0.4253451000693164
stable_mutable,14153,20,100,6.500859317301782,0.100414426866001,0.9783437097439616,False,0.480257299986297,0.4678293064797239,0.40575370709534586,0.42485635890589335
stable_mutable,14153,25,100,6.331859317301781,0.100414426866001,0.9783437097439616,False,0.480257299986297,0.4678293064797239,0.40575370709534586,0.42485635890589335
stable_mutable,14153,30,101,6.0891676408928515,0.10040116725625278,0.9772244926533376,False,0.4811311750977272,0.4661609911864389,0.40525330822578576,0.42495278046153584
stable_mutable,14153,35,102,5.8341758012762535,0.10018776521345485,0.9773494239299505,False,0.4817832429773126,0.46650713321507536,0.40566376351148753,0.42368383199196413
stable_mutable,14153,40,106,5.444439610879941,0.10068328391112502,0.9768855260814499,False,0.48619893939871944,0.4645341512952823,0.409325583828565,0.4255563628757597
stable_mutable,14153,45,106,5.27227614064089,0.10068328391112502,0.9768855260814499,False,0.48619893939871944,0.4645341512952823,0.409325583828565,0.4255563628757597
stable_mutable,14153,50,107,5.009965148672283,0.10071739357208473,0.9759694171984172,False,0.4870452875778024,0.4658899740303146,0.4096746563203752,0.42446618062664254
stable_mutable,14153,55,107,4.794778232784431,0.10071739357208473,0.9759694171984172,False,0.4870452875778024,0.4658899740303146,0.4096746563203752,0.42446618062664254
stable_mutable,14153,60,105,4.677250199123182,0.099931233582903,0.965082876785715,False,0.49342376428210377,0.46257114914598674,0.41433698743015074,0.42246724202864805
stable_mutable,14153,65,104,4.507512220268596,0.09977478852505625,0.950978615032622,False,0.4959162522405257,0.45800382648471594,0.41237947918111345,0.4194234340891674
stable_mutable,14153,70,98,4.572055580693204,0.097920761463263,0.9333743292292422,False,0.5012788347663167,0.4523497726378987,0.41451635348888427,0.4209009056322579
stable_mutable,14153,75,95,4.5547628516624625,0.09745559532894188,0.918482281567907,False,0.506594941307239,0.4487467322042964,0.41192122329340125,0.42146194289046945
stable_mutable,14153,80,93,4.526263128042302,0.09862757432204969,0.9047045705327894,False,0.5083216331544762,0.445914689848217,0.4135010630199703,0.4189531801931531
stable_mutable,14153,85,89,4.61547720121274,0.09696467628797603,0.8874522407756711,False,0.5094492453795176,0.44188343857191914,0.4156120074446887,0.41334308724884
stable_mutable,14153,90,86,4.651656638464348,0.09723418208330116,0.8775486769738096,False,0.5109251250121072,0.44146612759843995,0.4198690428555991,0.4141272363711481
stable_mutable,14153,95,85,4.623459657740398,0.09722824067269317,0.8714450327316899,False,0.5133946145645878,0.4412287755629026,0.4198747961046697,0.4135111597182876
stable_mutable,14153,100,84,4.694347642901484,0.0984452403582952,0.8652288132614268,False,0.5166796299091834,0.4408498591894417,0.4216512770214059,0.41646273727924776
stable_mutable,14153,105,86,4.676118627950285,0.09795032714113755,0.8603621285401483,False,0.518218507094344,0.4407485043293663,0.42145996431830757,0.4185386242579232
stable_mutable,14153,110,81,4.911996089445541,0.09628057022012451,0.8366825839833337,False,0.52725111808885,0.4341765505651554,0.42341756996589774,0.4167572805046116
stable_mutable,14153,115,79,4.976899787912516,0.09625273973251446,0.8260047496148395,False,0.5294604203358847,0.4322220110879158,0.4241685146737215,0.4158544103538272
stable_mutable,14153,120,77,5.090250018078133,0.09515804184672326,0.8146277138705376,False,0.5327124108916916,0.42983553923701917,0.42371648550792906,0.4132786155594978
stable_mutable,14153,125,76,5.161149837971989,0.09509831895608974,0.805492737209444,False,0.5376084580802964,0.4298377509593581,0.42654776013001583,0.41180090299759636
stable_mutable,14153,130,76,5.169155451519392,0.09509831895608974,0.805492737209444,False,0.5376084580802964,0.4298377509593581,0.42654776013001583,0.41180090299759636
stable_mutable,14153,135,77,5.078517069032126,0.09488626123253838,0.8044089932402354,False,0.5376156770092841,0.4300831124852004,0.4264424912686243,0.41394549356667276
stable_mutable,14153,140,78,4.998600183531714,0.09469606454800875,0.8010992051246328,False,0.5388830313822869,0.42974644971462994,0.424946052516397,0.4138302530304991
stable_mutable,14153,145,76,5.1176361883614945,0.09472347952363874,0.7951737076124822,False,0.5393929090798881,0.42634822825702967,0.42427976367144954,0.4164508292443882
stable_mutable,14153,150,77,5.080292251751685,0.0953473146923708,0.7852473318619142,False,0.5443593180489827,0.42597407655384284,0.42679235366273777,0.4139270873612446
stable_mutable,14153,155,77,5.116076253659834,0.09513764855799402,0.7812477578296552,False,0.5456915222054504,0.42346495975712517,0.42909289450683913,0.41337652157381677
stable_mutable,14153,160,77,5.09703168413941,0.09513764855799402,0.7812477578296552,False,0.5456915222054504,0.42346495975712517,0.42909289450683913,0.41337652157381677
stable_mutable,14153,165,75,5.230876856132803,0.09562125481901693,0.7720142567757543,False,0.5482799871169232,0.4203575118355452,0.4281063139192767,0.4060084549444874
stable_mutable,14153,170,76,5.164752229608595,0.09542380670372602,0.768577582222572,False,0.5495475919693501,0.4202606637747978,0.4268176562311537,0.40486795572713175
stable_mutable,14153,175,76,5.179010966450702,0.09512191833924058,0.7608797140330265,False,0.5492656395531522,0.4167986989626829,0.4263046226573844,0.4063798865257136
stable_mutable,14153,179,75,5.224741390709436,0.09491720933740457,0.7544257869310047,False,0.5515619545048278,0.4165617064265176,0.4245912999912827,0.4065169479739476
stable_mutable,14153,180,75,5.219741390709435,0.09491720933740457,0.7544257869310047,False,0.5515619545048278,0.4165617064265176,0.4245912999912827,0.4065169479739476
stable_mutable,14153,185,76,5.126389530305363,0.0955831077759293,0.7550046799350699,False,0.5522422228095752,0.41529293798931394,0.4245008123395214,0.40292753580223295
stable_mutable,14153,190,75,5.217824548187926,0.09492439838778886,0.7512476283922318,False,0.5558931937901866,0.4161366864439825,0.43182171227258653,0.407097150669987
stable_mutable,14153,195,74,5.267592447487763,0.09238873235378822,0.7446184549786741,False,0.5581196646319313,0.41178149887255416,0.43073618702570965,0.4055039447240065
stable_mutable,14153,200,74,5.250024879920195,0.09238873235378822,0.7446184549786741,False,0.5581196646319313,0.41178149887255416,0.43073618702570965,0.4055039447240065
stable_mutable,14153,205,73,5.308328335261566,0.09210141637942892,0.7475056358055098,False,0.5569893520698013,0.4105234065004175,0.43270687382436307,0.4069923184059614
stable_mutable,14153,210,73,5.29839682841225,0.09210141637942892,0.7475056358055098,False,0.5569893520698013,0.4105234065004175,0.43270687382436307,0.4069923184059614
stable_mutable,14153,215,71,5.490136613660352,0.09233834321729223,0.7429377260766777,False,0.557829047338261,0.40998891381282854,0.4307113614770502,0.40748630222358145
stable_mutable,14153,220,71,5.510911261547677,0.09233834321729223,0.7429377260766777,False,0.557829047338261,0.40998891381282854,0.4307113614770502,0.40748630222358145
stable_mutable,14153,225,70,5.634297894847019,0.09273477038243384,0.7359953767025567,False,0.5588442034628953,0.4109074086676459,0.4300793287656715,0.407952374792876
stable_mutable,14153,230,72,5.535587664548749,0.092986909291895,0.731818665448577,False,0.5621717280168667,0.41072515899210515,0.43254982847354806,0.40829637587608464
stable_mutable,14153,235,72,5.583073722610437,0.09327208557076355,0.7235989444868381,False,0.567571745109278,0.41286574699774703,0.43234186639730643,0.4045353871264727
stable_mutable,14153,240,70,5.761342159128382,0.09351993472687797,0.7201240261694212,False,0.5698762778450724,0.4129785952281405,0.4319178136564384,0.40382041854650247
stable_mutable,14153,245,69,5.900175423310044,0.09249328315864802,0.7174967130100571,False,0.5732747362631543,0.41104779105282985,0.4325230089390663,0.40251592830401045
stable_mutable,14153,250,70,5.906305862102934,0.09254146357640228,0.7142676803527852,False,0.5745109971632806,0.41032985082691303,0.4339695051604498,0.4004808986085957
stable_mutable,14153,255,70,5.919336385786352,0.09273311254678604,0.7172411189390242,False,0.576149251877175,0.40910418058320225,0.43338243922470304,0.4003263138643677
stable_mutable,14153,260,70,5.933622100072066,0.09273311254678604,0.7172411189390242,False,0.576149251877175,0.40910418058320225,0.43338243922470304,0.4003263138643677
stable_mutable,14153,265,70,5.94790781435778,0.09273311254678604,0.7172411189390242,False,0.576149251877175,0.40910418058320225,0.43338243922470304,0.4003263138643677
stable_mutable,14153,270,69,6.056044594811586,0.09321802684819828,0.7145720245154514,False,0.5758417859069624,0.4090395192273991,0.4324980558790079,0.3991613949601852
stable_mutable,14153,275,69,6.079450391913036,0.09423817850284,0.709874154243187,False,0.5731093250459206,0.4092616311676972,0.43238798061418127,0.4003417614414065
stable_mutable,14153,280,66,6.158356010982729,0.0944238044055471,0.7035781890259515,False,0.5734728995067004,0.40847443375135734,0.4324756844776592,0.40018173800356227
stable_mutable,14153,285,62,6.146909935220529,0.09566585657787288,0.6682634265013612,False,0.5793091614829715,0.4050692203058422,0.43303115656919483,0.4003394857081309
stable_mutable,14153,290,56,6.008124080644502,0.0979749190294115,0.6414880134804726,False,0.5821051409253879,0.4062976740960008,0.4364775094334215,0.3884535704759598
stable_mutable,14153,295,50,6.199419236617878,0.09486848576135737,0.5738531667358105,False,0.5970451747482797,0.39853864705937275,0.43951300176945557,0.37440730830717106
stable_mutable,14153,300,50,6.436340459017877,0.09559025740435445,0.563207291739351,False,0.599738933278156,0.3967588391194918,0.44011270061362284,0.3761135094674393
stable_mutable,14153,305,51,6.190546122856771,0.0932123686479357,0.5672668976236422,False,0.5984001915276496,0.40000534079886546,0.4358230844852336,0.3750479684604324
stable_mutable,14153,310,50,5.9582226285976905,0.0952866126458579,0.5596305771196358,False,0.6027952443605171,0.40086503788764155,0.4470540048861323,0.36739415739671016
stable_mutable,14153,315,51,5.795917871425187,0.09838580058573301,0.5672668976236421,False,0.5964158757843766,0.40174342966924353,0.4482672559369713,0.376617124927193
stable_mutable,14153,320,50,6.042424256581424,0.10010929461952951,0.562077567972805,False,0.5976064576538102,0.39814133564305754,0.44950324257920504,0.37118916585077555
stable_mutable,14153,325,51,6.218086580428324,0.09969655412546236,0.5648678869832803,False,0.5956430040051764,0.3988338752423558,0.45001967165860635,0.36873682805292163
stable_mutable,14153,330,50,6.383698776036889,0.09998144925351657,0.562077567972805,False,0.5961854903604651,0.4008239635100442,0.451915796666383,0.3674196658934644
stable_mutable,14153,335,51,6.556880679122584,0.10033548625692279,0.5723314014364869,False,0.5948037203350858,0.40147765541241354,0.4468460968832944,0.3728763902373094
stable_mutable,14153,339,52,6.672902204524074,0.10209698991879944,0.5749590470711162,False,0.5891071770872365,0.4007646289335645,0.4493961556501031,0.3754828087450842
stable_mutable,14173,0,72,6.980386614725606,0.09971507075084893,0.9999999999999998,False,0.4637104754680456,0.47885240656363465,0.4323991354272159,0.4177157794618539
stable_mutable,14173,5,78,6.92930878855497,0.10261527343149918,0.993781296139378,False,0.47192239643647993,0.478160410889003,0.4334989637362972,0.41628512691050845
stable_mutable,14173,10,90,6.786231847793966,0.10389110027152915,0.9859869376037222,False,0.47149736570741396,0.46481874906536885,0.43102548803488216,0.4122031269173024
stable_mutable,14173,15,97,6.343975743253878,0.10429775255421951,0.9811009925912852,False,0.4758921010121664,0.45856438376613706,0.42750463397973504,0.4138906301318234
stable_mutable,14173,20,99,6.195159111646498,0.10380355112059872,0.9790758678845322,False,0.47792312708923707,0.4574263692476417,0.42836311479004996,0.41349026582128895
stable_mutable,14173,25,100,6.0110067875446624,0.10390110493961119,0.9765294000424627,False,0.4794053124441771,0.45624036251154954,0.42725060927046377,0.4128268778387952
stable_mutable,14173,30,102,5.666084367214996,0.10505234428210773,0.9728132627559604,False,0.48143170346020997,0.4564820622299483,0.42690991542815127,0.4130097492848578
stable_mutable,14173,35,103,5.354994358495295,0.10542641937894297,0.9710428081176864,False,0.4832491409364376,0.4554885094861084,0.425496878579628,0.414033542929804
stable_mutable,14173,40,104,5.025184380722228,0.10586786275902856,0.9712686478649782,False,0.4817757890037347,0.45422235167806463,0.423775726359948,0.4151086292323738
stable_mutable,14173,45,106,4.667764047775449,0.10554975324996574,0.9694624931707588,False,0.48225049500191863,0.4544327632165641,0.4253327468588156,0.41365534344187976
stable_mutable,14173,50,106,4.409036256197204,0.10554975324996574,0.9694624931707588,False,0.48225049500191863,0.4544327632165641,0.4253327468588156,0.41365534344187976
stable_mutable,14173,55,105,4.222766237784114,0.10520705720203548,0.9691811314823094,False,0.4838651835530192,0.4529213042844008,0.4253618142245832,0.41495940922759683
stable_mutable,14173,60,91,4.623465645684377,0.10191905399499927,0.9104599996783925,False,0.4953828894582988,0.4270045885820134,0.41801398645772586,0.41688710194537426
stable_mutable,14173,65,85,4.772685960803468,0.10207269570786781,0.8843251349554219,False,0.49767606901833444,0.41983075221624244,0.4179978979139713,0.4155137344237069
stable_mutable,14173,70,83,4.70193571384893,0.10190977544232092,0.8669473550342032,False,0.5004795487694667,0.41617277228495353,0.4205987378318307,0.4078097110751347
stable_mutable,14173,75,82,4.600242616860162,0.10005881708785061,0.8556709386432956,False,0.5053552576366724,0.4145303190885181,0.42146308002984156,0.40994555938688937
stable_mutable,14173,80,81,4.50759349183268,0.0990190340526597,0.8451322105255793,False,0.5048620545758199,0.4132381128052248,0.41846438422418475,0.40629649619741826
stable_mutable,14173,85,78,4.485156836274327,0.09925167938383506,0.8417592108407314,False,0.5041752280597958,0.41036536864717293,0.4144260140546929,0.4046172856127907
stable_mutable,14173,90,73,4.649028673198867,0.09897318126142642,0.8230288833196233,False,0.5119358853992613,0.4106283159966673,0.4116530035284054,0.4051934133278643
stable_mutable,14173,95,72,4.596414476321227,0.09861395186256898,0.8246058570343696,False,0.5120459460477611,0.4109257077336568,0.41517666666379643,0.40581836475819966
stable_mutable,14173,100,70,4.622641877600721,0.09997189906394204,0.8176382420548148,False,0.5119205050817945,0.40901181321150754,0.4106336779040691,0.40875379453498434
stable_mutable,14173,105,69,4.598762933417676,0.09988110610463771,0.8079453670618266,False,0.5140687676004445,0.40572434104091776,0.41389007498523955,0.4086062265296649
stable_mutable,14173,110,69,4.527521272172832,0.09872250941230856,0.7995041678844161,False,0.5113516136642291,0.40256154619462636,0.41352970889915647,0.40664030107117277
stable_mutable,14173,115,66,4.620332907338108,0.09919345371609423,0.7893132554855087,False,0.5154891518892135,0.39922789281791826,0.41058010512130644,0.4070270772816079
stable_mutable,14173,120,64,4.744751969763415,0.09912844386620238,0.7812347418211093,False,0.5191054692016586,0.40035146615552064,0.41126017237458845,0.4085606147374642
stable_mutable,14173,125,63,4.791016491448158,0.09856410920372453,0.7745170427794962,False,0.5204811047209587,0.39762501724384236,0.41242533307625207,0.4107489460337549
stable_mutable,14173,130,60,5.021550244851412,0.09972484270688317,0.7564892271636073,False,0.5239041103844543,0.39240491415971307,0.4109299526611979,0.4150099510675597
stable_mutable,14173,135,57,5.310552134181458,0.10139760600897559,0.7339228874599699,False,0.5231151452499585,0.39166750923128385,0.4078741386960418,0.41361619748201284
stable_mutable,14173,140,57,5.307427816892275,0.10063222574555285,0.724695579479022,False,0.5230978238706621,0.3904330584022534,0.40480913717965766,0.417688900810791
stable_mutable,14173,145,56,5.421621170765353,0.10073776637334517,0.7144314315030492,False,0.5254413639381883,0.387547116225388,0.40321617289128525,0.41645788222069074
stable_mutable,14173,150,58,5.238764181381346,0.10162016753953265,0.7195589482818412,False,0.5244919787216882,0.39025432978897,0.40606398071929367,0.41493694304546325
stable_mutable,14173,155,57,5.401603718893394,0.10116469540502558,0.7206865753208705,False,0.5259683243818022,0.3890812103211307,0.40443747726151996,0.41839686330814413
stable_mutable,14173,160,57,5.511423665594887,0.10007504583883767,0.7134945716864053,False,0.5291007199932545,0.38903495649847325,0.40761459310749626,0.41662152420646176
stable_mutable,14173,165,54,5.822920570437553,0.09758450010125104,0.7045071081650675,False,0.5352423494477522,0.389702696334263,0.39891987394642636,0.4195696650813615
stable_mutable,14173,170,54,5.947920570437553,0.09758450010125104,0.7045071081650675,False,0.5352423494477522,0.389702696334263,0.39891987394642636,0.4195696650813615
stable_mutable,14173,175,56,5.757813646545611,0.09740920944511164,0.7027413727087378,False,0.532878941878885,0.3872769696348363,0.40097604092953604,0.41838346747777744
stable_mutable,14173,179,56,5.806393513798871,0.09740920944511164,0.7027413727087378,False,0.532878941878885,0.3872769696348363,0.40097604092953604,0.41838346747777744
stable_mutable,14173,180,56,5.808546118526,0.09740920944511164,0.7027413727087378,False,0.532878941878885,0.3872769696348363,0.40097604092953604,0.41838346747777744
stable_mutable,14173,185,57,5.735247868459215,0.09719212286247841,0.6999742972963887,False,0.5324799424498204,0.38851709012462987,0.40383333075015226,0.4187673314762074
stable_mutable,14173,190,57,5.793238615234346,0.09719212286247841,0.6999742972963887,False,0.5324799424498204,0.38851709012462987,0.40383333075015226,0.4187673314762074
stable_mutable,14173,195,57,5.851043060899723,0.09628528445587593,0.6921409184991132,False,0.5296036809094706,0.3869710857707792,0.40240463782575214,0.4151649437376361
stable_mutable,14173,200,57,5.873537797741828,0.09591830455890957,0.6843075397018376,False,0.5299807914984354,0.386302775206736,0.4004983503881857,0.41561970325216196
stable_mutable,14173,205,56,6.039335011331353,0.09486122125584874,0.675506989991602,False,0.5343541055199951,0.3884940806247966,0.40192783892610423,0.4150868573288541
stable_mutable,14173,210,56,6.06707677968861,0.09548935475538405,0.671903355953606,False,0.5309489618716187,0.38715913305419697,0.40085842004285804,0.41583813811922843
stable_mutable,14173,215,56,6.1322553511171805,0.09548935475538405,0.671903355953606,False,0.5309489618716187,0.38715913305419697,0.40085842004285804,0.41583813811922843
stable_mutable,14173,220,57,6.059769219776865,0.09525404556583385,0.6674314824426413,False,0.5332094957960123,0.3872518100564751,0.39974641725187576,0.4143727951530959
stable_mutable,14173,225,58,5.984871348284947,0.09592279464605932,0.6672220466601332,False,0.5328266227969072,0.38839425432487745,0.39497970809209376,0.4146516335160463
stable_mutable,14173,230,58,5.9718259340053335,0.09523153578599487,0.6581538301960983,False,0.5326744201261734,0.3887449618212606,0.39105536432045607,0.4144427302573468
stable_mutable,14173,235,60,5.853342515748363,0.09674025517215366,0.6498322217539412,False,0.5326113778815925,0.38279445467118317,0.3912453069610524,0.4125809080883055
stable_mutable,14173,240,60,5.865281577653682,0.0965314065400487,0.6444296709408371,False,0.5358786164312975,0.3786198054000908,0.38760823318853516,0.40948933330202814
stable_mutable,14173,245,60,5.846066502439891,0.09881291376763993,0.6483325909863766,False,0.5375411265557771,0.38155880792678654,0.3910322310800112,0.4117170813168034
stable_mutable,14173,250,62,5.6428062926837645,0.09830234656232092,0.6470964376059337,False,0.537314734770996,0.3809114105130887,0.3897491689536946,0.4119231307887487
stable_mutable,14173,255,62,5.633014084173253,0.09957736628033523,0.6376603411155232,False,0.5343507800658595,0.37627591059148885,0.39026730097409407,0.41171226696393465
stable_mutable,14173,260,63,5.5254197643293885,0.1009178003592076,0.6373117659155247,False,0.5352686188890547,0.37885015935351235,0.3938685354501099,0.4143913082482686
stable_mutable,14173,265,64,5.373389339358342,0.10076431454358081,0.6370320789330522,False,0.5358156428912441,0.3787715411793924,0.39268840120804815,0.41681514325119917
stable_mutable,14173,270,64,5.2809086915140435,0.10076431454358081,0.6370320789330522,False,0.5358156428912441,0.3787715411793924,0.39268840120804815,0.41681514325119917
stable_mutable,14173,275,64,5.238251296224405,0.10076431454358081,0.6370320789330522,False,0.5358156428912441,0.3787715411793924,0.39268840120804815,0.41681514325119917
stable_mutable,14173,280,59,5.238228363443102,0.10123806770899588,0.6232770101378408,False,0.5377031990584942,0.38231305502436236,0.39265721405896925,0.41614092495804134
stable_mutable,14173,285,54,5.401122136386381,0.09906561525467353,0.6165081202065136,False,0.5381036004327091,0.38097689750390323,0.39172898591693567,0.4229472722025323
stable_mutable,14173,290,53,5.450623947727996,0.09964932075869966,0.6160946120374968,False,0.5395371908568279,0.3799713944376511,0.39300767054221786,0.4236792233978183
stable_mutable,14173,295,50,5.723543061576871,0.09975835634087987,0.5984157036596303,False,0.5409394941673883,0.37853955223112995,0.38930770770109924,0.41847842430668863
stable_mutable,14173,300,45,6.068518116960413,0.10161068415648836,0.5776353369870101,False,0.5460887808994476,0.37351654820311253,0.39182736874979684,0.41433316657537417
stable_mutable,14173,305,43,6.418378658324494,0.10222333927279705,0.575087073876497,False,0.5433136020777957,0.37084966313313,0.3931483864978176,0.4109295368147318
stable_mutable,14173,310,43,6.51295688770338,0.10201031141105994,0.5810938109568478,False,0.5430498351682956,0.37205733745770037,0.39402506221975636,0.41130770401696515
stable_mutable,14173,315,40,6.524793544034435,0.10131835039113046,0.5667954039275344,False,0.5373579512927981,0.38265632546753486,0.3932304118219131,0.4105567742071462
stable_mutable,14173,320,39,6.80568570165081,0.10237693710368838,0.5694999308527204,False,0.5356528613564037,0.3829723190222639,0.3931870905321912,0.4117923982699443
stable_mutable,14173,325,38,6.9531487915815,0.1037278609095133,0.5733564833477709,False,0.5350310308732208,0.3818293543922353,0.39569569026178614,0.41582517049177914
stable_mutable,14173,330,38,7.064928579102769,0.10017828871794122,0.573356483347771,False,0.5353056537731351,0.37517507574690984,0.39802712328820616,0.4106765834310474
stable_mutable,14173,335,40,7.117084443383595,0.10041969024829654,0.5722451377882862,False,0.5404575351715469,0.36923537840973275,0.39658759705003277,0.4075537721796426
stable_mutable,14173,339,40,7.330719753925839,0.10041969024829654,0.5722451377882862,False,0.5404575351715469,0.36923537840973275,0.39658759705003277,0.4075537721796426
scarcity_mutable,14003,0,72,7.001781779759688,0.095080240663403,0.9999999999999998,False,0.49182892603565914,0.47308871359467614,0.4288873030493865,0.4158107077946316
scarcity_mutable,14003,5,79,7.025003623761758,0.09432407057972547,0.9929724521564699,False,0.4934518454900002,0.471118653744637,0.4271715641338956,0.41019593517366193
scarcity_mutable,14003,10,85,6.725062191496221,0.09487421702248176,0.989235457768083,False,0.4946803463172914,0.4696896598309408,0.42856480632908694,0.4085386089357924
scarcity_mutable,14003,15,90,6.455447625301987,0.09472282841374628,0.981025797698781,False,0.49710321089474224,0.4688343473908103,0.4238739954130831,0.4074286066067439
scarcity_mutable,14003,20,91,6.405257692947721,0.09445779360474374,0.9786116865589178,False,0.4967507158624485,0.46864995702917994,0.4230543046629923,0.4063356581804206
scarcity_mutable,14003,25,93,6.14874677481981,0.0939830956369296,0.9783616630456956,False,0.49835264733795964,0.4682932773742911,0.42349751694529153,0.40789754054038113
scarcity_mutable,14003,30,99,5.682156061194366,0.09301865213725863,0.973763175410653,False,0.5028628641176479,0.46340344960921376,0.4229018009925191,0.4082250655993621
scarcity_mutable,14003,35,99,5.440489394527698,0.09301865213725863,0.973763175410653,False,0.5028628641176479,0.46340344960921376,0.4229018009925191,0.4082250655993621
scarcity_mutable,14003,40,99,5.19882272786103,0.09301865213725863,0.973763175410653,False,0.5028628641176479,0.46340344960921376,0.4229018009925191,0.4082250655993621
scarcity_mutable,14003,45,99,4.957156061194364,0.09301865213725863,0.973763175410653,False,0.5028628641176479,0.46340344960921376,0.4229018009925191,0.4082250655993621
scarcity_mutable,14003,50,100,4.7230372343517875,0.09299534059494723,0.9738786838295145,False,0.5029419665689701,0.4620335256868533,0.4221097764345192,0.4091447281386463
scarcity_mutable,14003,55,100,4.528990576545186,0.0937385665443495,0.9738786838295145,False,0.5066925316359826,0.4637515716863294,0.4210746034275084,0.409138025814508
scarcity_mutable,14003,60,96,4.51501516507339,0.09472396746249194,0.9444359676783941,False,0.5104824987966913,0.4570507754935334,0.4193081146635842,0.4073347936314788
scarcity_mutable,14003,65,88,4.699557396690773,0.09384381192751098,0.9239744972969038,False,0.5156173063777827,0.45226311473001174,0.41349149307592553,0.4070763950245402
scarcity_mutable,14003,70,84,4.697044800014774,0.09467527913007251,0.9072422079324807,False,0.519293086637068,0.4523841293995415,0.41194408195976734,0.40689407838697766
scarcity_mutable,14003,75,83,4.558098971702303,0.09455028464446585,0.8989845567766264,False,0.5185173004347349,0.4459532172180531,0.40992172827433376,0.40744925451854164
scarcity_mutable,14003,80,78,4.643812904900636,0.09412626337832126,0.8626252002095899,False,0.5207045784355389,0.44022665496812946,0.40875165566666394,0.40473098697904636
scarcity_mutable,14003,85,75,4.674525239304213,0.0928331916748479,0.8445758098479165,False,0.5244115979578394,0.4377171316325314,0.4101969160479589,0.40125565775402944
scarcity_mutable,14003,90,74,4.595070108237278,0.09313232618524961,0.8392078280756519,False,0.5249404876562169,0.43745120798344556,0.41141640361649995,0.4023657674108074
scarcity_mutable,14003,95,72,4.6120348133830555,0.09319964165354176,0.8326589229874043,False,0.5264848431476228,0.4391450648853811,0.4099025415370315,0.39953124361723463
scarcity_mutable,14003,100,71,4.567747626843789,0.09165963663534968,0.8055510055461246,False,0.5218929678515025,0.43122419302261583,0.4075900253559544,0.39314284189260623
scarcity_mutable,14003,105,71,4.423811489088008,0.09011033214640712,0.8009854696477267,False,0.5229882007134381,0.42623939337854083,0.4054357042477622,0.391526554436979
scarcity_mutable,14003,110,69,4.43710793280803,0.0903861085370607,0.7933283699791,False,0.5221522591107766,0.42359501514038533,0.40306120679783336,0.3912554430253158
scarcity_mutable,14003,115,69,4.338919527010927,0.0903861085370607,0.7933283699791,False,0.5221522591107766,0.42359501514038533,0.40306120679783336,0.3912554430253158
scarcity_mutable,14003,120,66,4.450665560640293,0.08855318146202747,0.773992527638959,False,0.5253401741068163,0.42428957345343143,0.39740809699824786,0.3965934104539507
scarcity_mutable,14003,125,63,4.592210672142936,0.08724930189675381,0.7668152732087303,False,0.5265172161832149,0.4295147386275982,0.39904916816567,0.40104229660303686
scarcity_mutable,14003,130,64,4.428619852148935,0.08711917577498776,0.765435241229355,False,0.5265948572778755,0.42774547933001095,0.39758114094617003,0.401977663137504
scarcity_mutable,14003,135,63,4.410685541135767,0.08661967810444791,0.7584667564640634,False,0.5261375812138562,0.42774927297176185,0.39534094123543345,0.39950876142366015
scarcity_mutable,14003,140,62,4.398757859420648,0.08733772217530308,0.7565616229048571,False,0.5307697393378639,0.42441617336849047,0.3978700939731945,0.39688817603744303
scarcity_mutable,14003,145,61,4.40383183700062,0.08740365881946052,0.7493418705067122,False,0.531200553661193,0.42465519776761695,0.39624100613524404,0.39503942423527016
scarcity_mutable,14003,150,60,4.438283694925721,0.08768493476675754,0.7473479005281861,False,0.5304519268647019,0.42292281570281276,0.39626617739838976,0.39632898232442165
scarcity_mutable,14003,155,57,4.619410883798266,0.08901965150761647,0.7448280868755075,False,0.5308455928902757,0.42042830389831576,0.39551701627185615,0.39713038359957664
scarcity_mutable,14003,160,57,4.576821378403999,0.08866795552310433,0.7345642626227802,False,0.5349680272791256,0.41669043115651033,0.392324544878385,0.3983444356575801
scarcity_mutable,14003,165,56,4.619688890107834,0.08758144381030063,0.7266611543932755,False,0.5342961627078365,0.4190586545599784,0.3885318388052789,0.39956655658198015
scarcity_mutable,14003,170,56,4.584867461536404,0.08758144381030063,0.7266611543932755,False,0.5342961627078365,0.4190586545599784,0.3885318388052789,0.39956655658198015
scarcity_mutable,14003,175,56,4.606296032964975,0.08758144381030063,0.7266611543932755,False,0.5342961627078365,0.4190586545599784,0.3885318388052789,0.39956655658198015
scarcity_mutable,14003,179,55,4.7094184800010925,0.08811287060837683,0.7266648112370832,False,0.5355922213221894,0.42033309814839226,0.3889836135776569,0.39996272352252843
scarcity_mutable,14003,180,56,4.550973143545812,0.08886740802451847,0.7288459676550338,True,0.5390701112394556,0.42275634318296523,0.3876550293318301,0.40127535619138294
scarcity_mutable,14003,185,55,4.181627786610661,0.0892600710032374,0.7207711194409697,True,0.5398481779760916,0.4208183372931076,0.3877733582837349,0.40015467529863874
scarcity_mutable,14003,190,52,3.9275352678841124,0.09007895246664906,0.7154089340323607,True,0.5424310352036884,0.4171638687917932,0.38803832230872887,0.40196700903558014
scarcity_mutable,14003,195,51,3.5171820317738143,0.08961210153419513,0.7131361971095507,True,0.5396755398773664,0.4146161823527194,0.3899884886341038,0.40065048539148024
scarcity_mutable,14003,200,49,3.195143309683284,0.08884668750855616,0.6953642866625009,True,0.5380697102833971,0.40963555893729486,0.3926420043413467,0.3981165897553787
scarcity_mutable,14003,205,48,2.8387755153016854,0.08911265715749149,0.699240271446153,True,0.5358738000729858,0.4104249849590004,0.3906234811688074,0.3979227418975218
scarcity_mutable,14003,210,43,2.736755179871651,0.08830549518198177,0.6825704072288773,True,0.5275576600045245,0.4053183715658045,0.392156377146518,0.39304823270344086
scarcity_mutable,14003,215,41,2.4623278527629524,0.0883046712747623,0.6806252979267102,True,0.5244308130953613,0.40250975418253854,0.3887508291705918,0.39321168021430103
scarcity_mutable,14003,220,38,2.263229051449073,0.08768256811117701,0.6565690234633793,True,0.5221561840620117,0.40189433144791914,0.38362112352968863,0.39235607971864583
scarcity_mutable,14003,225,33,2.214322500456513,0.08824588446235024,0.6487995860238871,True,0.5273561488447582,0.40762597910391335,0.38052488825919095,0.38892761196641507
scarcity_mutable,14003,230,28,2.2683918041094686,0.0899767554405046,0.6106031753927901,True,0.5210900190143326,0.3946568660162508,0.3776020207133599,0.3857460818352137
scarcity_mutable,14003,235,26,2.1308993828871214,0.09088982258110527,0.6199835065084975,True,0.5184641701644602,0.3971522256138135,0.3740372418782647,0.38023570559440256
scarcity_mutable,14003,240,23,2.1440261839706105,0.09025080506233006,0.6204143131803285,True,0.5282346942938906,0.4052811418110195,0.37687433642288254,0.3860703467034823
scarcity_mutable,14003,245,20,2.246773122126206,0.08839732855069887,0.6032371696604588,True,0.5385774200037049,0.412789440303429,0.3738043807118688,0.3837117580943949
scarcity_mutable,14003,250,19,2.192337046448639,0.08822017295063092,0.6031858933617376,True,0.5316050875273819,0.4137196162953507,0.3688251389988425,0.38071344473122953
scarcity_mutable,14003,255,17,2.3124825813249537,0.08150242763236666,0.5671426388999373,True,0.5257007546588062,0.38918742556847435,0.37245378157317477,0.3733619680389329
scarcity_mutable,14003,260,16,2.3530752426577655,0.07571721660666861,0.5470082698267876,True,0.5375986974459038,0.38030037437131314,0.36370257149629104,0.37814729307784667
scarcity_mutable,14003,265,16,2.260700242657765,0.07571721660666861,0.5470082698267876,True,0.5375986974459038,0.38030037437131314,0.36370257149629104,0.37814729307784667
scarcity_mutable,14003,270,16,2.1772627426577635,0.07571721660666861,0.5470082698267876,True,0.5375986974459038,0.38030037437131314,0.36370257149629104,0.37814729307784667
scarcity_mutable,14003,275,15,2.2755853255016163,0.07377408313090113,0.5251642326583226,True,0.5445425662214557,0.3912798114418083,0.36153512300808827,0.3816394678197278
scarcity_mutable,14003,280,13,2.527408495578792,0.07294309117440287,0.5155383552412507,True,0.5509975010316713,0.39177037977976603,0.36656120671329323,0.37208543260003785
scarcity_mutable,14003,285,12,2.483625870210363,0.07304697876495497,0.4898042047784616,True,0.5500302296713085,0.3812297065826227,0.36845135798395473,0.37703680997582745
scarcity_mutable,14003,290,11,2.7094580634120464,0.07085174090570333,0.4906330494670474,True,0.5572708532881875,0.3719389081111455,0.36370924873949745,0.38699357920139105
scarcity_mutable,14003,295,10,2.608343869753257,0.07259543039223601,0.5059912550245854,True,0.563004684419432,0.36908120244610104,0.3640390679809572,0.38043346704960435
scarcity_mutable,14003,300,10,2.6196438697532556,0.07259543039223601,0.5059912550245854,True,0.563004684419432,0.36908120244610104,0.3640390679809572,0.38043346704960435
scarcity_mutable,14003,305,9,2.6396042997258435,0.07594036462691542,0.47775342139993937,True,0.5652206403661596,0.3698640039217956,0.3642053057090679,0.37552169447926126
scarcity_mutable,14003,310,7,2.8665377339332423,0.07400415014734173,0.4550063285050211,True,0.5841952695391112,0.3844161353915327,0.3913256509985959,0.3663898934256614
scarcity_mutable,14003,315,7,2.9861091625046696,0.07400415014734173,0.4550063285050211,True,0.5841952695391112,0.3844161353915327,0.3913256509985959,0.3663898934256614
scarcity_mutable,14003,320,5,3.2121229337599466,0.07654098642087838,0.3763300355100876,True,0.5720934966597672,0.35627592106344413,0.4134941639452646,0.37865441270120154
scarcity_mutable,14003,325,5,3.352122933759946,0.07654098642087838,0.3763300355100876,True,0.5720934966597672,0.35627592106344413,0.4134941639452646,0.37865441270120154
scarcity_mutable,14003,330,3,2.714549333333282,0.08247074318974756,0.25688521341031656,True,0.5759487502115357,0.3047507159404198,0.439840933345448,0.35849673017072486
scarcity_mutable,14003,335,3,2.85454933333328,0.08247074318974756,0.25688521341031656,True,0.5759487502115357,0.3047507159404198,0.439840933345448,0.35849673017072486
scarcity_mutable,14003,339,3,2.9665493333332797,0.08247074318974756,0.25688521341031656,True,0.5759487502115357,0.3047507159404198,0.439840933345448,0.35849673017072486
scarcity_mutable,14011,0,72,7.06167024118139,0.09998418464577391,0.9999999999999998,False,0.47966110584291943,0.493011064710453,0.43369225360583924,0.4373584706303876
scarcity_mutable,14011,5,79,7.432366020058606,0.10044926314352283,0.9929724521564699,False,0.4861079850056898,0.48875130390464333,0.4363790974452746,0.4325287228362286
scarcity_mutable,14011,10,86,7.216882739356159,0.10204398485512317,0.9887775553069339,False,0.48936905706154005,0.48738365153560076,0.43985303624136995,0.4363580144359291
scarcity_mutable,14011,15,90,6.960410173162552,0.10213916169928013,0.9859869376037222,False,0.49170491492448765,0.48647704514132317,0.44005857650902747,0.4382739828215625
scarcity_mutable,14011,20,92,6.756596908528581,0.10181612728349401,0.9841884217504646,False,0.4918258598673119,0.4842484932221064,0.44070493973051916,0.43937677714824375
scarcity_mutable,14011,25,92,6.540292560702494,0.10181612728349401,0.9841884217504646,False,0.4918258598673119,0.4842484932221064,0.44070493973051916,0.43937677714824375
scarcity_mutable,14011,30,92,6.3239882128764044,0.10181612728349401,0.9841884217504646,False,0.4918258598673119,0.4842484932221064,0.44070493973051916,0.43937677714824375
scarcity_mutable,14011,35,93,6.009966834243326,0.10179215989470337,0.9840171098727284,False,0.4919312459395444,0.48251864503030234,0.4408716249026917,0.4381375954028781
scarcity_mutable,14011,40,94,5.74991399558116,0.10160090495020038,0.9817293451745189,False,0.49159217495225765,0.48129945856866846,0.44198191152992006,0.43862722959687983
scarcity_mutable,14011,45,94,5.522786336006693,0.10160090495020038,0.9817293451745189,False,0.49159217495225765,0.48129945856866846,0.44198191152992006,0.43862722959687983
scarcity_mutable,14011,50,95,5.244020164048726,0.10116086585158746,0.9803522863820285,False,0.49177077441752626,0.48099135674334303,0.44155466456805653,0.43936123129966737
scarcity_mutable,14011,55,95,5.016388585101358,0.10116086585158746,0.9803522863820285,False,0.49177077441752626,0.48099135674334303,0.44155466456805653,0.43936123129966737
scarcity_mutable,14011,60,92,4.945401256354662,0.0999989980246711,0.9700948109336713,False,0.49530962607439116,0.4785971065986251,0.4435320771713111,0.4386300727128641
scarcity_mutable,14011,65,91,4.775251819611306,0.10038064190075152,0.959456579013976,False,0.4981450462092191,0.4741814004899924,0.44189797238289263,0.4391195386056328
scarcity_mutable,14011,70,88,4.720658131643509,0.10024405297704764,0.9483690631928724,False,0.4998890534690869,0.4691963273036536,0.4419172471405204,0.44198433089781375
scarcity_mutable,14011,75,89,4.467866467243018,0.10078316858288977,0.9448342050128686,False,0.5018977182902548,0.46650364956558105,0.44168501820609085,0.43977378200000555
scarcity_mutable,14011,80,86,4.418172385465848,0.1007327216407979,0.9331631161403716,False,0.5032448201843857,0.4629327704410104,0.43785246895774255,0.44039422849273574
scarcity_mutable,14011,85,84,4.331462204167415,0.09897027553215232,0.9250804900904896,False,0.5053394512086931,0.46020959467273626,0.4423582566712102,0.44291966970744084
scarcity_mutable,14011,90,83,4.182021989759794,0.09929163114660615,0.9209432164158915,False,0.5059338025122518,0.4598373448756392,0.4416305446652847,0.44161303779693467
scarcity_mutable,14011,95,78,4.259025963462345,0.09803075082844272,0.9090965459036939,False,0.5057694575080238,0.45444781344681234,0.4408907373425268,0.43691570925862494
scarcity_mutable,14011,100,77,4.156091235715102,0.09759851130987522,0.9046557503164298,False,0.5086138667041016,0.45411332479078953,0.4397261360297296,0.4358468041275507
scarcity_mutable,14011,105,74,4.209647042568415,0.09743899221403458,0.8979691569608724,False,0.5068176283609356,0.44805540186890425,0.4341060696469826,0.4385147633101562
scarcity_mutable,14011,110,71,4.2988236781699,0.09759353071826636,0.8882758473724054,False,0.5103770630344016,0.44701010081541603,0.4314776220576412,0.44012361911483977
scarcity_mutable,14011,115,70,4.258264587858038,0.09821161408615584,0.8880405147137412,False,0.5096727389426181,0.44599580621460017,0.43057928918539723,0.4392841164692518
scarcity_mutable,14011,120,71,4.077443959860038,0.0979413036793173,0.8854335444691973,False,0.5097263187337718,0.4444658430259443,0.43128164542258196,0.43795964986113484
scarcity_mutable,14011,125,70,4.040216016429467,0.09733318190708817,0.8805268496435408,False,0.508218695366548,0.44484777146661003,0.43062202671796374,0.4344525100417605
scarcity_mutable,14011,130,64,4.32651126796973,0.09644108000127491,0.8489900414598536,False,0.5129239351437356,0.44155802329176863,0.4279819478759194,0.4390376075372015
scarcity_mutable,14011,135,62,4.38678582500101,0.0945565296134982,0.8375834642914001,False,0.511597339510241,0.4389061211663244,0.42875895478117926,0.4433572760234336
scarcity_mutable,14011,140,62,4.386089050807464,0.09594443716880194,0.8281473678009894,False,0.5134907120210335,0.4379825118795999,0.425287805687188,0.44268055473497114
scarcity_mutable,14011,145,61,4.424057723771519,0.09594994582280726,0.8167871677980885,False,0.5141652170456207,0.4363825425232811,0.4293579292818257,0.4423916584037626
scarcity_mutable,14011,150,56,4.799241449108264,0.09528912358289776,0.7792341395711871,False,0.5140000676533599,0.42763609840148076,0.4276755211503584,0.43916539998177445
scarcity_mutable,14011,155,54,5.082618984260422,0.09472324445055305,0.7707331714842015,False,0.5176858917118147,0.4284656614291294,0.42389360213066035,0.4440653007915774
scarcity_mutable,14011,160,53,5.212857078303072,0.09401446937583074,0.7513790642037405,False,0.5233273662105756,0.42452484574745714,0.4208484472105202,0.44608797188846133
scarcity_mutable,14011,165,53,5.260498587737033,0.09401446937583074,0.7513790642037405,False,0.5233273662105756,0.42452484574745714,0.4208484472105202,0.44608797188846133
scarcity_mutable,14011,170,53,5.308140097170994,0.09401446937583074,0.7513790642037405,False,0.5233273662105756,0.42452484574745714,0.4208484472105202,0.44608797188846133
scarcity_mutable,14011,175,53,5.355781606604954,0.09401446937583074,0.7513790642037405,False,0.5233273662105756,0.42452484574745714,0.4208484472105202,0.44608797188846133
scarcity_mutable,14011,179,54,5.287618984260418,0.09371322112923043,0.7465962432992997,False,0.5232337761294286,0.4256625554000795,0.41893521112035675,0.4478831851056755
scarcity_mutable,14011,180,54,5.204396762038197,0.09371322112923043,0.7465962432992997,True,0.5232337761294286,0.4256625554000795,0.41893521112035675,0.4478831851056755
scarcity_mutable,14011,185,52,4.978881314424281,0.09126282547955147,0.7368461742835974,True,0.5264457167216987,0.42205153751366886,0.41914527975462096,0.44045307071000706
scarcity_mutable,14011,190,52,4.56613131442428,0.09126282547955147,0.7368461742835974,True,0.5264457167216987,0.42205153751366886,0.41914527975462096,0.44045307071000706
scarcity_mutable,14011,195,49,4.447306701021685,0.09116575695603947,0.7318134778008443,True,0.5322052095376173,0.4252712825492969,0.4205980040139627,0.43679702888191085
scarcity_mutable,14011,200,47,4.236347004701859,0.09101633437639035,0.7279356995131102,True,0.5355024262978434,0.424442576177067,0.41916640192375315,0.43828499284056566
scarcity_mutable,14011,205,46,3.933354374369289,0.09065813143746909,0.731878820856165,True,0.5378653856650116,0.4255668906044116,0.42162878766034984,0.43549444597677855
scarcity_mutable,14011,210,45,3.630042249355273,0.09061446245607552,0.7303127178687471,True,0.5352623473465214,0.4240506283177938,0.42171131768131837,0.4328464522922811
scarcity_mutable,14011,215,41,3.5755943258536225,0.09027829570274404,0.6929566154617379,True,0.5341330234628014,0.4140889631768936,0.41481514009870635,0.43054231520538355
scarcity_mutable,14011,220,38,3.565819056842069,0.09146551925933723,0.669873866066962,True,0.5299650892992989,0.4131868265469859,0.4189998436864315,0.42967188102868903
scarcity_mutable,14011,225,38,3.299503267368384,0.09146551925933723,0.669873866066962,True,0.5299650892992989,0.4131868265469859,0.4189998436864315,0.42967188102868903
scarcity_mutable,14011,230,37,3.041575463783745,0.09188804920069138,0.6729695847570709,True,0.5306385080548348,0.4148730968792149,0.4157790976415262,0.4281486194179475
scarcity_mutable,14011,235,35,2.871192347428533,0.08696576547835813,0.6501838240982933,True,0.531164844639189,0.41072859511362525,0.4058969377338616,0.432774216921178
scarcity_mutable,14011,240,32,2.81100387999996,0.08598525020867893,0.6444826743644121,True,0.5382225666238131,0.4135046134440748,0.3953121049349696,0.4326140932690822
scarcity_mutable,14011,245,30,2.6965292053332925,0.08583484722878672,0.6466688159955896,True,0.536135996520331,0.4177082297656655,0.38827658810887306,0.4319432868468122
scarcity_mutable,14011,250,28,2.60549318739086,0.0868442211176351,0.6387046571261202,True,0.5327182355104806,0.41410279855028376,0.39224820403279953,0.4287333859561468
scarcity_mutable,14011,255,26,2.5298044019286205,0.08655579710903068,0.6277451798211047,True,0.5381997183621879,0.41247204881144817,0.3927159217363278,0.4256635742001012
scarcity_mutable,14011,260,25,2.386396578005767,0.08608991157790755,0.6132108880930003,True,0.5395184522890432,0.4092851817363245,0.3979871977711561,0.4296232208909053
scarcity_mutable,14011,265,24,2.2392144354226757,0.08546956878177148,0.5978552210405432,True,0.5407850259932924,0.41458384153625655,0.392356473495903,0.42819206605355564
scarcity_mutable,14011,270,23,2.0784411500062716,0.08149980187648725,0.5815880008807889,True,0.5396993100164343,0.41177691898043933,0.40317053497646804,0.4278919772893721
scarcity_mutable,14011,275,19,2.244456128954971,0.07627822745717035,0.5285036966352408,True,0.548876893272962,0.40269867138826265,0.4045744931904581,0.4235824251468139
scarcity_mutable,14011,280,13,2.138697148472672,0.06908095109877496,0.4407338055213481,True,0.5594433657250175,0.40553373127348397,0.3986301330664196,0.4350830926523376
scarcity_mutable,14011,285,11,2.358324888575956,0.06802026224937684,0.4022276725253443,True,0.5738554197763229,0.39721618085829585,0.3938476621500593,0.42425945498159356
scarcity_mutable,14011,290,8,2.5033927217919594,0.0717295794703313,0.36467217988452516,True,0.5712482642885747,0.39275179139733135,0.39734188331134984,0.42341711695013334
scarcity_mutable,14011,295,7,2.8511059677622455,0.07471305676470325,0.3623911717089513,True,0.5634930680983297,0.4001487893313707,0.4008370145363928,0.42542594119051
scarcity_mutable,14011,300,6,3.041256962389292,0.07585936409004133,0.364936229672398,True,0.5723736350256875,0.39090231019670335,0.3963234208965675,0.4077102415011799
scarcity_mutable,14011,305,6,3.157423629055957,0.07585936409004133,0.364936229672398,True,0.5723736350256875,0.39090231019670335,0.3963234208965675,0.4077102415011799
scarcity_mutable,14011,310,6,3.3212569623892882,0.07585936409004133,0.364936229672398,True,0.5723736350256875,0.39090231019670335,0.3963234208965675,0.4077102415011799
scarcity_mutable,14011,315,6,3.4374236290559534,0.07585936409004133,0.364936229672398,True,0.5723736350256875,0.39090231019670335,0.3963234208965675,0.4077102415011799
scarcity_mutable,14011,320,6,3.6012569623892854,0.07585936409004133,0.364936229672398,True,0.5723736350256875,0.39090231019670335,0.3963234208965675,0.4077102415011799
scarcity_mutable,14011,325,6,3.7412569623892833,0.07585936409004133,0.364936229672398,True,0.5723736350256875,0.39090231019670335,0.3963234208965675,0.4077102415011799
scarcity_mutable,14011,330,6,3.8097569623892817,0.07585936409004133,0.364936229672398,True,0.5723736350256875,0.39090231019670335,0.3963234208965675,0.4077102415011799
scarcity_mutable,14011,335,5,4.1391435548671485,0.07486433810539789,0.3763300355100876,True,0.5865230091138385,0.4044082499591786,0.3843467729273672,0.42442571483556824
scarcity_mutable,14011,339,5,4.251143554867147,0.07486433810539789,0.3763300355100876,True,0.5865230091138385,0.4044082499591786,0.3843467729273672,0.42442571483556824
scarcity_mutable,14029,0,72,6.980465545897274,0.09907661800314489,0.9999999999999998,False,0.4590050716718274,0.47255965706157466,0.4360478332650796,0.43910444770097273
scarcity_mutable,14029,5,81,6.757073480191682,0.09858739439890511,0.9915238482205723,False,0.46005574737454125,0.47054758887815296,0.43257954722261616,0.4370512469345282
scarcity_mutable,14029,10,87,6.908194849373863,0.09772424819355902,0.9883614319811516,False,0.46256407124862575,0.46817174016637264,0.4309095550956462,0.4352072935717071
scarcity_mutable,14029,15,95,6.456767914689749,0.10021137652780006,0.9803522863820285,False,0.4725935598716443,0.46513311401698926,0.4263158746176693,0.43494186909534593
scarcity_mutable,14029,20,96,6.269457832245062,0.10102502057230396,0.9803040301157923,False,0.4742704952377874,0.46258292925627065,0.42674286508658626,0.43382014116105544
scarcity_mutable,14029,25,100,5.834629518955256,0.1015346004526716,0.9758967188907924,False,0.47638669684082663,0.4625347673783437,0.42880225671787947,0.43229759711054244
scarcity_mutable,14029,30,100,5.635629518955258,0.1015346004526716,0.9758967188907924,False,0.47638669684082663,0.4625347673783437,0.42880225671787947,0.43229759711054244
scarcity_mutable,14029,35,102,5.343852469563976,0.10215496656768987,0.9749504132895884,False,0.47720655754905167,0.46097885460231225,0.42965281878688716,0.4350117097489173
scarcity_mutable,14029,40,102,5.086009332309074,0.10215496656768987,0.9749504132895884,False,0.47720655754905167,0.46097885460231225,0.42965281878688716,0.4350117097489173
scarcity_mutable,14029,45,104,4.743201460533898,0.1018222307362807,0.9733646993498829,False,0.475943167588643,0.4589913173213956,0.4300123157828098,0.4338590925128575
scarcity_mutable,14029,50,104,4.513506665935446,0.1018222307362807,0.9733646993498829,False,0.475943167588643,0.4589913173213956,0.4300123157828098,0.4338590925128575
scarcity_mutable,14029,55,106,4.1998084269555305,0.10269937987098408,0.9715189965144388,False,0.47775933395700587,0.45852737909107116,0.42936551655655875,0.4349092734963572
scarcity_mutable,14029,60,93,4.499889174809531,0.10128579847133479,0.9195009808404702,False,0.4879729386145939,0.4459022043736588,0.42672017637553394,0.4394304682567887
scarcity_mutable,14029,65,90,4.430019463312418,0.09919109472630949,0.8970536073791793,False,0.49085042209960417,0.4382921098204019,0.4260019661599673,0.43675242838354883
scarcity_mutable,14029,70,85,4.474162067036679,0.09849195794491086,0.8676807226009765,False,0.4957858971912779,0.4315248911528344,0.424147789849099,0.43628343096268374
scarcity_mutable,14029,75,83,4.394117779495393,0.09816019465213219,0.8557531522000005,False,0.4961423617790849,0.42938528302796736,0.4252713171872486,0.43575072352983524
scarcity_mutable,14029,80,80,4.4065671962264705,0.09807445758244462,0.8379665919903453,False,0.5008150271682099,0.42805209471340894,0.423159011349074,0.4367051327809402
scarcity_mutable,14029,85,73,4.675814512439518,0.09750083266166618,0.8136532703069949,False,0.5060457006340404,0.4275920078619449,0.4180385729900104,0.4396833347761606
scarcity_mutable,14029,90,72,4.6529661017222095,0.09806919625861764,0.7923645953377666,False,0.5135033170502494,0.4249942289924486,0.4161956192620826,0.44642779965026225
scarcity_mutable,14029,95,70,4.688307262573161,0.09812636623426634,0.7844758014525947,False,0.5145813586208495,0.41901064539092286,0.41866252830653444,0.4486722798112219
scarcity_mutable,14029,100,67,4.798969528858732,0.09860254658100227,0.7697162789449755,False,0.5197169018619743,0.4178438795992137,0.4166726792344415,0.4506385294800332
scarcity_mutable,14029,105,63,5.040498768786273,0.09830459021310761,0.7469150094633996,False,0.5261172395903218,0.4122163443114804,0.4156070581997834,0.448624955734526
scarcity_mutable,14029,110,59,5.372105488960112,0.09848242245352465,0.7254496374078236,False,0.5300902865359377,0.41083834589754165,0.4134291494494297,0.4470996566711144
scarcity_mutable,14029,115,58,5.4528969629077,0.0986371156465128,0.7175216576786884,False,0.5303981931746967,0.40895178954652833,0.4149549132731765,0.4486819753021995
scarcity_mutable,14029,120,58,5.4485524332525275,0.09846361256570309,0.7175216576786884,False,0.5313885522481744,0.4094788739501664,0.40983031254608204,0.4473623460966964
scarcity_mutable,14029,125,58,5.475357593221808,0.09948974131800585,0.7130236415818053,False,0.5344726356124105,0.40881517918083654,0.410415106105385,0.4495384923110325
scarcity_mutable,14029,130,57,5.573377525734471,0.09905004974087751,0.7123587226827356,False,0.5333997271884946,0.4065172765042634,0.41353821210316416,0.45386569499313756
scarcity_mutable,14029,135,56,5.700439611519342,0.09845895955973086,0.7098475342540561,False,0.5286576556800656,0.40555965408902495,0.4134302351845904,0.45444203189264953
scarcity_mutable,14029,140,58,5.5678665861773124,0.09585497067960644,0.6967898014473867,False,0.534701737499669,0.40420108767410834,0.4121369955044183,0.45369112924236626
scarcity_mutable,14029,145,58,5.658750878418095,0.09481266712433395,0.6813931603630866,False,0.5322571842065702,0.40668849452903566,0.40413189977833813,0.45320301513542205
scarcity_mutable,14029,150,56,5.880352695504454,0.09351451964827444,0.6636147181359424,False,0.5330136745418138,0.41024658245554685,0.4043723384486517,0.45225214432212735
scarcity_mutable,14029,155,58,5.771066388728383,0.09542397810835031,0.6627962148335191,False,0.5355615415573629,0.4101182794520804,0.40551845828944766,0.4589913998822638
scarcity_mutable,14029,160,58,5.8520521447031415,0.09605538669319343,0.6613093891385354,False,0.5348537526205979,0.40902052137060496,0.3996906044425242,0.45866265943795753
scarcity_mutable,14029,165,58,5.956983177717715,0.09696171744387971,0.6497357016779404,False,0.5365187681771812,0.40732866732786094,0.4003691736925473,0.4617512221184452
scarcity_mutable,14029,170,59,5.9006760730106365,0.0970908522285621,0.649898078035664,False,0.5337966894152811,0.4050200599529064,0.401021392689009,0.4641119042639778
scarcity_mutable,14029,175,60,5.769374270321192,0.09712491148032039,0.6395857603474876,False,0.5334764024844069,0.4012336713961526,0.3979881299267142,0.4632626697023232
scarcity_mutable,14029,179,61,5.649466495397894,0.09721038964771307,0.6390695205975135,False,0.5306919169457908,0.39974442119091924,0.3991992480265826,0.4626244727128972
scarcity_mutable,14029,180,61,5.570849859716926,0.09721038964771307,0.6390695205975135,True,0.5306919169457908,0.39974442119091924,0.3991992480265826,0.4626244727128972
scarcity_mutable,14029,185,61,5.173806994527758,0.09721038964771307,0.6390695205975135,True,0.5306919169457908,0.39974442119091924,0.3991992480265826,0.4626244727128972
scarcity_mutable,14029,190,58,5.003551632175749,0.09601802205499989,0.633761156918032,True,0.5305628091872103,0.3984186514588716,0.3999241345284613,0.4644337995362303
scarcity_mutable,14029,195,57,4.670540667787666,0.09664382429281987,0.6344200758189495,True,0.530010539496099,0.39890515142490335,0.3988844846704194,0.4655303558408148
scarcity_mutable,14029,200,54,4.491980778961056,0.09749102039414462,0.6270424189862019,True,0.5309231509574802,0.39738300251366115,0.40326721285184997,0.46836440993384876
scarcity_mutable,14029,205,52,4.237470754506554,0.09747092216474021,0.6177111439126732,True,0.5355865711805983,0.39706564366733804,0.400604443146442,0.47182769155338283
scarcity_mutable,14029,210,49,4.077196594464098,0.09654401168851724,0.6143583570930261,True,0.5386842471836313,0.39605177078471293,0.4016614914371392,0.4732428823901358
scarcity_mutable,14029,215,45,4.026527731663228,0.0980336596682416,0.601463906893809,True,0.5387279871160218,0.39255494019021164,0.4006203121488183,0.47630377454801964
scarcity_mutable,14029,220,45,3.6445583389382357,0.0980336596682416,0.601463906893809,True,0.5387279871160218,0.39255494019021164,0.4006203121488183,0.47630377454801964
scarcity_mutable,14029,225,43,3.406192370310635,0.09838120674163756,0.6043406390772281,True,0.5438332209707142,0.3933917252102173,0.4042429796618154,0.479613535855372
scarcity_mutable,14029,230,42,3.1251616819846983,0.09865647397797511,0.606217347068666,True,0.5465295549298764,0.39380494258359,0.4012475412890078,0.48064602456867905
scarcity_mutable,14029,235,37,3.191107734061357,0.0996295982872885,0.5967064056407307,True,0.5606074387657634,0.3965736724532336,0.3990900409604095,0.4837490222112452
scarcity_mutable,14029,240,36,2.9257652524319298,0.09918346115898095,0.5958241996916439,True,0.5660792347140117,0.39896767977479797,0.3970684772643462,0.48539947690190943
scarcity_mutable,14029,245,32,2.9475450630643047,0.10104991403064391,0.5621039253181904,True,0.5770163429551018,0.39992726042893334,0.3936770665200291,0.4832104730884792
scarcity_mutable,14029,250,31,2.728506738647024,0.10218751706951766,0.5636375727679788,True,0.5765190836827591,0.39945939447442813,0.3970849626759884,0.48294423169871303
scarcity_mutable,14029,255,27,2.812899890072067,0.10409794673962171,0.5559076219393861,True,0.5887521219485938,0.4050343180149922,0.4060345432611119,0.4885279122356507
scarcity_mutable,14029,260,26,2.6871117756718497,0.10542669624113796,0.551290800132389,True,0.5914990245893803,0.4052757335467476,0.40414811329292133,0.4919101208873547
scarcity_mutable,14029,265,24,2.6441639703111712,0.10251374267642638,0.5657445693642535,True,0.5801384282764447,0.400464320563366,0.40265986122358455,0.4736487435173847
scarcity_mutable,14029,270,22,2.6367228208485516,0.10308242354362745,0.5698655397665785,True,0.5921265301873302,0.4038666791737813,0.4096216573588047,0.4800158348842645
scarcity_mutable,14029,275,20,2.8033764155193555,0.10539764569467043,0.548496735209599,True,0.6008269586011339,0.40873592961514904,0.40441494643755993,0.4801971645234537
scarcity_mutable,14029,280,17,2.807348476422778,0.10840460387040515,0.5218099541804697,True,0.6135621238878848,0.4041231667825578,0.4150062106260873,0.48662326166312464
scarcity_mutable,14029,285,15,3.0082296066124865,0.11169190584566648,0.5035540294059063,True,0.6094281712352245,0.39476092598528495,0.40771238740246835,0.4965556140337089
scarcity_mutable,14029,290,14,2.9034317213705236,0.11233916333832261,0.47816011770403866,True,0.5957571970736278,0.39394676918896926,0.405423488408662,0.5012969880005725
scarcity_mutable,14029,295,12,3.271280183561613,0.11373161094545432,0.4898042047784616,True,0.59288931737546,0.39956614231569315,0.41533514298568,0.49222540943757515
scarcity_mutable,14029,300,11,3.181823609853716,0.11490323302857086,0.46116459048647973,True,0.5966583217710734,0.4035640356169972,0.3989341390763752,0.4917045317946649
scarcity_mutable,14029,305,11,3.178823609853714,0.11490323302857086,0.46116459048647973,True,0.5966583217710734,0.4035640356169972,0.3989341390763752,0.4917045317946649
scarcity_mutable,14029,310,10,2.5465129943039564,0.11940642287972765,0.4289256910014904,True,0.6002260752783701,0.40825260747623293,0.3936105173252439,0.49734075481880763
scarcity_mutable,14029,315,6,3.143292323839957,0.10068015186102891,0.2905191310982806,True,0.5489123075033544,0.3715243789221326,0.39028556829943656,0.5325013709118481
scarcity_mutable,14029,320,6,2.949625657173288,0.10068015186102891,0.2905191310982806,True,0.5489123075033544,0.3715243789221326,0.39028556829943656,0.5325013709118481
scarcity_mutable,14029,325,6,2.9466256571732874,0.10068015186102891,0.2905191310982806,True,0.5489123075033544,0.3715243789221326,0.39028556829943656,0.5325013709118481
scarcity_mutable,14029,330,6,2.82445899050662,0.10068015186102891,0.2905191310982806,True,0.5489123075033544,0.3715243789221326,0.39028556829943656,0.5325013709118481
scarcity_mutable,14029,335,6,2.749958990506619,0.10068015186102891,0.2905191310982806,True,0.5489123075033544,0.3715243789221326,0.39028556829943656,0.5325013709118481
scarcity_mutable,14029,339,4,4.062440127871948,0.10340338351725478,0.2431147865896834,True,0.551344736350285,0.3870799737009001,0.34841558725353805,0.5386277719093884
scarcity_mutable,14041,0,72,7.084003923741621,0.10115802165957241,0.9999999999999998,False,0.47742759811920366,0.4775053966661162,0.4476605865896177,0.44394090801895364
scarcity_mutable,14041,5,79,7.320547879865782,0.10070281128706485,0.9929724521564699,False,0.4744872662197216,0.4813865954104609,0.4500116284230917,0.44218895501121486
scarcity_mutable,14041,10,92,6.764492201189095,0.10078148391393456,0.9855183080837088,False,0.47726660896295564,0.4754471102745696,0.45335066269151875,0.44931245977998996
scarcity_mutable,14041,15,94,6.734901574530157,0.10179187047486504,0.9838761909843892,False,0.48043412407338065,0.4726990082204559,0.4512621293843746,0.45237153781813844
scarcity_mutable,14041,20,96,6.528028625060777,0.10238738624422382,0.9836806243739823,False,0.4809870132131227,0.4729996098367965,0.4501049299195727,0.44909345562184994
scarcity_mutable,14041,25,100,6.208355601743027,0.10323846674726087,0.9783437097439616,False,0.4861351593410738,0.4682412561443592,0.4484981525376685,0.4526152690848644
scarcity_mutable,14041,30,103,5.853951896488239,0.10437990116356444,0.976306326595515,False,0.4864506460917667,0.4655182197873565,0.4469259187567456,0.4523694189948113
scarcity_mutable,14041,35,103,5.620900853594967,0.10437990116356444,0.976306326595515,False,0.4864506460917667,0.4655182197873565,0.4469259187567456,0.4523694189948113
scarcity_mutable,14041,40,103,5.3929882322357425,0.10437990116356444,0.976306326595515,False,0.4864506460917667,0.4655182197873565,0.4469259187567456,0.4523694189948113
scarcity_mutable,14041,45,104,5.123014716368024,0.10425807936289305,0.9764815555882124,False,0.48694464066135557,0.4639489973252831,0.4467318680750529,0.45306602468157825
scarcity_mutable,14041,50,105,4.8378096730120035,0.10444743483076939,0.9766748599445307,False,0.4866420921611837,0.46211604340742807,0.4452530128506929,0.45290892729099724
scarcity_mutable,14041,55,104,4.613272304860345,0.10396191699808763,0.9764815555882124,False,0.48886053456131306,0.4606724971483672,0.4443609803193299,0.4531663159073691
scarcity_mutable,14041,60,100,4.549024811626984,0.10297430562207145,0.9629305969393426,False,0.49267188230852127,0.4548479872550052,0.4435912991628366,0.45301554569800584
scarcity_mutable,14041,65,97,4.40858228002782,0.10277713672466994,0.9489444880015535,False,0.4970347218342129,0.4518152652902884,0.44364761581615725,0.452086947858836
scarcity_mutable,14041,70,92,4.4609334908988965,0.10125827768427713,0.9370543002626422,False,0.5013273983833259,0.4478540497088546,0.44426421444256964,0.45563779375135366
scarcity_mutable,14041,75,91,4.321044000847731,0.10007873608836054,0.9218416179369174,False,0.5021073101704324,0.4421702810052449,0.4420303337408209,0.45718142787879196
scarcity_mutable,14041,80,85,4.494965985372476,0.10064561104722411,0.9026978857370663,False,0.5103993907317608,0.4378834170951204,0.44246305319507434,0.46569911085890237
scarcity_mutable,14041,85,82,4.568198814840627,0.0984250903405231,0.8789490440136378,False,0.5153179428119231,0.42695089828065264,0.4353106265047761,0.467858506191197
scarcity_mutable,14041,90,79,4.538519948442329,0.09926711154780679,0.8752431874051552,False,0.5152560193019307,0.4244349276090908,0.43243915280170775,0.4682789057334373
scarcity_mutable,14041,95,76,4.604463325785013,0.09779895780639711,0.8563575016003946,False,0.5175597652722265,0.42465189218331834,0.427674345548807,0.47108956947192293
scarcity_mutable,14041,100,72,4.7919948682031634,0.09604375892431337,0.835032632536923,False,0.5258519749540125,0.4235563360955434,0.4267238951412631,0.47051585542362123
scarcity_mutable,14041,105,71,4.849338320059559,0.09570140398478623,0.8183565130276979,False,0.5336589565804069,0.42026284412545706,0.42507972281255496,0.4711891731844425
scarcity_mutable,14041,110,68,5.007215179263447,0.0942393522792764,0.8128939028854522,False,0.535951274378583,0.412344940313343,0.42404644096340893,0.4689611432844197
scarcity_mutable,14041,115,67,5.0431484148793935,0.09375989143481181,0.8029427828601186,False,0.5393914385697395,0.40777055009822794,0.42446383136790383,0.4679505243491113
scarcity_mutable,14041,120,67,5.015816799432701,0.09375989143481181,0.8029427828601186,False,0.5393914385697395,0.40777055009822794,0.42446383136790383,0.4679505243491113
scarcity_mutable,14041,125,65,5.105965649047513,0.09461563902167022,0.7903111010481418,False,0.5412661763673123,0.40579687552513505,0.4245025941728993,0.46808743991657126
scarcity_mutable,14041,130,63,5.1982436341771425,0.09379127545477021,0.7771058461860716,False,0.5414997204258392,0.40094319724710825,0.4202946209496169,0.4692709576212311
scarcity_mutable,14041,135,63,5.1911123786907085,0.09379127545477021,0.7771058461860716,False,0.5414997204258392,0.40094319724710825,0.4202946209496169,0.4692709576212311
scarcity_mutable,14041,140,62,5.26442910007386,0.09323278858890766,0.7702730681258293,False,0.5444085437080585,0.401266320077026,0.4189321205281514,0.4670803642799386
scarcity_mutable,14041,145,60,5.419659647514535,0.09445851023258826,0.7669189447362947,False,0.5449244982785705,0.39912507951073095,0.4183147756298726,0.46677576124318304
scarcity_mutable,14041,150,60,5.52511412308381,0.09417153079110452,0.7581530021543942,False,0.5465679195269718,0.39821171332344535,0.4140395733261088,0.4671829164894347
scarcity_mutable,14041,155,58,5.756624954914287,0.09190965194354501,0.7433564111489084,False,0.5479526640509812,0.3970565010894334,0.4057609630212358,0.4651234605917716
scarcity_mutable,14041,160,56,5.945144601504587,0.09073750425629383,0.7335793894638699,False,0.5501286952673102,0.39157424595071194,0.40587491281554916,0.46370832562318337
scarcity_mutable,14041,165,58,5.792958930028189,0.09171971621001988,0.7321787198114517,False,0.5520519617905346,0.3877938228892531,0.403141588403863,0.4645022059206121
scarcity_mutable,14041,170,58,5.8787026916908784,0.09171971621001988,0.7321787198114517,False,0.5520519617905346,0.3877938228892531,0.403141588403863,0.4645022059206121
scarcity_mutable,14041,175,59,5.8950827657348706,0.09135196598743855,0.7343641552877223,False,0.5502635411088219,0.3880802768811425,0.4039236754299165,0.46342703008524117
scarcity_mutable,14041,179,58,6.036856692490082,0.09097588295049881,0.7252199782208384,False,0.549983108016699,0.38267537438976096,0.39615046355642664,0.4640325279837125
scarcity_mutable,14041,180,58,5.945078901445246,0.09097588295049881,0.7252199782208384,True,0.549983108016699,0.38267537438976096,0.39615046355642664,0.4640325279837125
scarcity_mutable,14041,185,57,5.600285020496411,0.09112958714033119,0.7172196135936394,True,0.552333231946956,0.3814903593083468,0.3963495625578123,0.4630621345570824
scarcity_mutable,14041,190,55,5.380383795459788,0.08926218764498928,0.7064649105585471,True,0.5540935016895402,0.37584814984668397,0.39312455636681515,0.46723315668836535
scarcity_mutable,14041,195,53,5.13832669465941,0.08860805496771058,0.7085663973829158,True,0.5502453356350213,0.3752813953419845,0.39140140021664915,0.4664903478678772
scarcity_mutable,14041,200,51,4.891119432465644,0.08855741397297213,0.6909525290056804,True,0.5514286986125385,0.3704518351850939,0.392953143187348,0.46911224789842243
scarcity_mutable,14041,205,50,4.598831524394678,0.08596750971370279,0.6817538510067592,True,0.557400950191946,0.3677227695196976,0.39244929677221696,0.47026207379913343
scarcity_mutable,14041,210,50,4.189364922084099,0.08596750971370279,0.6817538510067592,True,0.557400950191946,0.3677227695196976,0.39244929677221696,0.47026207379913343
scarcity_mutable,14041,215,47,4.0569002175235,0.08659776589543033,0.689502020752329,True,0.5554404516854374,0.3718279696264334,0.3910007855318853,0.46404259825268024
scarcity_mutable,14041,220,46,3.74838497792648,0.08687973011796833,0.6869382157392969,True,0.5529286832548985,0.370746868771968,0.3900571779082891,0.46462515877882554
scarcity_mutable,14041,225,46,3.359906717056912,0.08687973011796833,0.6869382157392969,True,0.5529286832548985,0.370746868771968,0.3900571779082891,0.46462515877882554
scarcity_mutable,14041,230,41,3.3689762904564673,0.08770148647764837,0.647457485480076,True,0.5558909473559536,0.36365371933993207,0.3846265736775715,0.47007539237894835
scarcity_mutable,14041,235,38,3.3059431776201538,0.08766743349181819,0.6293130428969119,True,0.5596854020089959,0.3574869931532513,0.3862258311137016,0.4741877104273252
scarcity_mutable,14041,240,37,3.076752452690969,0.08788369045504855,0.617097481098262,True,0.5607892477100667,0.3543611863297773,0.38666636161346035,0.4768592283845296
scarcity_mutable,14041,245,34,2.978657820986822,0.08870998516416907,0.6230844834154765,True,0.5624366307378882,0.3574846365647976,0.3907231732934823,0.4690322747147175
scarcity_mutable,14041,250,31,2.9527094965661944,0.08950334597885524,0.6277606008939983,True,0.5634390382120894,0.3595266755451052,0.39014671039237603,0.47585686377306924
scarcity_mutable,14041,255,28,2.978942034840897,0.08768748711688615,0.5967667052516019,True,0.56692821084947,0.35903403356132774,0.38082995951965026,0.47432234359977415
scarcity_mutable,14041,260,27,2.8061896132421533,0.08841186082864391,0.5815076840416686,True,0.5639308726103541,0.3564701622099418,0.38170302120978,0.476892919263771
scarcity_mutable,14041,265,27,2.6019303539828935,0.08841186082864391,0.5815076840416686,True,0.5639308726103541,0.3564701622099418,0.38170302120978,0.476892919263771
scarcity_mutable,14041,270,23,2.7804747289883154,0.0871709716115292,0.5674943900639956,True,0.5581828140513132,0.35386733613981686,0.3891706624984267,0.4838455223436526
scarcity_mutable,14041,275,22,2.6942749922147415,0.08836363866238273,0.5734770835606385,True,0.5589312735697368,0.35128083026656837,0.3923767333434103,0.48153065432697245
scarcity_mutable,14041,280,22,2.5092749922147415,0.08836363866238273,0.5734770835606385,True,0.5589312735697368,0.35128083026656837,0.3923767333434103,0.48153065432697245
scarcity_mutable,14041,285,19,2.3918574363535483,0.08964077530173832,0.579685756969911,True,0.5564553927248711,0.35380664784193955,0.38837727093297947,0.4940399116378194
scarcity_mutable,14041,290,17,2.3732987535716163,0.09093482196889632,0.5862104652991281,True,0.5626474098884771,0.36102211700198544,0.3914132783325562,0.48888482333383554
scarcity_mutable,14041,295,15,2.506086271146627,0.09083431738895761,0.5467744359107389,True,0.5727200044747043,0.3549023727452982,0.3832521197393246,0.49476843774873763
scarcity_mutable,14041,300,11,2.767053235199962,0.07806860560540727,0.5017557351632711,True,0.5576169109533557,0.31993476335823756,0.38565461713681803,0.4685294488702384
scarcity_mutable,14041,305,11,2.777053235199961,0.07806860560540727,0.5017557351632711,True,0.5576169109533557,0.31993476335823756,0.38565461713681803,0.4685294488702384
scarcity_mutable,14041,310,10,2.8213385587199613,0.07849994119867165,0.47357595014596093,True,0.5498903339310316,0.32075114166329344,0.3855691712386122,0.4553277513542072
scarcity_mutable,14041,315,10,2.7468385587199604,0.07849994119867165,0.47357595014596093,True,0.5498903339310316,0.32075114166329344,0.3855691712386122,0.4553277513542072
scarcity_mutable,14041,320,10,2.8296385587199597,0.07849994119867165,0.47357595014596093,True,0.5498903339310316,0.32075114166329344,0.3855691712386122,0.4553277513542072
scarcity_mutable,14041,325,9,2.6143655096888487,0.07764880624062365,0.4417364159792455,True,0.539291263662002,0.32731497913324514,0.3777425998243249,0.44544441365587556
scarcity_mutable,14041,330,7,2.301900889599962,0.07711802283440865,0.4086987501069862,True,0.5304876755757431,0.334339237182555,0.3953385087922666,0.4566611575459479
scarcity_mutable,14041,335,7,2.360186603885675,0.07711802283440865,0.4086987501069862,True,0.5304876755757431,0.334339237182555,0.3953385087922666,0.4566611575459479
scarcity_mutable,14041,339,7,2.370043746742817,0.07711802283440865,0.4086987501069862,True,0.5304876755757431,0.334339237182555,0.3953385087922666,0.4566611575459479
scarcity_mutable,14057,0,72,6.9875585876320265,0.09705841422764383,0.9999999999999998,False,0.47893779041722584,0.47640496325863,0.44314137186454905,0.44074245233944964
scarcity_mutable,14057,5,79,7.0966083487933735,0.09637777477615152,0.9929724521564699,False,0.4828673325373729,0.47704523827228523,0.439126021770871,0.4344355289372957
scarcity_mutable,14057,10,88,7.22764909094418,0.09720883568296303,0.9865949726306101,False,0.48764443027357446,0.47587580180510786,0.43694015163634015,0.429044784690822
scarcity_mutable,14057,15,91,6.993913213982655,0.0978808015491776,0.9857359293893846,False,0.48969696601261475,0.4734045917427014,0.4377014281079937,0.42994418806580587
scarcity_mutable,14057,20,96,6.622426243096655,0.09843268691272249,0.9769274358576022,False,0.4912931287666646,0.46811776956182816,0.4429943710784847,0.4331007290911459
scarcity_mutable,14057,25,97,6.266421402859968,0.09829480128346466,0.9748596470409416,False,0.49171339371308176,0.4678938737212934,0.4428648856013762,0.43143595839003274
scarcity_mutable,14057,30,96,6.003062298425353,0.09871164466403677,0.9659700076302267,False,0.4928236657245979,0.4675385279949031,0.44319632673719833,0.4311696359819484
scarcity_mutable,14057,35,96,5.724174728964225,0.09924333922345287,0.9613189389693444,False,0.4928618369906874,0.46824564328907176,0.44011286986307513,0.4295618837034138
scarcity_mutable,14057,40,96,5.473533463835984,0.09890285255429118,0.9600444645666519,False,0.492134127177585,0.4686268804627967,0.44098012558652905,0.4297799380063299
scarcity_mutable,14057,45,95,5.358681669769719,0.09896797529006313,0.9537211676965242,False,0.4913047573276295,0.46826726119447243,0.43791509868808576,0.42915700731420575
scarcity_mutable,14057,50,94,5.207556463829707,0.09926331050201258,0.9500648891472038,False,0.4910918752616326,0.46853943904397294,0.43645856731054833,0.42916146653654236
scarcity_mutable,14057,55,96,4.899900225648322,0.09984795028349869,0.9451386218746712,False,0.49140612874269723,0.4659824972958919,0.4391501139362836,0.4298678433543359
scarcity_mutable,14057,60,95,4.705387393953948,0.0996370575326446,0.9414045785932514,False,0.49256019620397845,0.46458794524471264,0.43854653598317445,0.4283772087966113
scarcity_mutable,14057,65,93,4.595672578907972,0.09979270352631367,0.9337752670093672,False,0.49423902492711336,0.46230036453047263,0.4384221129475362,0.4270128917077216
scarcity_mutable,14057,70,89,4.635299594389751,0.09893714294402967,0.9214716544959854,False,0.49784182827390117,0.45918381548650833,0.4392999359703727,0.4289634854003711
scarcity_mutable,14057,75,89,4.3925934861795675,0.09989098144552508,0.9155620302834682,False,0.4998168919457828,0.4586570887459047,0.4346088702758515,0.4290042296677173
scarcity_mutable,14057,80,85,4.3949141030780465,0.09902251256646054,0.9053862767607678,False,0.5040456145595271,0.45700698274729956,0.43440954271669124,0.4267924005239906
scarcity_mutable,14057,85,83,4.325102270861415,0.10010302057532516,0.8852772764367909,False,0.5080636522017259,0.45649543973754175,0.43492736776005136,0.43042300602000316
scarcity_mutable,14057,90,80,4.354937047924011,0.10102377631732178,0.8684478813781816,False,0.5068662593392543,0.45391063043593805,0.42982996594047307,0.4272796399087431
scarcity_mutable,14057,95,78,4.301577822320104,0.10170249975009707,0.8561433538129727,False,0.5076213747248424,0.45471424090147294,0.4347840300716446,0.4286650044911418
scarcity_mutable,14057,100,74,4.405515292726527,0.10240781236690502,0.835046109150193,False,0.5085325556972292,0.45245957862184927,0.4331930462456247,0.42973738040970083
scarcity_mutable,14057,105,73,4.327505579009183,0.10180637869269463,0.8339577888408367,False,0.5076649139945205,0.4515408981294996,0.43598859077739316,0.43224982831888004
scarcity_mutable,14057,110,75,4.115283139861401,0.10383664116196538,0.8274130328654841,False,0.5076657946705103,0.4460646277531619,0.434199947647361,0.43223520226582735
scarcity_mutable,14057,115,72,4.1466497284178105,0.10324993362227758,0.8147810302973707,False,0.5096524539979419,0.44215582025593886,0.43651401787519584,0.4300779211159755
scarcity_mutable,14057,120,71,4.067529897931403,0.10317308442027943,0.8089019514401694,False,0.5077909728965584,0.4411964912938371,0.4385207336081966,0.43095467675710886
scarcity_mutable,14057,125,69,4.0495131253861905,0.10299918936057595,0.7970110222512663,False,0.5040075461541823,0.4380352497833263,0.43963921603092043,0.4300687011952438
scarcity_mutable,14057,130,65,4.2067943664903416,0.10436080069586481,0.7711678288251684,False,0.5031458198677848,0.4368310599714925,0.43610609743833234,0.4285710667531588
scarcity_mutable,14057,135,63,4.2895837472572955,0.10581554837904406,0.7518449966873167,False,0.5038171536031792,0.431002001487009,0.42929678507298974,0.42670152383409676
scarcity_mutable,14057,140,62,4.315729100765075,0.10583932801536908,0.7446047855706429,False,0.506063668350419,0.43164684698175637,0.4284085668745967,0.4247936847706398
scarcity_mutable,14057,145,62,4.291397297059025,0.10583932801536908,0.7446047855706429,False,0.506063668350419,0.43164684698175637,0.4284085668745967,0.4247936847706398
scarcity_mutable,14057,150,59,4.539034925218382,0.106740967945017,0.7217993431738022,False,0.5058423008565651,0.4287443414811285,0.423800288115904,0.42128718965095835
scarcity_mutable,14057,155,58,4.682210393848656,0.10571015770827324,0.7082195816684558,False,0.5029151212289783,0.42411915849035686,0.43177096036920287,0.4243415756900328
scarcity_mutable,14057,160,58,4.695679845059431,0.10448132115758693,0.6966458942078606,False,0.5004891537321625,0.4231813177398615,0.43179727459481404,0.42596090500828965
scarcity_mutable,14057,165,56,4.847955847685439,0.10429202350770335,0.679412192475173,False,0.5044851561186923,0.42043394948116886,0.44071602177726765,0.42616136648509617
scarcity_mutable,14057,170,54,5.021908188755146,0.10343760821760022,0.661211280999701,False,0.5091700061076935,0.41430064723408616,0.4381090944533097,0.430296772156198
scarcity_mutable,14057,175,53,5.115351232021031,0.10406032130302147,0.6406790676132066,False,0.515728749211983,0.41299730146746305,0.4423231173016638,0.4306991525161689
scarcity_mutable,14057,179,54,5.100241607099905,0.10521181044486334,0.6373255352903446,False,0.5144564078287217,0.4082752448003679,0.44461513604544256,0.43257497991692906
scarcity_mutable,14057,180,54,5.055908273766572,0.10521181044486334,0.6373255352903446,True,0.5144564078287217,0.4082752448003679,0.44461513604544256,0.43257497991692906
scarcity_mutable,14057,185,52,4.814424622207451,0.10359017266092602,0.6306927320649431,True,0.5162961617503046,0.40581184019241756,0.44206383694662954,0.4321720813250011
scarcity_mutable,14057,190,50,4.534259350884735,0.10450876300154878,0.6162763424265923,True,0.5179070669327355,0.405967248015519,0.4447642172788099,0.42991465050770317
scarcity_mutable,14057,195,50,4.092447980610338,0.10450876300154878,0.6162763424265923,True,0.5179070669327355,0.405967248015519,0.4447642172788099,0.42991465050770317
scarcity_mutable,14057,200,45,4.105553233138541,0.10305324065515616,0.6095628710896144,True,0.5195921610838938,0.3960661929590205,0.45451888121164674,0.43076511643530996
scarcity_mutable,14057,205,40,4.173624899519976,0.10302002492834553,0.555058644762866,True,0.5189475088970275,0.3874660932009258,0.4547995256497204,0.43219830279005905
scarcity_mutable,14057,210,36,4.28478138544353,0.10255752353855035,0.5300656887905478,True,0.5244063552262742,0.37926378356893475,0.46315972561995244,0.4407789176312121
scarcity_mutable,14057,215,36,3.928253607665752,0.10255752353855035,0.5300656887905478,True,0.5244063552262742,0.37926378356893475,0.46315972561995244,0.4407789176312121
scarcity_mutable,14057,220,34,3.8015036062376386,0.10158495607089517,0.5338038865313863,True,0.5275570317555244,0.37800715419573294,0.4581313633230004,0.44321779997904753
scarcity_mutable,14057,225,33,3.580246139759992,0.10019010675273098,0.5180127181177735,True,0.5327572451438624,0.3761501563401295,0.4618477238179551,0.4475575990485457
scarcity_mutable,14057,230,33,3.243579473093324,0.10019010675273098,0.5180127181177735,True,0.5327572451438624,0.3761501563401295,0.4618477238179551,0.4475575990485457
scarcity_mutable,14057,235,31,3.113996567122552,0.09954786460269094,0.5173424893452131,True,0.5328804022291592,0.3726689149310114,0.47145312298229614,0.4536789441822404
scarcity_mutable,14057,240,31,2.962061083251583,0.09954786460269094,0.5173424893452131,True,0.5328804022291592,0.3726689149310114,0.47145312298229614,0.4536789441822404
scarcity_mutable,14057,245,27,3.431229220636416,0.09527906118949726,0.5090292598437367,True,0.5370198380337912,0.3627745699099036,0.4869874865359481,0.45831100146232984
scarcity_mutable,14057,250,25,3.513996928078614,0.09339287267153862,0.5169066187944218,True,0.5351526239388265,0.3678817862277497,0.4805494712048322,0.45201776783213
scarcity_mutable,14057,255,23,3.5638224418245845,0.09457324095573723,0.525213557613616,True,0.5314762533269202,0.36063758141988933,0.47120210974115573,0.4502315735103721
scarcity_mutable,14057,260,21,3.6684284953316895,0.09688482152203219,0.5304447503931659,True,0.5322009409289918,0.35937027436028085,0.46846741272537634,0.4468603772054607
scarcity_mutable,14057,265,20,3.6807712058582744,0.09619131291074487,0.536261780943753,True,0.5388030275229685,0.36585093473504426,0.4661640322592529,0.4443110305931011
scarcity_mutable,14057,270,19,3.6999265250357594,0.09375512281817713,0.5391249337998612,True,0.544271428604711,0.37700768834447834,0.4640561459494253,0.4420646188108425
scarcity_mutable,14057,275,17,4.0125818809223235,0.09435634628160466,0.5218099541804697,True,0.5406186668631465,0.3692945207267767,0.45032305075191714,0.4424681278152728
scarcity_mutable,14057,280,16,3.886430748479973,0.09678349573599833,0.4988422923123533,True,0.5382078075006268,0.36817035948871085,0.45035570929701163,0.4460244311505739
scarcity_mutable,14057,285,15,3.4192574810453027,0.09541430787905777,0.4953973932286756,True,0.5472037879426317,0.3737578787213455,0.44315765965765874,0.4405720738692217
scarcity_mutable,14057,290,13,3.0607740165907424,0.09287998643705214,0.4407338055213481,True,0.5531148507565585,0.37614925643933267,0.4521497674666788,0.45526853447528504
scarcity_mutable,14057,295,11,2.7799696495708814,0.08734949409213884,0.431696131505912,True,0.5619574154664501,0.37463095787517253,0.47203660093255095,0.45372381399221823
scarcity_mutable,14057,300,10,2.7646978145279717,0.09052913284466596,0.4289256910014904,True,0.560922296883052,0.374612394751662,0.47224375935092244,0.4455622241130602
scarcity_mutable,14057,305,9,3.214027772188415,0.09123694857485627,0.4417364159792455,True,0.554674012439734,0.3603243303182305,0.46485278586218814,0.44272132738133246
scarcity_mutable,14057,310,8,3.2667562437119724,0.09563283790824814,0.4051913109828057,True,0.5525525658044407,0.36739028540150953,0.471691198385614,0.4403231434723484
scarcity_mutable,14057,315,7,3.4390197070994013,0.09933363946417864,0.3623911717089513,True,0.5417371564015022,0.3661625964903454,0.4731070935402909,0.43094515052712895
scarcity_mutable,14057,320,6,3.6922021084159744,0.10297419328717031,0.364936229672398,True,0.5320603666682306,0.35076962566599207,0.46102894137884864,0.42931310975588494
scarcity_mutable,14057,325,6,3.7130354417493066,0.10297419328717031,0.364936229672398,True,0.5320603666682306,0.35076962566599207,0.46102894137884864,0.42931310975588494
scarcity_mutable,14057,330,6,3.733868775082639,0.10297419328717031,0.364936229672398,True,0.5320603666682306,0.35076962566599207,0.46102894137884864,0.42931310975588494
scarcity_mutable,14057,335,5,4.6047737670655735,0.10137208942644266,0.3763300355100876,True,0.5186183957531567,0.33928037292927504,0.44578825632079616,0.4597905738502911
scarcity_mutable,14057,339,5,4.716773767065574,0.10137208942644266,0.3763300355100876,True,0.5186183957531567,0.33928037292927504,0.44578825632079616,0.4597905738502911
scarcity_mutable,14071,0,72,7.053466945555926,0.0989971481544388,0.9999999999999998,False,0.4714242046808089,0.4703354470927203,0.4240426362597484,0.44715836365023914
scarcity_mutable,14071,5,77,7.23401923086093,0.10154249469489193,0.9946500823575938,False,0.47590922640921013,0.46619295726886156,0.42406573463442554,0.44001137031634174
scarcity_mutable,14071,10,86,6.994989875847434,0.10265054154291019,0.9873548862062541,False,0.48189720743211323,0.46853414506483304,0.42355736578254,0.44467153243277907
scarcity_mutable,14071,15,94,6.60904756096853,0.1025644620439217,0.9804277542951737,False,0.48520254484066994,0.46585388481798534,0.42058861561470634,0.44167568190171425
scarcity_mutable,14071,20,98,6.229604730432954,0.10278791794538654,0.9769770951650852,False,0.48667061613054396,0.4641659061852179,0.41762677440578905,0.4445623680762094
scarcity_mutable,14071,25,99,6.151329098211967,0.10251710640902653,0.9744022472810272,False,0.4879461640034989,0.46396198733667837,0.4182134186715085,0.4446406247862258
scarcity_mutable,14071,30,101,5.853730092012498,0.10241584427417226,0.9703809116953016,False,0.4872446679742566,0.46408511991125356,0.41743281827611917,0.44711929618523966
scarcity_mutable,14071,35,102,5.570314480925552,0.10199709764322873,0.9705729369028757,False,0.48675212855069744,0.4636989252963029,0.41693258829444974,0.4470821923693019
scarcity_mutable,14071,40,103,5.227587762920565,0.10182722722714031,0.967413385255404,False,0.4880948795899254,0.4635151163166397,0.41738706754100796,0.44785421315277313
scarcity_mutable,14071,45,103,4.924556358079555,0.10182722722714031,0.967413385255404,False,0.4880948795899254,0.4635151163166397,0.41738706754100796,0.44785421315277313
scarcity_mutable,14071,50,103,4.626882203180732,0.10182722722714031,0.967413385255404,False,0.4880948795899254,0.4635151163166397,0.41738706754100796,0.44785421315277313
scarcity_mutable,14071,55,104,4.307761247140187,0.10313774207033863,0.9657337049712965,False,0.4882364577468396,0.46314410692056257,0.41716133082447754,0.4519843733498288
scarcity_mutable,14071,60,88,4.77724056480204,0.10262540717492348,0.9048082632257403,False,0.5035036639361206,0.45253148842576985,0.41232137920197115,0.44502513985065933
scarcity_mutable,14071,65,87,4.592870916121603,0.10281850709224682,0.8835432601971974,False,0.5110315152178692,0.4512955803139131,0.4102545045772764,0.4492774927294992
scarcity_mutable,14071,70,80,4.763866760325941,0.10273920346881653,0.8620234139495901,False,0.5141671156902489,0.44382967362261416,0.41167100728196965,0.4496011471828368
scarcity_mutable,14071,75,74,4.957622868562335,0.10133865653359507,0.8393699788949315,False,0.5132793515835362,0.43872313852815,0.4087329677233588,0.4522130566856176
scarcity_mutable,14071,80,72,4.929084614911288,0.10117898385755639,0.8221220274373452,False,0.5192642079975598,0.4394288536484734,0.40879245035173284,0.4526980032432075
scarcity_mutable,14071,85,71,4.851043553149474,0.09945280970581714,0.8060069449349215,False,0.5232096697232971,0.4409024427203849,0.40462081531165933,0.4558008470048248
scarcity_mutable,14071,90,69,4.8496795981683,0.09881816624396299,0.7984953952746193,False,0.5269285226191412,0.443514619797957,0.40157664600997833,0.45671915423618153
scarcity_mutable,14071,95,69,4.705041917008877,0.09923342827545031,0.7900165839354097,False,0.5305832761161375,0.44033351222559186,0.39918660620143276,0.4606717647013182
scarcity_mutable,14071,100,68,4.652069004023715,0.09917289363006082,0.7836613459456493,False,0.5293201821503604,0.43813604942838796,0.3999943552704752,0.46040356196687166
scarcity_mutable,14071,105,66,4.671834427175542,0.09802970692391191,0.7705302058660103,False,0.5311924171302576,0.43480337306855876,0.394826935214542,0.4571235187664946
scarcity_mutable,14071,110,61,4.967227413009605,0.09341220678306397,0.7389792434694958,False,0.5361377478041593,0.4312450980999094,0.38668869212125023,0.45789315584071927
scarcity_mutable,14071,115,61,4.887195431685012,0.09352362564953083,0.7389792434694958,False,0.536695699508188,0.43070076729760387,0.38632692403710966,0.45746126320689817
scarcity_mutable,14071,120,61,4.808097071029275,0.09352362564953083,0.7389792434694958,False,0.536695699508188,0.43070076729760387,0.38632692403710966,0.45746126320689817
scarcity_mutable,14071,125,59,4.896901546331962,0.09462981850209401,0.736092579129766,False,0.5365645734587852,0.42950436241360707,0.38832808480947434,0.4564422298783859
scarcity_mutable,14071,130,59,4.844146798887892,0.09536491738174668,0.740470370561208,False,0.5370019958195866,0.43105715620565793,0.3845015638842109,0.4564920031419583
scarcity_mutable,14071,135,59,4.789316290413317,0.09534268491836097,0.7285247385968049,False,0.5409131548811819,0.43102287103141335,0.3857935114491399,0.4540795855081968
scarcity_mutable,14071,140,57,4.905441914638344,0.09456646446863212,0.7182561298654186,False,0.5450301015995322,0.4317097770788691,0.3836032208381058,0.4597185644094506
scarcity_mutable,14071,145,54,5.1501706378305006,0.09300488959460475,0.7087388347764495,False,0.5503901575626521,0.4294923499838925,0.38312817628688406,0.45104903987356126
scarcity_mutable,14071,150,52,5.3319016623624425,0.09008500596869387,0.6912989991101329,False,0.5545956797937319,0.43368380595788353,0.3785080200609207,0.4563298395851048
scarcity_mutable,14071,155,52,5.3492093546701325,0.09008500596869387,0.6912989991101329,False,0.5545956797937319,0.43368380595788353,0.3785080200609207,0.4563298395851048
scarcity_mutable,14071,160,51,5.477121840398954,0.08943748113551671,0.680639655379915,False,0.5576208848255143,0.43339548548507817,0.3758810612440751,0.44957980503934647
scarcity_mutable,14071,165,51,5.486989003309961,0.08790968452062878,0.6755242645246362,False,0.5601172090415109,0.4349013461935099,0.3787610110182591,0.44529498318489286
scarcity_mutable,14071,170,51,5.505126258211921,0.08790968452062878,0.6755242645246362,False,0.5601172090415109,0.4349013461935099,0.3787610110182591,0.44529498318489286
scarcity_mutable,14071,175,52,5.412623830169384,0.08724755011670847,0.6706367653978389,False,0.560770754550325,0.43466076082223715,0.380186014958418,0.44497886021035743
scarcity_mutable,14071,179,51,5.495812532721722,0.0877687899939133,0.6611302006824644,False,0.5619636800563715,0.4338419838405451,0.3794893929383297,0.4438658316880996
scarcity_mutable,14071,180,51,5.408851748408,0.0877687899939133,0.6611302006824644,True,0.5619636800563715,0.4338419838405451,0.3794893929383297,0.4438658316880996
scarcity_mutable,14071,185,52,4.917777676323228,0.08797589935112415,0.6644030529211803,True,0.5642905518790554,0.43560615013550547,0.37910520312404206,0.44242757514356373
scarcity_mutable,14071,190,51,4.590423356251134,0.08849845994342512,0.6691683223915726,True,0.5647828255213685,0.43491013860468974,0.37709160680482817,0.4423004940913266
scarcity_mutable,14071,195,50,4.250463823376155,0.0886449882748252,0.6660170212360942,True,0.5656262587192162,0.4348225487810353,0.3770425172958315,0.44599112332208607
scarcity_mutable,14071,200,49,3.911711023036893,0.08929028580864247,0.6706006891945246,True,0.5646760385283415,0.43580517569943583,0.376055755673958,0.44624628898251517
scarcity_mutable,14071,205,45,3.8280531584179522,0.09022859599515515,0.6424082747628338,True,0.5642020420995159,0.43309215812491414,0.3700437136170026,0.4477272332051822
scarcity_mutable,14071,210,45,3.4373642695290623,0.09022859599515515,0.6424082747628338,True,0.5642020420995159,0.43309215812491414,0.3700437136170026,0.4477272332051822
scarcity_mutable,14071,215,42,3.2665816043598,0.09024645962675326,0.616301509361587,True,0.5700641342785188,0.4365613319679599,0.3672193257811353,0.4502479527988196
scarcity_mutable,14071,220,39,3.1214306964695306,0.08953576586804421,0.6159512163794814,True,0.5730458372537077,0.4352696954942972,0.36537346719793934,0.45136372650782564
scarcity_mutable,14071,225,37,2.899009869251669,0.09009529086913423,0.5993923993573912,True,0.5725642352443524,0.4309020130545478,0.36361286117084085,0.4445148355066149
scarcity_mutable,14071,230,36,2.6204512545086596,0.08752284266010943,0.5985848043448782,True,0.5734625044018422,0.4354579650482018,0.3621894936080465,0.45226250453420547
scarcity_mutable,14071,235,33,2.4888862170397537,0.08780974749317472,0.5663039539090946,True,0.5690309970640516,0.43397940271008867,0.358324510782649,0.4609550211521441
scarcity_mutable,14071,240,31,2.2750393923326424,0.08800781117365669,0.5668434362362507,True,0.5668669481627567,0.43017087623975003,0.36573575192188273,0.4572988942197857
scarcity_mutable,14071,245,25,2.5186695256604836,0.08927629942576057,0.5638771248938826,True,0.5714079531476443,0.4269908649839729,0.3733741343080941,0.45850795806372646
scarcity_mutable,14071,250,23,2.4687194391961804,0.09013107196887854,0.5614711121961368,True,0.5709951340623232,0.4251389360332519,0.3691073046548051,0.4553937931354199
scarcity_mutable,14071,255,22,2.3927257516938165,0.09166595098737712,0.5698655397665785,True,0.5699448412697087,0.4252638464489759,0.365300308688818,0.45660002970934577
scarcity_mutable,14071,260,21,2.2953789494476093,0.09138150595583895,0.567142638023211,True,0.5670810293123016,0.4191390464420184,0.3668734136926716,0.4604804175103049
scarcity_mutable,14071,265,17,2.6661413701110015,0.08874189142775536,0.5146129222593837,True,0.5673211190409989,0.42210768018989747,0.3680989254466379,0.44737755239110544
scarcity_mutable,14071,270,15,2.956538352792474,0.08743662296076339,0.517007596481092,True,0.5707519472850213,0.41812531208575077,0.36933982147951355,0.4358737737449336
scarcity_mutable,14071,275,14,3.132373560849081,0.08757745118060078,0.5157284430550406,True,0.5671524879945555,0.4185995339759034,0.3778209327695312,0.426888178657181
scarcity_mutable,14071,280,13,3.192103834760552,0.07948649776177133,0.5155383552412507,True,0.5723283347708681,0.43178483462204537,0.3785214784931729,0.4459577100061309
scarcity_mutable,14071,285,13,3.2001038347605513,0.07948649776177133,0.5155383552412507,True,0.5723283347708681,0.43178483462204537,0.3785214784931729,0.4459577100061309
scarcity_mutable,14071,290,12,3.4426811543239317,0.07999905016045691,0.516816958843982,True,0.5707091849656989,0.4284099274153997,0.39063441305960284,0.4466716427813288
scarcity_mutable,14071,295,11,3.514561259262477,0.08279552991940907,0.4906330494670474,True,0.5695456064565816,0.43067415914954216,0.3873535652231256,0.4523146888837993
scarcity_mutable,14071,300,8,3.99695511388592,0.08848754022639377,0.4457104420810863,True,0.5729620043438595,0.42764459305920266,0.3871051339313586,0.4363438234110785
scarcity_mutable,14071,305,7,4.361091558726775,0.07284620562593154,0.4086987501069862,True,0.5830890027174508,0.44533291581309975,0.38617081952394056,0.4737145065636755
scarcity_mutable,14071,310,5,4.629662582217501,0.0599883903227506,0.3114994257528387,True,0.5863391435948262,0.4447400194338883,0.44676166892876,0.4377530626869769
scarcity_mutable,14071,315,5,4.6266625822175,0.0599883903227506,0.3114994257528387,True,0.5863391435948262,0.4447400194338883,0.44676166892876,0.4377530626869769
scarcity_mutable,14071,320,4,4.704666227771892,0.05756989702120893,0.2431147865896834,True,0.6194725904424541,0.4504909803791632,0.4436083343187701,0.4395313852941236
scarcity_mutable,14071,325,4,4.928416227771889,0.05756989702120893,0.2431147865896834,True,0.6194725904424541,0.4504909803791632,0.4436083343187701,0.4395313852941236
scarcity_mutable,14071,330,4,5.152166227771887,0.05756989702120893,0.2431147865896834,True,0.6194725904424541,0.4504909803791632,0.4436083343187701,0.4395313852941236
scarcity_mutable,14071,335,5,4.734532982217508,0.06236954419828469,0.24666881599558974,True,0.5915943798406232,0.4627134139603533,0.4642067153156629,0.433932916834292
scarcity_mutable,14071,339,5,4.646332982217507,0.06236954419828469,0.24666881599558974,True,0.5915943798406232,0.4627134139603533,0.4642067153156629,0.433932916834292
scarcity_mutable,14087,0,72,6.951310958926473,0.10284199910174317,0.9999999999999998,False,0.46965868035735714,0.4723617652377703,0.4301976807398822,0.43405516492840124
scarcity_mutable,14087,5,77,6.928706006355857,0.10200554473574167,0.9946500823575938,False,0.4720873727762113,0.4712061955284427,0.4294273753874294,0.4331396670435105
scarcity_mutable,14087,10,85,7.3995888557602925,0.1033375951706265,0.989235457768083,False,0.47339259028550595,0.4624099134598628,0.43076278781172606,0.4302583896984523
scarcity_mutable,14087,15,94,7.124769364983779,0.10608341118885437,0.9812730092256983,False,0.4771360390429973,0.4581693947125385,0.43166838392171936,0.4219324718989517
scarcity_mutable,14087,20,97,6.780305329114016,0.10799666595151701,0.9756787600663986,False,0.4821109953231855,0.45665614159838497,0.43565952520129037,0.4193974816187876
scarcity_mutable,14087,25,100,6.507886119143646,0.10885131171960877,0.9746732234642078,False,0.48297237588791525,0.45581961453045905,0.4301821918998246,0.4237423023645042
scarcity_mutable,14087,30,101,6.340220069731159,0.10871886990814882,0.9748017294323781,False,0.4829090904082155,0.45504093415675617,0.4311393220512853,0.4251304204361653
scarcity_mutable,14087,35,101,6.075583595649846,0.10871886990814882,0.9748017294323781,False,0.4829090904082155,0.45504093415675617,0.4311393220512853,0.4251304204361653
scarcity_mutable,14087,40,102,5.77891424060399,0.10906603393937704,0.9723927178619493,False,0.485001037333602,0.4547992530573892,0.4327961475545552,0.4246761563168832
scarcity_mutable,14087,45,102,5.507385143088645,0.10906603393937704,0.9723927178619493,False,0.485001037333602,0.4547992530573892,0.4327961475545552,0.4246761563168832
scarcity_mutable,14087,50,104,5.1201359215765425,0.10889844303415763,0.9696797524625976,False,0.48514112444923424,0.4535198973184277,0.43075329732766693,0.42680907826788117
scarcity_mutable,14087,55,102,4.981353568928605,0.1079455075297137,0.9660367757288855,False,0.4798636136971583,0.4551939999352937,0.4329631664872767,0.4295048240009659
scarcity_mutable,14087,60,96,5.04554897818828,0.10805478704617393,0.9526758445139027,False,0.4804324035911953,0.44743049733088475,0.4356354110256682,0.4308271727467116
scarcity_mutable,14087,65,96,4.830991401864835,0.10805478704617393,0.9526758445139027,False,0.4804324035911953,0.44743049733088475,0.4356354110256682,0.4308271727467116
scarcity_mutable,14087,70,93,4.767985454322296,0.10813423383600283,0.9415556258627672,False,0.479258342882517,0.4424510836604366,0.43603771042254375,0.4309589174065097
scarcity_mutable,14087,75,87,4.908316373004814,0.10820753925303914,0.9215294510366169,False,0.4807085206537476,0.4352898092640821,0.43922976519795576,0.4312609918181518
scarcity_mutable,14087,80,84,4.8974795646578695,0.10827052607727215,0.905082315430696,False,0.48273067139934395,0.4281563751351315,0.43681632284298433,0.43336581684743614
scarcity_mutable,14087,85,84,4.728705266798848,0.10738371061756495,0.905082315430696,False,0.4789961846831287,0.4242290974013816,0.43699829580654415,0.43728718950511064
scarcity_mutable,14087,90,83,4.597980538105634,0.10717342126505319,0.9007040998927267,False,0.4768027932940383,0.42138876608258974,0.4378629641798735,0.4367916134371531
scarcity_mutable,14087,95,80,4.60082537436878,0.10738885366148827,0.8911776571579744,False,0.4817022989983504,0.4212189052869916,0.4347948070973834,0.43687813301158507
scarcity_mutable,14087,100,79,4.484979968900383,0.10849038863864907,0.8832447095478159,False,0.48469437081096894,0.41276990171931166,0.432809064384421,0.4339389755693266
scarcity_mutable,14087,105,76,4.518719725872894,0.10864216769003915,0.8746021074056427,False,0.48687982822206494,0.4085452177233823,0.4334085105791356,0.4345030725535116
scarcity_mutable,14087,110,73,4.578276635938259,0.10796929086008847,0.8595120947209484,False,0.4931535423077764,0.406831306986219,0.43089432816131307,0.43405400716736947
scarcity_mutable,14087,115,71,4.574208306194505,0.10742941445034172,0.8535337606124631,False,0.49168156012118547,0.404707488775216,0.43513521818241946,0.4361153335488708
scarcity_mutable,14087,120,68,4.698177926644186,0.1070098581425662,0.8400891746640677,False,0.48979087629695733,0.4021653898091473,0.43352113171125634,0.44078990293016757
scarcity_mutable,14087,125,67,4.7098512788769265,0.1051728440041159,0.835319571547529,False,0.4882513701510944,0.3998317516515963,0.42996840253327623,0.4437276795596786
scarcity_mutable,14087,130,66,4.735876848806496,0.10532324403029192,0.8344745517619212,False,0.48987795891879593,0.3982798912949361,0.428313167633265,0.444211364937783
scarcity_mutable,14087,135,64,4.832974135846534,0.10504133494752886,0.8227424372188745,False,0.489299271679423,0.3954011878001643,0.43082915796149507,0.44530517811251225
scarcity_mutable,14087,140,62,4.973229312373026,0.10561450476256626,0.8189723333799704,False,0.48890132091040295,0.394335286864881,0.4350008286027099,0.44479677297500675
scarcity_mutable,14087,145,63,4.87551888952503,0.10646595231379652,0.8086584473274462,False,0.4900995352049008,0.3971006952614877,0.4282684749858427,0.4467583399290917
scarcity_mutable,14087,150,61,5.022986929721744,0.10742650428317142,0.8031849207862464,False,0.4931157668597475,0.3979761590995471,0.4263329631404388,0.4476440778630561
scarcity_mutable,14087,155,61,5.001308275232724,0.10870366436429187,0.7978709363799146,False,0.49442425360159925,0.3932356071639206,0.42320963099304526,0.44532111854601175
scarcity_mutable,14087,160,61,4.97371195631692,0.10870366436429187,0.7978709363799146,False,0.49442425360159925,0.3932356071639206,0.42320963099304526,0.44532111854601175
scarcity_mutable,14087,165,62,4.855489584160369,0.10723021899517218,0.7971063072084156,False,0.4917373047781823,0.3881077224095088,0.42405645222628197,0.4468130348535815
scarcity_mutable,14087,170,61,4.894168557931275,0.10707755681891672,0.7958652061723988,False,0.4944967036401685,0.38920357739625616,0.4220089930216399,0.44713140295864284
scarcity_mutable,14087,175,59,5.036624109715222,0.10680794367977241,0.7999482917191977,False,0.49489052892300806,0.39336613901749823,0.4227644060517611,0.4467126959706587
scarcity_mutable,14087,179,59,5.021755151738784,0.10680794367977241,0.7999482917191977,False,0.49489052892300806,0.39336613901749823,0.4227644060517611,0.4467126959706587
scarcity_mutable,14087,180,59,4.928538818458694,0.10680794367977241,0.7999482917191977,True,0.49489052892300806,0.39336613901749823,0.4227644060517611,0.4467126959706587
scarcity_mutable,14087,185,56,4.726014785524884,0.107369921017049,0.7911000671760939,True,0.4956766802738281,0.3961818358594016,0.425438047724996,0.45110258129211
scarcity_mutable,14087,190,54,4.456895129607734,0.10782018493703147,0.7890414121260725,True,0.4966862667676161,0.3980339428252717,0.42405385953022345,0.4508465736214867
scarcity_mutable,14087,195,51,4.290510136470559,0.10669436107719665,0.7672238346024439,True,0.4943300001729989,0.3931320309122358,0.42534031965176256,0.4505176666681639
scarcity_mutable,14087,200,46,4.3328699339130115,0.10820254749326204,0.7336060809315851,True,0.5029731960554298,0.38525290149883634,0.4260258378346641,0.45093241948477986
scarcity_mutable,14087,205,45,4.0360947768888575,0.10740595638069228,0.7320783615013987,True,0.5029603321396832,0.3843818089247427,0.4301172253139608,0.44622989281392444
scarcity_mutable,14087,210,44,3.7261423854545126,0.10760586328528975,0.7232321896988446,True,0.5022778930408739,0.38568414944893714,0.42804859827910186,0.44992144855704164
scarcity_mutable,14087,215,43,3.4335014474418277,0.1066478489415888,0.7244819470912287,True,0.49776603760467003,0.3846444910170211,0.42404657676501556,0.4515755408428008
scarcity_mutable,14087,220,43,3.0646874939534547,0.1066478489415888,0.7244819470912287,True,0.49776603760467003,0.3846444910170211,0.42404657676501556,0.4515755408428008
scarcity_mutable,14087,225,38,3.0779587789473344,0.10562716944422713,0.7023302892242764,True,0.503079601799107,0.3859330527166634,0.41811746373702274,0.455170458306844
scarcity_mutable,14087,230,36,2.8641342666666323,0.10556436166987596,0.6960625084649171,True,0.502908859513615,0.38373919862418204,0.41664301729945585,0.4594734876636386
scarcity_mutable,14087,235,34,2.740643105882317,0.10451594858019533,0.6838864785735922,True,0.504226054068874,0.37970280071675167,0.4162325000906345,0.46292321693180305
scarcity_mutable,14087,240,31,2.680622503225771,0.1066353932020691,0.6760965912576357,True,0.5018558670715527,0.3722020763889537,0.41558360936677613,0.46022867267735734
scarcity_mutable,14087,245,29,2.569657158620654,0.10671629017609469,0.6698896542336342,True,0.5045164492722726,0.37686573501143633,0.4114508323726036,0.4669964040442937
scarcity_mutable,14087,250,27,2.4812910222221864,0.10767364134369319,0.6444787657972444,True,0.5108163842907476,0.3781085238460284,0.41043116806068414,0.46771295999364393
scarcity_mutable,14087,255,24,2.5334121999999635,0.11229239272543581,0.6197700774952944,True,0.5149147550371407,0.3802845196159618,0.40907781951803884,0.4622315713586867
scarcity_mutable,14087,260,23,2.4656946086956153,0.11035756800099915,0.6238688333311685,True,0.51486562429338,0.390364565717062,0.406924658591443,0.4702075614690562
scarcity_mutable,14087,265,20,2.633236767999961,0.10972346831954208,0.6356524745390832,True,0.5097296944066596,0.3810019085591103,0.4091412282799508,0.47292663293849585
scarcity_mutable,14087,270,18,2.7656211199999605,0.10632170936448761,0.6398299457930616,True,0.5082816197817537,0.3920723565942598,0.411715741775882,0.4855039163221503
scarcity_mutable,14087,275,16,2.97229675999996,0.10853880597335752,0.6077869664742086,True,0.5058641778734528,0.3968151884953603,0.3991218136824819,0.4868735894282349
scarcity_mutable,14087,280,16,2.8799217599999585,0.10853880597335752,0.6077869664742086,True,0.5058641778734528,0.3968151884953603,0.3991218136824819,0.4868735894282349
scarcity_mutable,14087,285,12,3.177645679999958,0.10628287149230137,0.5540255081310408,True,0.5193095378466713,0.383072267905662,0.4263498243643604,0.47360586224061246
scarcity_mutable,14087,290,11,3.2708134690908666,0.1069400538123974,0.5312241941438388,True,0.5318161854958482,0.39104661068458596,0.42432247657401834,0.47647688764558266
scarcity_mutable,14087,295,6,2.6027513599999637,0.1112013774766201,0.364936229672398,True,0.5460994897994084,0.43539590914347004,0.42890106182107174,0.4518459410026201
scarcity_mutable,14087,300,6,2.742751359999963,0.1112013774766201,0.364936229672398,True,0.5460994897994084,0.43539590914347004,0.42890106182107174,0.4518459410026201
scarcity_mutable,14087,305,6,2.858918026666629,0.1112013774766201,0.364936229672398,True,0.5460994897994084,0.43539590914347004,0.42890106182107174,0.4518459410026201
scarcity_mutable,14087,310,6,2.975084693333295,0.1112013774766201,0.364936229672398,True,0.5460994897994084,0.43539590914347004,0.42890106182107174,0.4518459410026201
scarcity_mutable,14087,315,5,3.45826163199996,0.09479478981705157,0.3114994257528387,True,0.5290433702248173,0.41465330577013687,0.4243925171691981,0.5056389485193251
scarcity_mutable,14087,320,5,3.5982616319999594,0.09479478981705157,0.3114994257528387,True,0.5290433702248173,0.41465330577013687,0.4243925171691981,0.5056389485193251
scarcity_mutable,14087,325,4,3.9841110399999584,0.06647534821527085,0.2431147865896834,True,0.49240557440427,0.3831718922090408,0.37647157042346513,0.5298260031213213
scarcity_mutable,14087,330,3,3.7342120533332874,0.06667474927461088,0.25688521341031656,True,0.497680585059612,0.3851715573498984,0.3263446481655022,0.5184539282943392
scarcity_mutable,14087,335,3,3.8265453866666186,0.06667474927461088,0.25688521341031656,True,0.497680585059612,0.3851715573498984,0.3263446481655022,0.5184539282943392
scarcity_mutable,14087,339,3,3.986212053333284,0.06667474927461088,0.25688521341031656,True,0.497680585059612,0.3851715573498984,0.3263446481655022,0.5184539282943392
scarcity_mutable,14101,0,72,6.974675534846759,0.10748523179283752,0.9999999999999998,False,0.4635790676047157,0.46846026335506985,0.4373955853918646,0.4536886996108195
scarcity_mutable,14101,5,77,7.2980578707727854,0.10810365593835239,0.9946500823575938,False,0.46121361733867144,0.46573377695731927,0.4358102540477019,0.4488288967664729
scarcity_mutable,14101,10,87,6.95200624322247,0.11020686727576852,0.9869551153988704,False,0.4609775726924467,0.4596122696024195,0.4428822643793856,0.4496079814060849
scarcity_mutable,14101,15,90,6.741050479559497,0.1098841349776771,0.9846274982408504,False,0.46213001770326934,0.46178754696584645,0.4425916759926138,0.4470465640269748
scarcity_mutable,14101,20,92,6.623038512612552,0.11075151887339212,0.9828585354172206,False,0.4649121162335555,0.45784465111087336,0.44106925558982285,0.44741817438615034
scarcity_mutable,14101,25,95,6.278732033266889,0.11174758693846695,0.9777765065365872,False,0.46434558984675944,0.44988006830059996,0.4372784534791069,0.44806301828425216
scarcity_mutable,14101,30,96,6.0075473245870255,0.11175536504010188,0.9756529614549098,False,0.46583942890485264,0.4495738257752209,0.43570980287647076,0.4474874673625495
scarcity_mutable,14101,35,98,5.673974930207698,0.11135599808611302,0.9757286304440805,False,0.46589680403374883,0.4501645411456781,0.4347267315874028,0.4459185817095774
scarcity_mutable,14101,40,100,5.323545431603544,0.11535540932682317,0.9726551884029299,False,0.4619374570327295,0.44195799772948385,0.4381934224295822,0.4436233410869992
scarcity_mutable,14101,45,102,4.973328854513276,0.11644698920233335,0.9704142521155984,False,0.4655619844440494,0.44214459977506493,0.4370519779639099,0.4463843874487002
scarcity_mutable,14101,50,102,4.721858266277981,0.11644698920233335,0.9704142521155984,False,0.4655619844440494,0.44214459977506493,0.4370519779639099,0.4463843874487002
scarcity_mutable,14101,55,102,4.470387678042686,0.11644698920233335,0.9704142521155984,False,0.4655619844440494,0.44214459977506493,0.4370519779639099,0.4463843874487002
scarcity_mutable,14101,60,98,4.387189215921979,0.1141998373070296,0.9519719695359667,False,0.4702708319779858,0.43306702907745315,0.44018776468166254,0.44620636713019174
scarcity_mutable,14101,65,95,4.286176496424777,0.11340508735829061,0.9456090030625139,False,0.4731464684227505,0.42831294555637967,0.44068461361741684,0.44436863510628016
scarcity_mutable,14101,70,91,4.24414689187202,0.11245745528846038,0.9374346040666254,False,0.47106900429240267,0.422359142852444,0.43551445073967754,0.4438598555899841
scarcity_mutable,14101,75,87,4.230392542425091,0.112945380094352,0.9185307736386948,False,0.47049191462665146,0.41445118315553836,0.4335484892751344,0.4450605431685117
scarcity_mutable,14101,80,83,4.244094255313047,0.11470922876920747,0.8997972652446096,False,0.47029256706276873,0.40220707163135616,0.4332442938527943,0.4488102257459943
scarcity_mutable,14101,85,81,4.224731150505962,0.11563542205768834,0.8948007875948227,False,0.4710273568450791,0.3993373165086543,0.43322918276425587,0.44925405695784854
scarcity_mutable,14101,90,76,4.392129252512933,0.11499150422889637,0.8754345826052087,False,0.4768918348459639,0.39674791270837867,0.43066505165031993,0.453299331640357
scarcity_mutable,14101,95,77,4.232556145337439,0.11565732634399226,0.8720637537041569,False,0.48058672226933097,0.3964267842026691,0.42963525984179385,0.4521922920748793
scarcity_mutable,14101,100,74,4.344405394472742,0.11956999738368612,0.8437153547006357,False,0.4849416956768827,0.3819137998598719,0.4390267365714284,0.44853734144067964
scarcity_mutable,14101,105,74,4.305389580389508,0.12089769069327186,0.8385715812261285,False,0.48884403271913035,0.38152642840899204,0.43846873941461023,0.44689457551182027
scarcity_mutable,14101,110,73,4.325531903408542,0.12038076933877123,0.8330911023316994,False,0.48844750611091803,0.3777336782224412,0.4362981238805275,0.4472018066728042
scarcity_mutable,14101,115,71,4.430017309138361,0.12090570581009302,0.8020090194594112,False,0.49061008661072586,0.36081779920553175,0.4357258708734796,0.45042619932539524
scarcity_mutable,14101,120,68,4.5690121904238765,0.12216127214841457,0.783323584546502,False,0.49337572476012365,0.3556417206513565,0.43437862001230215,0.45157069694134117
scarcity_mutable,14101,125,63,4.896159189663866,0.12401389501492412,0.7544749943663386,False,0.4985368469068159,0.3482340668572426,0.4354745320458766,0.45180384150777125
scarcity_mutable,14101,130,61,5.0772627696528465,0.1250027204945,0.7380720390146335,False,0.503822708187149,0.34574933166264815,0.43557129516746845,0.4463185571086272
scarcity_mutable,14101,135,59,5.264312355064806,0.1254754525564533,0.7282064150804246,False,0.5079312359239935,0.3419881815575388,0.4380049698006531,0.44996326045148816
scarcity_mutable,14101,140,58,5.391583257738338,0.12582859866758608,0.7147371203320886,False,0.5117970749418317,0.33898693533473273,0.44269484894456973,0.4487301725224734
scarcity_mutable,14101,145,58,5.395031533600406,0.12582859866758608,0.7147371203320886,False,0.5117970749418317,0.33898693533473273,0.44269484894456973,0.4487301725224734
scarcity_mutable,14101,150,57,5.48951531489164,0.1261324513927018,0.7198884907883573,False,0.5101136176702199,0.3375572186587769,0.4454318112834914,0.4497112259035554
scarcity_mutable,14101,155,57,5.500041630681114,0.12902293311172,0.7075237138427469,False,0.507992168097531,0.3300763929360212,0.449926956787947,0.4464116385716518
scarcity_mutable,14101,160,57,5.503988999102166,0.12902293311172,0.7075237138427469,False,0.507992168097531,0.3300763929360212,0.449926956787947,0.4464116385716518
scarcity_mutable,14101,165,59,5.317328355064804,0.12842913728965988,0.7126620138158124,False,0.5096083958567841,0.33350399179606866,0.45256287566837794,0.4409994660138527
scarcity_mutable,14101,170,60,5.2075395491470555,0.12776225068343294,0.7131632007436256,False,0.5113019874438091,0.33527620827705457,0.4527493064534806,0.4421822521529977
scarcity_mutable,14101,175,60,5.182539549147054,0.12776225068343294,0.7131632007436256,False,0.5113019874438091,0.33527620827705457,0.4527493064534806,0.4421822521529977
scarcity_mutable,14101,179,60,5.162539549147055,0.12776225068343294,0.7131632007436256,False,0.5113019874438091,0.33527620827705457,0.4527493064534806,0.4421822521529977
scarcity_mutable,14101,180,60,5.0761395491470545,0.12776225068343294,0.7131632007436256,True,0.5113019874438091,0.33527620827705457,0.4527493064534806,0.4421822521529977
scarcity_mutable,14101,185,60,4.6791395491470515,0.12776225068343294,0.7131632007436256,True,0.5113019874438091,0.33527620827705457,0.4527493064534806,0.4421822521529977
scarcity_mutable,14101,190,58,4.395753692725039,0.12745218649799142,0.7024040829444278,True,0.5133608704593908,0.3307093848537188,0.44925567508912134,0.4376440807090305
scarcity_mutable,14101,195,56,4.120299765440808,0.12598400176585361,0.7110704869139488,True,0.5130644148599147,0.33433149665288026,0.44895948770367455,0.4410920612854731
scarcity_mutable,14101,200,53,3.983087601220477,0.1255686739842766,0.7045818563992998,True,0.5127974323844305,0.32711406284486066,0.4521266024222279,0.4371073198634855
scarcity_mutable,14101,205,52,3.701747293114838,0.12382888621266194,0.6958244206353841,True,0.5139923703341882,0.3229288757450639,0.44677594686006616,0.4346203957311189
scarcity_mutable,14101,210,49,3.5150044155504414,0.12410178334235633,0.6907771176569946,True,0.5123145204314618,0.3197529391510711,0.44664602192709546,0.4354445896250605
scarcity_mutable,14101,215,46,3.3263064426515574,0.12184196430471662,0.6960641474905549,True,0.5194149049366903,0.3269051266427643,0.44290591279893143,0.4404911834469688
scarcity_mutable,14101,220,42,3.23863729771247,0.11975941303202559,0.6785917990147293,True,0.511908195893745,0.32513294016182476,0.4430994922949422,0.4351885120593599
scarcity_mutable,14101,225,39,3.10054785907497,0.12146927127863956,0.64623441072118,True,0.5181099625611164,0.320445587013014,0.447862344651347,0.4419985646223137
scarcity_mutable,14101,230,38,2.821914907997996,0.12221432249023706,0.6431540048683339,True,0.5171620306323753,0.31942553967004517,0.4487635922459803,0.43778397677704245
scarcity_mutable,14101,235,35,2.808235312816677,0.12441137652957372,0.6189035758406592,True,0.518933140286775,0.3139500585067865,0.45483686954503527,0.4315690063483239
scarcity_mutable,14101,240,32,2.888502232092738,0.12394999288858002,0.5963166968499779,True,0.5144713360128482,0.30439163713726214,0.45576106403325845,0.43735355191254216
scarcity_mutable,14101,245,32,2.739449563199963,0.12219230345851712,0.5963166968499779,True,0.5109134464063947,0.30560385376350035,0.45632926082215747,0.4369272125103208
scarcity_mutable,14101,250,32,2.5674336615999636,0.1173606971845377,0.5977880176895009,True,0.5207200282613512,0.31589769382382193,0.4508514444702235,0.43918281744343285
scarcity_mutable,14101,255,28,2.6291813275428226,0.12065664672279508,0.5752944255834678,True,0.5180440876203912,0.2991855041733517,0.4480297634428903,0.44228869568756407
scarcity_mutable,14101,260,26,2.5687640019691953,0.1231122938751192,0.5647855224275078,True,0.5133689955198858,0.29427449572815834,0.4472229315665045,0.44528717068034845
scarcity_mutable,14101,265,23,2.7032282874434417,0.12316464987574227,0.5499462590963622,True,0.5204517374570125,0.2877684659942692,0.440361146523049,0.45329763349918745
scarcity_mutable,14101,270,22,2.6604737477817806,0.12404531310660306,0.5551313102762946,True,0.5218661023894108,0.29276495116915513,0.44468107495042536,0.4474573222228951
scarcity_mutable,14101,275,21,2.6511837433904373,0.12501760696009695,0.5575329472552212,True,0.5237635751734394,0.2982750180719156,0.44947698790982654,0.44205614787563413
scarcity_mutable,14101,280,17,2.608698035952902,0.12701715252404186,0.49087133330317384,True,0.5241638341627199,0.2795575977013209,0.4654464376138993,0.4136623485761183
scarcity_mutable,14101,285,15,2.7868711074132952,0.13303660006982115,0.4603336229010737,True,0.524695783162484,0.2701464921630354,0.46378508434022264,0.40772717018008936
scarcity_mutable,14101,290,11,2.78979158807269,0.12506280938937014,0.4205734458096883,True,0.5270632016047947,0.2616430777256494,0.4527654801490636,0.40876255732907674
scarcity_mutable,14101,295,11,2.786791588072689,0.12506280938937014,0.4205734458096883,True,0.5270632016047947,0.2616430777256494,0.4527654801490636,0.40876255732907674
scarcity_mutable,14101,300,10,2.624870746879964,0.11913493013646603,0.3842754318570199,True,0.5060088377912093,0.24426664118489766,0.45821861535762975,0.3912228138067614
scarcity_mutable,14101,305,10,2.5503707468799623,0.11913493013646603,0.3842754318570199,True,0.5060088377912093,0.24426664118489766,0.45821861535762975,0.3912228138067614
scarcity_mutable,14101,310,9,2.888146986666628,0.11107629027589253,0.3921250169298338,True,0.5291735516898396,0.2706372339511271,0.4430511283386356,0.3998227500911673
scarcity_mutable,14101,315,9,2.8215914311110715,0.11107629027589253,0.3921250169298338,True,0.5291735516898396,0.2706372339511271,0.4430511283386356,0.3998227500911673
scarcity_mutable,14101,320,8,2.7713995106559555,0.11213850199922866,0.4051913109828057,True,0.5080460048675628,0.2564949970621452,0.4482882978652829,0.4038756816547222
scarcity_mutable,14101,325,6,2.9179446808746223,0.1052833756048612,0.31091072154135735,True,0.5240420092487214,0.2805373649747175,0.4974098981232424,0.3810178282434776
scarcity_mutable,14101,330,6,2.819611347541288,0.1052833756048612,0.31091072154135735,True,0.5240420092487214,0.2805373649747175,0.4974098981232424,0.3810178282434776
scarcity_mutable,14101,335,6,2.7212780142079525,0.1052833756048612,0.31091072154135735,True,0.5240420092487214,0.2805373649747175,0.4974098981232424,0.3810178282434776
scarcity_mutable,14101,339,5,3.849777905049551,0.09675641972536052,0.3114994257528387,True,0.5679934748801845,0.3177749005094058,0.4901210725504864,0.39044784868242566
scarcity_mutable,14119,0,72,6.958089482729336,0.10496927326366896,0.9999999999999998,False,0.45702597022770064,0.49848294355795897,0.42519602146945473,0.44666923545826737
scarcity_mutable,14119,5,76,7.342795299427793,0.10525401624098323,0.9955816892608756,False,0.45797265220334443,0.4969366992292961,0.4295512829435152,0.448083425983051
scarcity_mutable,14119,10,87,6.98313152593692,0.10788355840475372,0.9883614319811516,False,0.4681422612816055,0.4901903016909305,0.420532076471592,0.4438962395544684
scarcity_mutable,14119,15,90,6.843916030627911,0.10764536306396999,0.987346376966594,False,0.46785957753349966,0.4885139706225487,0.4210721292784156,0.44594294416369124
scarcity_mutable,14119,20,92,6.631276551701217,0.1071530532945914,0.9855183080837088,False,0.4681700629624386,0.4865095011864646,0.42103601423014697,0.44680479686413654
scarcity_mutable,14119,25,94,6.44715364634587,0.10719814317385282,0.9851777818637344,False,0.46839058016085333,0.4853046751949907,0.42190646613511235,0.4460349863846553
scarcity_mutable,14119,30,95,6.341078344805388,0.10691761019485933,0.9850523136603937,False,0.4684382927825876,0.4845124250770648,0.42248452725311636,0.44728523723629215
scarcity_mutable,14119,35,97,6.092087038726925,0.10680474764298208,0.9823623280826098,False,0.46959187341828335,0.48327995543114766,0.4215751417569033,0.449760185830705
scarcity_mutable,14119,40,101,5.863588542143678,0.10672396604143712,0.9800092200750911,False,0.4721239926153063,0.482486507140471,0.4218015618308792,0.44842978843889714
scarcity_mutable,14119,45,102,5.618798458397171,0.10690208326319575,0.9781283843561203,False,0.4726366674743258,0.48127739854523244,0.422592763043768,0.45030479422696074
scarcity_mutable,14119,50,102,5.441347478005015,0.10690208326319575,0.9781283843561203,False,0.4726366674743258,0.48127739854523244,0.422592763043768,0.45030479422696074
scarcity_mutable,14119,55,102,5.244288654475601,0.10690208326319575,0.9781283843561203,False,0.4726366674743258,0.48127739854523244,0.422592763043768,0.45030479422696074
scarcity_mutable,14119,60,88,5.849573213142175,0.10913126687386947,0.9220967118213629,False,0.4859168173676236,0.468806468272555,0.4167715656900167,0.4477731171267793
scarcity_mutable,14119,65,87,5.778399823142455,0.10931235283371195,0.9142637010450051,False,0.4867335173515447,0.46871433052471084,0.41722363298419357,0.4475931269458087
scarcity_mutable,14119,70,89,5.512031287790937,0.11183043503127653,0.9079305413381319,False,0.48918086185926346,0.46431023230179425,0.4154667767704776,0.441533003250159
scarcity_mutable,14119,75,88,5.4293270978794705,0.1093589119350975,0.8986050318739092,False,0.49443100670705936,0.45944125643710465,0.4156810919417673,0.44598185378347777
scarcity_mutable,14119,80,88,5.350349825152197,0.1093589119350975,0.8986050318739092,False,0.49443100670705936,0.45944125643710465,0.4156810919417673,0.44598185378347777
scarcity_mutable,14119,85,85,5.396597466039921,0.10901769789191572,0.8800069158027701,False,0.49449136855308345,0.45647092562993663,0.42132383604081136,0.4455267404893847
scarcity_mutable,14119,90,85,5.318550407216392,0.10915367611256611,0.877632756907149,False,0.4972418718887942,0.45645471134311705,0.42163485065467377,0.447271193305749
scarcity_mutable,14119,95,83,5.340123091727629,0.10997329408887027,0.868181351884942,False,0.4994054649764722,0.4514494288472547,0.4245910651422953,0.4455856281856929
scarcity_mutable,14119,100,82,5.301648983090161,0.10904691293686788,0.8569199842361168,False,0.503738317588398,0.4488016915782881,0.4220107115159211,0.4443280736092067
scarcity_mutable,14119,105,81,5.255466871770286,0.10770747047314042,0.8486882524568984,False,0.503920817019287,0.4461161197929717,0.42057303659306605,0.4424266235570656
scarcity_mutable,14119,110,80,5.229860207667414,0.10820071018036159,0.8435478743834041,False,0.5064668821397195,0.4440349029793901,0.421042799838734,0.44338352456660035
scarcity_mutable,14119,115,77,5.355904111862248,0.10889721731051583,0.8283770000610281,False,0.5074760819854748,0.4387748600226069,0.4237034807401206,0.44840241029578043
scarcity_mutable,14119,120,79,5.194552109030293,0.10958080469382322,0.8250519992883367,False,0.5098668070644631,0.43842299133986695,0.4224582903740997,0.4530665965309577
scarcity_mutable,14119,125,77,5.275506709264846,0.1086876956480728,0.8223680592850932,False,0.5130302584292599,0.43653650671038363,0.41842817485835315,0.4521088283330548
scarcity_mutable,14119,130,74,5.464294819099908,0.10870788353699759,0.8054566851227014,False,0.5188042084058572,0.43210452366019464,0.4225099389983998,0.4518529583771114
scarcity_mutable,14119,135,75,5.326160221511907,0.11085921436118727,0.8007834622872286,False,0.5199771580009233,0.4272355217556758,0.41825863816062303,0.4497671759333315
scarcity_mutable,14119,140,75,5.2796588881785755,0.1134962808788419,0.7880331516464761,False,0.5183830597268407,0.42450497948418087,0.4141750777192959,0.44308568815869326
scarcity_mutable,14119,145,75,5.300274888178573,0.11327749199790989,0.7834048739940992,False,0.5164641729537075,0.42347501656087816,0.4153766862305197,0.4441327286463853
scarcity_mutable,14119,150,73,5.418846802923191,0.11326796056574548,0.7708892129868835,False,0.5193782964900103,0.42266202201673003,0.4166911968531467,0.44683974873420584
scarcity_mutable,14119,155,71,5.533943895963281,0.11195514598285095,0.762414459674622,False,0.5187507530587785,0.41913598792531886,0.40928274025247435,0.44584506288916154
scarcity_mutable,14119,160,72,5.43586945296379,0.11131203290181141,0.7601597502331475,False,0.5187438981387547,0.4203171758205533,0.4107087717163111,0.4475582870985375
scarcity_mutable,14119,165,71,5.506580290329477,0.11001674869540029,0.7472225886786373,False,0.524885259578491,0.4164507150051377,0.4128269414392393,0.4450452274324929
scarcity_mutable,14119,170,68,5.740432361961662,0.11029014806478585,0.7354159913676085,False,0.5298522948344272,0.4128335885894444,0.4130368418905851,0.4439820794819654
scarcity_mutable,14119,175,69,5.658759429179607,0.11017234279385277,0.7339916260555224,False,0.5306407085158792,0.4136402849699438,0.4105327742540414,0.44552888613243447
scarcity_mutable,14119,179,70,5.562848580191327,0.11038592205531136,0.7346354469905447,False,0.5298183341146242,0.41102097333476806,0.4091588800008478,0.44705055995089465
scarcity_mutable,14119,180,70,5.4764485801913265,0.11038592205531136,0.7346354469905447,True,0.5298183341146242,0.41102097333476806,0.4091588800008478,0.44705055995089465
scarcity_mutable,14119,185,69,5.136976820483953,0.11094699092048083,0.7275205740055991,True,0.5312655980289451,0.4113507242053362,0.4091687891271709,0.44662516951340964
scarcity_mutable,14119,190,69,4.800527545121635,0.11010183286835712,0.7173061930505297,True,0.53186036901646,0.408857050338861,0.406887375647291,0.4493587711043606
scarcity_mutable,14119,195,67,4.577415889752132,0.1096291897986114,0.6979944160862355,True,0.5346522199314523,0.4040428248378926,0.40644238711543484,0.45171385617990695
scarcity_mutable,14119,200,66,4.254386181802476,0.11005698566892635,0.6969224930763425,True,0.5345460715422744,0.4025347700244105,0.4080395308876754,0.4523230510073753
scarcity_mutable,14119,205,64,3.951635749983805,0.11136193838001038,0.6900330951744568,True,0.5354875912750868,0.4016609093120948,0.407330785155876,0.4506122973677749
scarcity_mutable,14119,210,59,3.855077315236671,0.10776696498902458,0.6966323627061195,True,0.5379509430132178,0.40669976983023876,0.41167664602260506,0.4618636172073901
scarcity_mutable,14119,215,53,3.871119553187993,0.11040251203059226,0.6973999840009311,True,0.5416767855836335,0.4042612060202389,0.40605901651125725,0.4550822183911174
scarcity_mutable,14119,220,51,3.6391007121365426,0.10946825804209127,0.6857041591927597,True,0.5453634389809716,0.4045623105357368,0.4005270753445017,0.46340782399298874
scarcity_mutable,14119,225,50,3.370053126379272,0.10989182821483606,0.682883574773305,True,0.5455692595389627,0.40382986234164364,0.3975000461142195,0.46526416312269675
scarcity_mutable,14119,230,49,3.062482782019666,0.11065941428184904,0.6734279420712749,True,0.5461648132259537,0.4052133589605845,0.3981443055633482,0.4671855059052478
scarcity_mutable,14119,235,47,2.8678364323183754,0.10966470010608853,0.6631163610328039,True,0.5511800285102219,0.40675203143057403,0.39426014500274575,0.47223616190845724
scarcity_mutable,14119,240,42,2.9574856228452857,0.10728192723486057,0.6602428551997067,True,0.5515124611625419,0.40340798647274057,0.39513558788313685,0.4759466609053328
scarcity_mutable,14119,245,40,2.858292975667551,0.10807972479940617,0.6539511432570186,True,0.5570004426292222,0.4027785365017138,0.3916487881748909,0.47633253951534166
scarcity_mutable,14119,250,35,2.933720859048633,0.1014605669443273,0.6466881228794803,True,0.5513514696009864,0.39692331900715905,0.4001449383812579,0.4860349271123125
scarcity_mutable,14119,255,34,2.7697534866677103,0.10093790298100422,0.6499485339703973,True,0.5481530058900871,0.3940969657466391,0.4044428790677419,0.4827862329080505
scarcity_mutable,14119,260,31,2.758834042632226,0.10247537680331473,0.6258547483942747,True,0.554554818177794,0.3912821515383234,0.404805382560297,0.4858323545311597
scarcity_mutable,14119,265,30,2.5900763613866333,0.10277067855243355,0.6271675499154077,True,0.5535648841552331,0.38870836862813746,0.41029035614667114,0.4836697084033872
scarcity_mutable,14119,270,27,2.6226909861925582,0.10470216304325963,0.6123937490564085,True,0.5527928067130681,0.39276268396195607,0.41543489347595147,0.48425297900632375
scarcity_mutable,14119,275,25,2.612801125887965,0.09902520639790205,0.5947033505031203,True,0.5535345244451849,0.391411056082403,0.42905474229678964,0.49736885557386246
scarcity_mutable,14119,280,23,2.5263142672695302,0.09911464522678656,0.5896583338297232,True,0.5629995418282671,0.3917061430984267,0.4316038908475344,0.5000204646508277
scarcity_mutable,14119,285,19,2.5795488498525985,0.0967092742355839,0.5318335974335056,True,0.5623222114222703,0.3792000040893419,0.43552870113824677,0.49823827209376464
scarcity_mutable,14119,290,17,2.666848714541144,0.0989640879299246,0.4873959552154426,True,0.5678266310379242,0.3707214978972463,0.4286911070675724,0.5003378854460666
scarcity_mutable,14119,295,15,2.901142682043702,0.10334523635799343,0.5035540294059063,True,0.5658559502919946,0.36003914769230394,0.4263300974265093,0.4742025540949427
scarcity_mutable,14119,300,14,2.9444385879039703,0.10512396729479068,0.4781601177040386,True,0.5672681118687435,0.3605396617875419,0.4378037108045965,0.476486922744602
scarcity_mutable,14119,305,13,3.0793160093538146,0.10881419993441949,0.4906035053346165,True,0.5677252583241198,0.3605529202255911,0.43616438584631795,0.47210394611546036
scarcity_mutable,14119,310,11,3.181898556509061,0.10401656885185107,0.431696131505912,True,0.56942657094534,0.33479708402684766,0.463528657478151,0.46730795625874627
scarcity_mutable,14119,315,10,3.10964281215997,0.10106545160162787,0.39651038612286593,True,0.5802283048872148,0.3486791708542936,0.4584398166537461,0.476155334144811
scarcity_mutable,14119,320,8,2.9269199999999707,0.10388056945033171,0.3493784870522176,True,0.5703656118833567,0.3406842665592616,0.44628137862101097,0.44599439415955294
scarcity_mutable,14119,325,8,2.9775449999999695,0.10388056945033171,0.3493784870522176,True,0.5703656118833567,0.3406842665592616,0.44628137862101097,0.44599439415955294
scarcity_mutable,14119,330,8,2.8494199999999683,0.10388056945033171,0.3493784870522176,True,0.5703656118833567,0.3406842665592616,0.44628137862101097,0.44599439415955294
scarcity_mutable,14119,335,8,2.7212949999999667,0.10388056945033171,0.3493784870522176,True,0.5703656118833567,0.3406842665592616,0.44628137862101097,0.44599439415955294
scarcity_mutable,14119,339,8,2.845544999999966,0.10388056945033171,0.3493784870522176,True,0.5703656118833567,0.3406842665592616,0.44628137862101097,0.44599439415955294
scarcity_mutable,14137,0,72,6.973627477536157,0.10142822611318889,0.9999999999999998,False,0.4592815447631256,0.47575420395544327,0.4341119826798667,0.4308224667497793
scarcity_mutable,14137,5,75,6.965615711768044,0.1021210515814325,0.9965791624790418,False,0.46219969076650813,0.47294193267374823,0.436627686375251,0.43071790487372863
scarcity_mutable,14137,10,85,6.96555673725935,0.1036083424526116,0.989235457768083,False,0.46404846980081416,0.46572749968501614,0.43952564890384266,0.4298614654539024
scarcity_mutable,14137,15,93,6.646574941434613,0.10347525660574602,0.9827015233925297,False,0.4677501571452741,0.4631388104128826,0.44100360329117544,0.43285568068155655
scarcity_mutable,14137,20,98,6.246927061790925,0.10333203087291881,0.977787849894364,False,0.473258246062294,0.4633274656425164,0.4400328487737312,0.4322401535947115
scarcity_mutable,14137,25,102,5.937782006960849,0.10368677221431205,0.9757293737157585,False,0.4747008842816913,0.4605447596843683,0.43940566739522147,0.42646957716313677
scarcity_mutable,14137,30,104,5.719899643368238,0.10466080034539976,0.9729522418576798,False,0.47552899167486906,0.45970679680006027,0.4363716137449457,0.42357858453658886
scarcity_mutable,14137,35,107,5.383346123628279,0.10430579366920058,0.9713956025195961,False,0.4783416778069202,0.46106871013300166,0.43721549866509873,0.4230137753672149
scarcity_mutable,14137,40,110,5.105395951778934,0.10429675899353054,0.9675458053218754,False,0.479178239493273,0.46090875205890564,0.4372800236464987,0.41876528460552676
scarcity_mutable,14137,45,113,4.870082494299505,0.10513870067782169,0.9628437697561497,False,0.47897483949048875,0.4590667550233473,0.4375485129083438,0.41516154856940946
scarcity_mutable,14137,50,114,4.608672487105737,0.1046415739674147,0.9603254695673478,False,0.4787715119871494,0.45791144925053795,0.4377851273586833,0.4151991388345733
scarcity_mutable,14137,55,115,4.381294661430877,0.10504252912847269,0.9568048928397789,False,0.479875255892985,0.4595784399336081,0.4397824091975516,0.4149843408493739
scarcity_mutable,14137,60,95,5.035209018906382,0.10295842042354819,0.8772399489956553,False,0.49293235591470214,0.43917885362603004,0.44377514823605874,0.42159435924182725
scarcity_mutable,14137,65,94,4.914754593410434,0.10294229709819296,0.8727700404601558,False,0.49483492063357937,0.43974015759882046,0.44421046131611736,0.4206978663812336
scarcity_mutable,14137,70,89,5.018402209959995,0.10304894466418016,0.8470716953197419,False,0.49898770715646146,0.4362036026389953,0.446987710978353,0.41906721926308543
scarcity_mutable,14137,75,90,4.7924672369622074,0.10298746919075642,0.8349883950996246,False,0.5049317467143587,0.43852562991659705,0.44836824915116763,0.42091135044014905
scarcity_mutable,14137,80,87,4.7571978632878,0.103895247783722,0.827209873722402,False,0.5063614638669661,0.4372229816625709,0.4487213098968946,0.4173386248348646
scarcity_mutable,14137,85,88,4.580303252676152,0.10223532585604352,0.8217558614556076,False,0.5106222228562125,0.4385748349557344,0.44764302904316433,0.4149238468050788
scarcity_mutable,14137,90,84,4.628230960073402,0.0999846478829077,0.7945979807722823,False,0.5208427346548931,0.4379409654095565,0.4478140442749092,0.4132360070563011
scarcity_mutable,14137,95,80,4.754736467895577,0.10041726668368277,0.7721103672001783,False,0.522986481116631,0.43230840998448644,0.44893887435462154,0.4084727940972819
scarcity_mutable,14137,100,79,4.787722154145631,0.09852421493266479,0.7741789859347528,False,0.5284568777157107,0.4331401596010134,0.4498383102174781,0.41300407696826763
scarcity_mutable,14137,105,80,4.758960724080626,0.09826991263036194,0.772312690303957,False,0.528762202878125,0.43431630681768424,0.44950116895556536,0.411482937024639
scarcity_mutable,14137,110,79,4.816276273179368,0.09708060657514944,0.7561315977747127,False,0.5348358441057226,0.43139938212825846,0.4484476187010761,0.41080176029142373
scarcity_mutable,14137,115,79,4.72045189928838,0.09375787173534446,0.7398046323531273,False,0.5421528404238241,0.42916201274086513,0.44686064679302917,0.4134334478592591
scarcity_mutable,14137,120,77,4.749239605306751,0.09133846348129575,0.7264869153181575,False,0.5451098207106232,0.4298739705950788,0.4506793451187086,0.40910776088041945
scarcity_mutable,14137,125,75,4.77213231993244,0.09229293531660589,0.7020797837605468,False,0.5526809256150135,0.4326110596271037,0.44871894189923617,0.414546603557871
scarcity_mutable,14137,130,75,4.68352778801498,0.09229293531660589,0.7020797837605468,False,0.5526809256150135,0.4326110596271037,0.44871894189923617,0.414546603557871
scarcity_mutable,14137,135,75,4.588670066855728,0.09229293531660589,0.7020797837605468,False,0.5526809256150135,0.4326110596271037,0.44871894189923617,0.414546603557871
scarcity_mutable,14137,140,75,4.449247827029948,0.09186650270735687,0.6966138609983533,False,0.5522379039661461,0.43157875126374895,0.44921309037402807,0.41386880500059925
scarcity_mutable,14137,145,71,4.603113463608605,0.09252667705899188,0.6744082478286819,False,0.550784724180207,0.42685233716328874,0.4457341155100591,0.4139028240928234
scarcity_mutable,14137,150,71,4.506812684853533,0.09252667705899188,0.6744082478286819,False,0.550784724180207,0.42685233716328874,0.4457341155100591,0.4139028240928234
scarcity_mutable,14137,155,69,4.54932588192745,0.0913349537878613,0.6724779837243218,False,0.550682900365289,0.426602302658166,0.44536217374118975,0.4121248912161087
scarcity_mutable,14137,160,67,4.651601129172976,0.09153619082069392,0.6627847267197043,False,0.5508917367382924,0.4262352532014858,0.44709939282673233,0.4124612229913272
scarcity_mutable,14137,165,64,4.831341021817297,0.09245904030884614,0.6618737793294394,False,0.5526402753385744,0.4252421655579698,0.44881424432632794,0.41598851845026197
scarcity_mutable,14137,170,63,4.8778892899086665,0.0919038536509188,0.6584067483242481,False,0.5527990213280851,0.42558496644032334,0.4490381136971675,0.41205097412425684
scarcity_mutable,14137,175,63,4.840929118765131,0.09232656633015585,0.6625477790166165,False,0.5499655614915309,0.4227668777650235,0.45105292214298903,0.4147366338521382
scarcity_mutable,14137,179,63,4.8013861691954896,0.09232656633015585,0.6625477790166165,False,0.5499655614915309,0.4227668777650235,0.45105292214298903,0.4147366338521382
scarcity_mutable,14137,180,63,4.715894105703425,0.09232656633015585,0.6625477790166165,True,0.5499655614915309,0.4227668777650235,0.45105292214298903,0.4147366338521382
scarcity_mutable,14137,185,60,4.5649052050410495,0.093284374683494,0.6597469990172544,True,0.5494958373041006,0.4209078877895737,0.4500625127611022,0.4162204846084378
scarcity_mutable,14137,190,58,4.342477238761713,0.09378572534390126,0.6593422798665254,True,0.550151207270206,0.4206503892605168,0.4492720015402748,0.41882485827102184
scarcity_mutable,14137,195,52,4.44288396150622,0.09472408786924091,0.654469348431729,True,0.5518881081862748,0.4216334550406992,0.4542610203920606,0.4298616047512712
scarcity_mutable,14137,200,51,4.109754714389768,0.0952731231707517,0.6549586491663139,True,0.5512683807017399,0.4217499698922391,0.45349429358748705,0.4319544189293839
scarcity_mutable,14137,205,48,3.969533909850339,0.0948015498647934,0.6352148831240438,True,0.5526319210634398,0.4143059899635773,0.44920996877532815,0.42894645145623933
scarcity_mutable,14137,210,47,3.6191346268391023,0.09523250195520941,0.6314447217162205,True,0.5518948563516554,0.41241874399155315,0.4515134973075697,0.4286907421917753
scarcity_mutable,14137,215,43,3.553701376213393,0.09303534053310147,0.603561763316145,True,0.5594410026988115,0.41374351133071635,0.4567777983191077,0.423006423916249
scarcity_mutable,14137,220,37,3.7734439955337384,0.09571246185982771,0.5791846192198526,True,0.5650124560950729,0.417443294378072,0.4571033927822412,0.42582211245170054
scarcity_mutable,14137,225,35,3.7590028151105472,0.09391421711720822,0.5839338570259338,True,0.5588094818322448,0.41433873861792136,0.46064884968291125,0.4276982525612953
scarcity_mutable,14137,230,32,3.7811311378140755,0.09483725187336628,0.5734930937185421,True,0.5593068787576704,0.4065524744573433,0.46121814948350853,0.4228396164652449
scarcity_mutable,14137,235,31,3.566946431708698,0.09502500024351175,0.5800817891102927,True,0.5572023929000126,0.40240576738921097,0.45773521410544005,0.4233010785713426
scarcity_mutable,14137,240,29,3.458209458985179,0.09550153240576331,0.5709139586401352,True,0.5541833704942851,0.39766898487179225,0.4582911579643402,0.42844909320240937
scarcity_mutable,14137,245,28,3.27270937256255,0.0968022628829981,0.5709247990599514,True,0.5554229322776327,0.39850023856684597,0.4604808788132725,0.4301818932446026
scarcity_mutable,14137,250,28,3.004137943991121,0.0968022628829981,0.5709247990599514,True,0.5554229322776327,0.39850023856684597,0.4604808788132725,0.4301818932446026
scarcity_mutable,14137,255,24,3.2826284413229794,0.0989592593690032,0.5650701590183247,True,0.5614964118544721,0.3975567057504761,0.45978766288034767,0.43024036168324686
scarcity_mutable,14137,260,23,3.2575444321222577,0.0981765426803899,0.5667906575291133,True,0.5661163481525878,0.4054648802063035,0.45780552782646217,0.4264653606845853
scarcity_mutable,14137,265,22,3.198416422085107,0.09850745211538722,0.5488342470508056,True,0.5680607763137245,0.40811908084898313,0.453388256903742,0.4208109083454195
scarcity_mutable,14137,270,21,3.2023622110224927,0.09867835905473066,0.5575329472552213,True,0.5648742124226138,0.4008590568390111,0.4487835065502577,0.4220161180158272
scarcity_mutable,14137,275,20,3.1892495859199586,0.0994712452930687,0.5384065599032097,True,0.5626007309024208,0.39724948523178066,0.450568684932717,0.42814136367677535
scarcity_mutable,14137,280,18,3.0226550954666247,0.09765410903241796,0.4957619241102862,True,0.5672319034086818,0.40741194917229984,0.46445184984014315,0.4168917338070892
scarcity_mutable,14137,285,14,3.1997945398856706,0.09633698195316812,0.4462670754579882,True,0.5574729588668722,0.4000958151968671,0.47425499952480826,0.40480645804283233
scarcity_mutable,14137,290,10,3.829984465919953,0.0990428629358557,0.44116064526733645,True,0.5673052829671661,0.40694449362434854,0.47843210645140594,0.40775040448253497
scarcity_mutable,14137,295,10,3.7554844659199516,0.0990428629358557,0.44116064526733645,True,0.5673052829671661,0.40694449362434854,0.47843210645140594,0.40775040448253497
scarcity_mutable,14137,300,10,3.72388446591995,0.0990428629358557,0.44116064526733645,True,0.5673052829671661,0.40694449362434854,0.47843210645140594,0.40775040448253497
scarcity_mutable,14137,305,9,3.5332642375110606,0.10260105736984886,0.40571941055855165,True,0.5742933049940502,0.4052363646796675,0.48148054210893254,0.41658974836468193
scarcity_mutable,14137,310,8,3.7086652671999465,0.09698008126122115,0.4051913109828057,True,0.5915867473079723,0.43081392782404937,0.47466897439545297,0.4035721246089783
scarcity_mutable,14137,315,7,3.8285001453713745,0.09040620001221938,0.3623911717089513,True,0.5830395319794762,0.4294196026017169,0.5030506067861342,0.4136035781996051
scarcity_mutable,14137,320,7,3.8459287167999436,0.09040620001221938,0.3623911717089513,True,0.5830395319794762,0.4294196026017169,0.5030506067861342,0.4136035781996051
scarcity_mutable,14137,325,6,3.606311089066606,0.09579467511277667,0.364936229672398,True,0.5790979819522631,0.436053108049689,0.5088491064517551,0.4238413079819443
scarcity_mutable,14137,330,6,3.6271444223999367,0.09579467511277667,0.364936229672398,True,0.5790979819522631,0.436053108049689,0.5088491064517551,0.4238413079819443
scarcity_mutable,14137,335,6,3.5049777557332695,0.09579467511277667,0.364936229672398,True,0.5790979819522631,0.436053108049689,0.5088491064517551,0.4238413079819443
scarcity_mutable,14137,339,6,3.6646444223999346,0.09579467511277667,0.364936229672398,True,0.5790979819522631,0.436053108049689,0.5088491064517551,0.4238413079819443
scarcity_mutable,14153,0,72,7.0321222372333425,0.10150183473613084,0.9999999999999998,False,0.4724715695673924,0.4802038487282836,0.41141437762858074,0.4408483206591092
scarcity_mutable,14153,5,83,7.292106031739611,0.10018919149337302,0.9902841912915913,False,0.47262993017677707,0.4759362694801534,0.4112183239166124,0.43197762026452624
scarcity_mutable,14153,10,90,7.2296088959376394,0.10072351669856804,0.987346376966594,False,0.47591141964101374,0.47175651909503097,0.40924661697412174,0.4308839478094979
scarcity_mutable,14153,15,99,6.73238314878968,0.10083993925175341,0.9803117218507792,False,0.47964887726160155,0.46802100349339143,0.4057667705096213,0.4253451000693164
scarcity_mutable,14153,20,100,6.500859317301782,0.100414426866001,0.9783437097439616,False,0.480257299986297,0.4678293064797239,0.40575370709534586,0.42485635890589335
scarcity_mutable,14153,25,100,6.331859317301781,0.100414426866001,0.9783437097439616,False,0.480257299986297,0.4678293064797239,0.40575370709534586,0.42485635890589335
scarcity_mutable,14153,30,101,6.0891676408928515,0.10040116725625278,0.9772244926533376,False,0.4811311750977272,0.4661609911864389,0.40525330822578576,0.42495278046153584
scarcity_mutable,14153,35,102,5.8341758012762535,0.10018776521345485,0.9773494239299505,False,0.4817832429773126,0.46650713321507536,0.40566376351148753,0.42368383199196413
scarcity_mutable,14153,40,106,5.444439610879941,0.10068328391112502,0.9768855260814499,False,0.48619893939871944,0.4645341512952823,0.409325583828565,0.4255563628757597
scarcity_mutable,14153,45,106,5.27227614064089,0.10068328391112502,0.9768855260814499,False,0.48619893939871944,0.4645341512952823,0.409325583828565,0.4255563628757597
scarcity_mutable,14153,50,107,5.009965148672283,0.10071739357208473,0.9759694171984172,False,0.4870452875778024,0.4658899740303146,0.4096746563203752,0.42446618062664254
scarcity_mutable,14153,55,107,4.794778232784431,0.10071739357208473,0.9759694171984172,False,0.4870452875778024,0.4658899740303146,0.4096746563203752,0.42446618062664254
scarcity_mutable,14153,60,105,4.677250199123182,0.099931233582903,0.965082876785715,False,0.49342376428210377,0.46257114914598674,0.41433698743015074,0.42246724202864805
scarcity_mutable,14153,65,104,4.507512220268596,0.09977478852505625,0.950978615032622,False,0.4959162522405257,0.45800382648471594,0.41237947918111345,0.4194234340891674
scarcity_mutable,14153,70,98,4.572055580693204,0.097920761463263,0.9333743292292422,False,0.5012788347663167,0.4523497726378987,0.41451635348888427,0.4209009056322579
scarcity_mutable,14153,75,95,4.5547628516624625,0.09745559532894188,0.918482281567907,False,0.506594941307239,0.4487467322042964,0.41192122329340125,0.42146194289046945
scarcity_mutable,14153,80,93,4.526263128042302,0.09862757432204969,0.9047045705327894,False,0.5083216331544762,0.445914689848217,0.4135010630199703,0.4189531801931531
scarcity_mutable,14153,85,89,4.61547720121274,0.09696467628797603,0.8874522407756711,False,0.5094492453795176,0.44188343857191914,0.4156120074446887,0.41334308724884
scarcity_mutable,14153,90,86,4.651656638464348,0.09723418208330116,0.8775486769738096,False,0.5109251250121072,0.44146612759843995,0.4198690428555991,0.4141272363711481
scarcity_mutable,14153,95,85,4.623459657740398,0.09722824067269317,0.8714450327316899,False,0.5133946145645878,0.4412287755629026,0.4198747961046697,0.4135111597182876
scarcity_mutable,14153,100,84,4.694347642901484,0.0984452403582952,0.8652288132614268,False,0.5166796299091834,0.4408498591894417,0.4216512770214059,0.41646273727924776
scarcity_mutable,14153,105,86,4.676118627950285,0.09795032714113755,0.8603621285401483,False,0.518218507094344,0.4407485043293663,0.42145996431830757,0.4185386242579232
scarcity_mutable,14153,110,81,4.911996089445541,0.09628057022012451,0.8366825839833337,False,0.52725111808885,0.4341765505651554,0.42341756996589774,0.4167572805046116
scarcity_mutable,14153,115,79,4.976899787912516,0.09625273973251446,0.8260047496148395,False,0.5294604203358847,0.4322220110879158,0.4241685146737215,0.4158544103538272
scarcity_mutable,14153,120,77,5.090250018078133,0.09515804184672326,0.8146277138705376,False,0.5327124108916916,0.42983553923701917,0.42371648550792906,0.4132786155594978
scarcity_mutable,14153,125,76,5.161149837971989,0.09509831895608974,0.805492737209444,False,0.5376084580802964,0.4298377509593581,0.42654776013001583,0.41180090299759636
scarcity_mutable,14153,130,76,5.169155451519392,0.09509831895608974,0.805492737209444,False,0.5376084580802964,0.4298377509593581,0.42654776013001583,0.41180090299759636
scarcity_mutable,14153,135,77,5.078517069032126,0.09488626123253838,0.8044089932402354,False,0.5376156770092841,0.4300831124852004,0.4264424912686243,0.41394549356667276
scarcity_mutable,14153,140,78,4.998600183531714,0.09469606454800875,0.8010992051246328,False,0.5388830313822869,0.42974644971462994,0.424946052516397,0.4138302530304991
scarcity_mutable,14153,145,76,5.1176361883614945,0.09472347952363874,0.7951737076124822,False,0.5393929090798881,0.42634822825702967,0.42427976367144954,0.4164508292443882
scarcity_mutable,14153,150,77,5.080292251751685,0.0953473146923708,0.7852473318619142,False,0.5443593180489827,0.42597407655384284,0.42679235366273777,0.4139270873612446
scarcity_mutable,14153,155,77,5.116076253659834,0.09513764855799402,0.7812477578296552,False,0.5456915222054504,0.42346495975712517,0.42909289450683913,0.41337652157381677
scarcity_mutable,14153,160,77,5.09703168413941,0.09513764855799402,0.7812477578296552,False,0.5456915222054504,0.42346495975712517,0.42909289450683913,0.41337652157381677
scarcity_mutable,14153,165,75,5.230876856132803,0.09562125481901693,0.7720142567757543,False,0.5482799871169232,0.4203575118355452,0.4281063139192767,0.4060084549444874
scarcity_mutable,14153,170,76,5.164752229608595,0.09542380670372602,0.768577582222572,False,0.5495475919693501,0.4202606637747978,0.4268176562311537,0.40486795572713175
scarcity_mutable,14153,175,76,5.179010966450702,0.09512191833924058,0.7608797140330265,False,0.5492656395531522,0.4167986989626829,0.4263046226573844,0.4063798865257136
scarcity_mutable,14153,179,75,5.224741390709436,0.09491720933740457,0.7544257869310047,False,0.5515619545048278,0.4165617064265176,0.4245912999912827,0.4065169479739476
scarcity_mutable,14153,180,75,5.138341390709436,0.09491720933740457,0.7544257869310047,True,0.5515619545048278,0.4165617064265176,0.4245912999912827,0.4065169479739476
scarcity_mutable,14153,185,74,4.787608166259562,0.09513670867038071,0.7522200082110283,True,0.5511272999258113,0.41504274709110467,0.4240145190826227,0.4075855747299511
scarcity_mutable,14153,190,70,4.618044518617252,0.09098573172752064,0.7452568923821636,True,0.5531993185961832,0.40960150690294034,0.431326887657716,0.41001149706304846
scarcity_mutable,14153,195,68,4.332818265044456,0.0909790643203936,0.73891477310992,True,0.5532397338695368,0.407112953617098,0.4291039197741828,0.4074211153852378
scarcity_mutable,14153,200,66,4.048146091257926,0.09024455178367186,0.7293390861077779,True,0.5578821434940688,0.4041114712165171,0.4308064598554042,0.40577295752989384
scarcity_mutable,14153,205,65,3.7180623898126837,0.09039708626477191,0.721918134243054,True,0.557905129747051,0.4038428392392313,0.4289554620927344,0.4040467252821311
scarcity_mutable,14153,210,62,3.5620294943971915,0.08969689467194597,0.7122822094382413,True,0.5614629001031827,0.40196928332732335,0.433733277003221,0.3995337471221668
scarcity_mutable,14153,215,60,3.3263696953672013,0.0902080408895097,0.7015925066126832,True,0.5642216290176092,0.40410616992909765,0.43127812476417204,0.39907929802450304
scarcity_mutable,14153,220,56,3.1619657628685585,0.09034206188459876,0.6969529254089835,True,0.5681725507948651,0.4042801017164613,0.4275526700685944,0.4016708216377606
scarcity_mutable,14153,225,51,3.0906295919936215,0.09112500453519087,0.672284164096252,True,0.5696801480319932,0.40261734501429525,0.4323824759818569,0.3956277220910655
scarcity_mutable,14153,230,50,2.785644518191067,0.09122245508433428,0.6691951797748672,True,0.570310464680386,0.4016950801455968,0.4326612843454366,0.3920015889965572
scarcity_mutable,14153,235,48,2.535988373115696,0.09151779520676993,0.6625881748859035,True,0.5675198982711941,0.40142334810433083,0.4295399985993675,0.3924962033325395
scarcity_mutable,14153,240,45,2.3504672495456322,0.092595342843914,0.6560125513233468,True,0.5705499118714046,0.4034673309258652,0.43269294853624346,0.3878095972326572
scarcity_mutable,14153,245,41,2.235835654354219,0.09473209591928883,0.6505437350004188,True,0.5741824108025215,0.4034227036091505,0.4344536949294749,0.388590850712093
scarcity_mutable,14153,250,37,2.16486219714885,0.09524062472446816,0.6275683233672693,True,0.5804841766582175,0.4030073877498113,0.436605136379557,0.3781101040589478
scarcity_mutable,14153,255,36,1.96915383595854,0.09581014216815967,0.6275433929105864,True,0.5811038847916129,0.4058073285200155,0.438446318734356,0.37715433371063867
scarcity_mutable,14153,260,33,2.009118807631445,0.09576851029608845,0.6058007454843889,True,0.5868786664287631,0.40671320279556705,0.43397696975498695,0.373207259769854
scarcity_mutable,14153,265,31,1.9671708942336765,0.09727210489419247,0.6107942604129005,True,0.5852532196713368,0.4052702296566379,0.4314404128616543,0.37671216891366444
scarcity_mutable,14153,270,28,2.0716443752918403,0.09324405960341432,0.603973973327594,True,0.5892806313475567,0.39239219002576897,0.4308281349273368,0.38190534535699505
scarcity_mutable,14153,275,24,2.250016771173822,0.09159028577724285,0.5657445693642534,True,0.5952283767361671,0.38146513746294236,0.4314763067355496,0.3709026525483969
scarcity_mutable,14153,280,22,2.317871712698484,0.09428005459983864,0.5643041969184666,True,0.5922762418588389,0.3817112342371192,0.43591066077001456,0.3776673499557095
scarcity_mutable,14153,285,19,2.4938285184246074,0.09514941361710488,0.5326854841862579,True,0.6030059127612493,0.380390753777971,0.4398257272062896,0.37744378397417877
scarcity_mutable,14153,290,16,2.5107213656292307,0.09688955127850149,0.5191018578614937,True,0.5969725074445218,0.3702141105206005,0.4330947623641812,0.390092869272306
scarcity_mutable,14153,295,15,2.5484361233378485,0.09577801325623317,0.4953973932286756,True,0.6051226550810908,0.36396660920191953,0.43882305364811336,0.39807670517380134
scarcity_mutable,14153,300,15,2.4787027900045135,0.09577801325623317,0.4953973932286756,True,0.6051226550810908,0.36396660920191953,0.43882305364811336,0.39807670517380134
scarcity_mutable,14153,305,13,2.6809155269282905,0.09088477089628194,0.4656686554279823,True,0.6306223752290988,0.3678748377310306,0.4485425895316087,0.38592425401600694
scarcity_mutable,14153,310,12,2.6573584875056517,0.08337564985308497,0.43577869664742086,True,0.6429301706942803,0.37314967999118104,0.45650115959576293,0.3643900693418957
scarcity_mutable,14153,315,10,2.256538186286794,0.08214154941314546,0.396510386122866,True,0.6502962038460103,0.37674822777123695,0.4780382159294203,0.38650841606346104
scarcity_mutable,14153,320,9,2.433351936638031,0.08363581813131118,0.4057194105585516,True,0.6471854720059943,0.3802432557242491,0.4700208219649413,0.39937361076383693
scarcity_mutable,14153,325,9,2.4144630477491416,0.08363581813131118,0.4057194105585516,True,0.6471854720059943,0.3802432557242491,0.4700208219649413,0.39937361076383693
scarcity_mutable,14153,330,9,2.395574158860252,0.08363581813131118,0.4057194105585516,True,0.6471854720059943,0.3802432557242491,0.4700208219649413,0.39937361076383693
scarcity_mutable,14153,335,9,2.3766852699713623,0.08363581813131118,0.4057194105585516,True,0.6471854720059943,0.3802432557242491,0.4700208219649413,0.39937361076383693
scarcity_mutable,14153,339,9,2.36157415886025,0.08363581813131118,0.4057194105585516,True,0.6471854720059943,0.3802432557242491,0.4700208219649413,0.39937361076383693
scarcity_mutable,14173,0,72,6.980386614725606,0.09971507075084893,0.9999999999999998,False,0.4637104754680456,0.47885240656363465,0.4323991354272159,0.4177157794618539
scarcity_mutable,14173,5,78,6.92930878855497,0.10261527343149918,0.993781296139378,False,0.47192239643647993,0.478160410889003,0.4334989637362972,0.41628512691050845
scarcity_mutable,14173,10,90,6.786231847793966,0.10389110027152915,0.9859869376037222,False,0.47149736570741396,0.46481874906536885,0.43102548803488216,0.4122031269173024
scarcity_mutable,14173,15,97,6.343975743253878,0.10429775255421951,0.9811009925912852,False,0.4758921010121664,0.45856438376613706,0.42750463397973504,0.4138906301318234
scarcity_mutable,14173,20,99,6.195159111646498,0.10380355112059872,0.9790758678845322,False,0.47792312708923707,0.4574263692476417,0.42836311479004996,0.41349026582128895
scarcity_mutable,14173,25,100,6.0110067875446624,0.10390110493961119,0.9765294000424627,False,0.4794053124441771,0.45624036251154954,0.42725060927046377,0.4128268778387952
scarcity_mutable,14173,30,102,5.666084367214996,0.10505234428210773,0.9728132627559604,False,0.48143170346020997,0.4564820622299483,0.42690991542815127,0.4130097492848578
scarcity_mutable,14173,35,103,5.354994358495295,0.10542641937894297,0.9710428081176864,False,0.4832491409364376,0.4554885094861084,0.425496878579628,0.414033542929804
scarcity_mutable,14173,40,104,5.025184380722228,0.10586786275902856,0.9712686478649782,False,0.4817757890037347,0.45422235167806463,0.423775726359948,0.4151086292323738
scarcity_mutable,14173,45,106,4.667764047775449,0.10554975324996574,0.9694624931707588,False,0.48225049500191863,0.4544327632165641,0.4253327468588156,0.41365534344187976
scarcity_mutable,14173,50,106,4.409036256197204,0.10554975324996574,0.9694624931707588,False,0.48225049500191863,0.4544327632165641,0.4253327468588156,0.41365534344187976
scarcity_mutable,14173,55,105,4.222766237784114,0.10520705720203548,0.9691811314823094,False,0.4838651835530192,0.4529213042844008,0.4253618142245832,0.41495940922759683
scarcity_mutable,14173,60,91,4.623465645684377,0.10191905399499927,0.9104599996783925,False,0.4953828894582988,0.4270045885820134,0.41801398645772586,0.41688710194537426
scarcity_mutable,14173,65,85,4.772685960803468,0.10207269570786781,0.8843251349554219,False,0.49767606901833444,0.41983075221624244,0.4179978979139713,0.4155137344237069
scarcity_mutable,14173,70,83,4.70193571384893,0.10190977544232092,0.8669473550342032,False,0.5004795487694667,0.41617277228495353,0.4205987378318307,0.4078097110751347
scarcity_mutable,14173,75,82,4.600242616860162,0.10005881708785061,0.8556709386432956,False,0.5053552576366724,0.4145303190885181,0.42146308002984156,0.40994555938688937
scarcity_mutable,14173,80,81,4.50759349183268,0.0990190340526597,0.8451322105255793,False,0.5048620545758199,0.4132381128052248,0.41846438422418475,0.40629649619741826
scarcity_mutable,14173,85,78,4.485156836274327,0.09925167938383506,0.8417592108407314,False,0.5041752280597958,0.41036536864717293,0.4144260140546929,0.4046172856127907
scarcity_mutable,14173,90,73,4.649028673198867,0.09897318126142642,0.8230288833196233,False,0.5119358853992613,0.4106283159966673,0.4116530035284054,0.4051934133278643
scarcity_mutable,14173,95,72,4.596414476321227,0.09861395186256898,0.8246058570343696,False,0.5120459460477611,0.4109257077336568,0.41517666666379643,0.40581836475819966
scarcity_mutable,14173,100,70,4.622641877600721,0.09997189906394204,0.8176382420548148,False,0.5119205050817945,0.40901181321150754,0.4106336779040691,0.40875379453498434
scarcity_mutable,14173,105,69,4.598762933417676,0.09988110610463771,0.8079453670618266,False,0.5140687676004445,0.40572434104091776,0.41389007498523955,0.4086062265296649
scarcity_mutable,14173,110,69,4.527521272172832,0.09872250941230856,0.7995041678844161,False,0.5113516136642291,0.40256154619462636,0.41352970889915647,0.40664030107117277
scarcity_mutable,14173,115,66,4.620332907338108,0.09919345371609423,0.7893132554855087,False,0.5154891518892135,0.39922789281791826,0.41058010512130644,0.4070270772816079
scarcity_mutable,14173,120,64,4.744751969763415,0.09912844386620238,0.7812347418211093,False,0.5191054692016586,0.40035146615552064,0.41126017237458845,0.4085606147374642
scarcity_mutable,14173,125,63,4.791016491448158,0.09856410920372453,0.7745170427794962,False,0.5204811047209587,0.39762501724384236,0.41242533307625207,0.4107489460337549
scarcity_mutable,14173,130,60,5.021550244851412,0.09972484270688317,0.7564892271636073,False,0.5239041103844543,0.39240491415971307,0.4109299526611979,0.4150099510675597
scarcity_mutable,14173,135,57,5.310552134181458,0.10139760600897559,0.7339228874599699,False,0.5231151452499585,0.39166750923128385,0.4078741386960418,0.41361619748201284
scarcity_mutable,14173,140,57,5.307427816892275,0.10063222574555285,0.724695579479022,False,0.5230978238706621,0.3904330584022534,0.40480913717965766,0.417688900810791
scarcity_mutable,14173,145,56,5.421621170765353,0.10073776637334517,0.7144314315030492,False,0.5254413639381883,0.387547116225388,0.40321617289128525,0.41645788222069074
scarcity_mutable,14173,150,58,5.238764181381346,0.10162016753953265,0.7195589482818412,False,0.5244919787216882,0.39025432978897,0.40606398071929367,0.41493694304546325
scarcity_mutable,14173,155,57,5.401603718893394,0.10116469540502558,0.7206865753208705,False,0.5259683243818022,0.3890812103211307,0.40443747726151996,0.41839686330814413
scarcity_mutable,14173,160,57,5.511423665594887,0.10007504583883767,0.7134945716864053,False,0.5291007199932545,0.38903495649847325,0.40761459310749626,0.41662152420646176
scarcity_mutable,14173,165,54,5.822920570437553,0.09758450010125104,0.7045071081650675,False,0.5352423494477522,0.389702696334263,0.39891987394642636,0.4195696650813615
scarcity_mutable,14173,170,54,5.947920570437553,0.09758450010125104,0.7045071081650675,False,0.5352423494477522,0.389702696334263,0.39891987394642636,0.4195696650813615
scarcity_mutable,14173,175,56,5.757813646545611,0.09740920944511164,0.7027413727087378,False,0.532878941878885,0.3872769696348363,0.40097604092953604,0.41838346747777744
scarcity_mutable,14173,179,56,5.806393513798871,0.09740920944511164,0.7027413727087378,False,0.532878941878885,0.3872769696348363,0.40097604092953604,0.41838346747777744
scarcity_mutable,14173,180,56,5.728599689954572,0.09740920944511164,0.7027413727087378,True,0.532878941878885,0.3872769696348363,0.40097604092953604,0.41838346747777744
scarcity_mutable,14173,185,56,5.29010132798026,0.09740920944511164,0.7027413727087378,True,0.532878941878885,0.3872769696348363,0.40097604092953604,0.41838346747777744
scarcity_mutable,14173,190,56,4.885887354874287,0.09740920944511164,0.7027413727087378,True,0.532878941878885,0.3872769696348363,0.40097604092953604,0.41838346747777744
scarcity_mutable,14173,195,53,4.704224243379658,0.09726362747555348,0.6847917971779197,True,0.5352931834165904,0.384067204527045,0.4033389842805655,0.41537410350167026
scarcity_mutable,14173,200,50,4.543072911724619,0.09691068771244593,0.6565527747894631,True,0.5407673507272809,0.38084221103612237,0.4052037392960137,0.4117459650572905
scarcity_mutable,14173,205,50,4.100154384716109,0.09691068771244593,0.6565527747894631,True,0.5407673507272809,0.38084221103612237,0.4052037392960137,0.4117459650572905
scarcity_mutable,14173,210,49,3.7794948150462995,0.09754796340650933,0.653175147165033,True,0.540855316041618,0.37899851893625375,0.40576465871148687,0.41271535098182704
scarcity_mutable,14173,215,47,3.555345147601461,0.09686229430659998,0.6449493065765255,True,0.5471593784619807,0.3805600817915911,0.4053473500432173,0.4113405459282412
scarcity_mutable,14173,220,44,3.4023285062522493,0.09507788164484327,0.6389502438969117,True,0.544143628944181,0.3762484197878873,0.3956415028827403,0.4078790566273449
scarcity_mutable,14173,225,43,3.103658613927488,0.09563290212116794,0.6278561748416994,True,0.5458766928304818,0.376351362419766,0.3933662877167787,0.4064195759664564
scarcity_mutable,14173,230,40,2.9662071926695766,0.09617626667212967,0.6264762588396987,True,0.5462971403429839,0.37766807985327966,0.38991154805555794,0.4101125273445228
scarcity_mutable,14173,235,39,2.688764572072734,0.09726383026799364,0.630711064095966,True,0.546737667953302,0.37818888866494443,0.38832149054206117,0.410420532756326
scarcity_mutable,14173,240,36,2.50294170642685,0.09914101301730605,0.6223873468598783,True,0.5406137216957094,0.37576214298418487,0.38978024883070095,0.40926181063406797
scarcity_mutable,14173,245,31,2.5484739237253806,0.10025796469514066,0.6238138414534027,True,0.547376308773494,0.37398189737014736,0.3857310090674189,0.42129198275537844
scarcity_mutable,14173,250,30,2.3000848346137768,0.10178128531373035,0.6101751930283499,True,0.5491112985397886,0.3735833643585428,0.3864528121905323,0.42116802396074277
scarcity_mutable,14173,255,28,2.1691402465225016,0.10327594506334772,0.6155508679271028,True,0.5407441415312333,0.3762977583333134,0.38729464569969874,0.4229287239243184
scarcity_mutable,14173,260,26,2.0356500183572543,0.10321192770965942,0.6105720032270775,True,0.5467880718758067,0.38097505715539237,0.3985375515658335,0.42735418178342
scarcity_mutable,14173,265,24,1.9562552264394586,0.10172789937354756,0.6113615980733034,True,0.5514523996713302,0.38524353086803037,0.4049030215138065,0.42403059432000073
scarcity_mutable,14173,270,23,1.7695495369158132,0.10148723687411436,0.5956816116975822,True,0.5579290213057115,0.3899775201807118,0.4088463802197641,0.4249405885255553
scarcity_mutable,14173,275,19,1.983041325090639,0.10171923276608222,0.5967464437481346,True,0.5446647794286251,0.38262616323173826,0.3980982377085482,0.4128314498744299
scarcity_mutable,14173,280,15,2.4281747131148212,0.10579563768025828,0.5899948424155715,True,0.5586839043067506,0.38752515468408144,0.4044235557451606,0.4126671386211806
scarcity_mutable,14173,285,13,2.3008047426139053,0.10585902765761158,0.549884708429305,True,0.5658339351566922,0.3844323457607173,0.40289433531753943,0.4302507912372746
scarcity_mutable,14173,290,12,2.487701597747747,0.10658907714687953,0.5540255081310408,True,0.5606048770438224,0.3902803612270269,0.4037491858329727,0.44248887625326255
scarcity_mutable,14173,295,11,2.762401742997544,0.1006385429246284,0.5312241941438388,True,0.5627639250352195,0.3803066342550964,0.3978695521409671,0.4214259215749866
scarcity_mutable,14173,300,9,2.728029685885895,0.10359618399897169,0.5137704268206332,True,0.5847040823603648,0.3706001203458331,0.39885214353076964,0.4192542275938415
scarcity_mutable,14173,305,9,2.9583630192192265,0.10359618399897169,0.5137704268206332,True,0.5847040823603648,0.3706001203458331,0.39885214353076964,0.4192542275938415
scarcity_mutable,14173,310,8,2.3524484991904333,0.10863061809113334,0.4862295731793668,True,0.5841400303632749,0.37770381438948086,0.4058501119835197,0.4237411671506244
scarcity_mutable,14173,315,6,2.49720866558726,0.09923271259934897,0.4189617378034388,True,0.5933103575838945,0.4217906512319341,0.41112639451426897,0.441294490741243
scarcity_mutable,14173,320,6,2.496118158463648,0.09923271259934897,0.4189617378034388,True,0.5933103575838945,0.4217906512319341,0.41112639451426897,0.441294490741243
scarcity_mutable,14173,325,5,2.988948415999955,0.09066554144268638,0.3763300355100876,True,0.6035014321374952,0.4215547580250544,0.4651729831962504,0.46260150301466485
scarcity_mutable,14173,330,5,3.8913484159999534,0.09066554144268638,0.3763300355100876,True,0.6035014321374952,0.4215547580250544,0.4651729831962504,0.46260150301466485
scarcity_mutable,14173,335,5,4.031348415999952,0.09066554144268638,0.3763300355100876,True,0.6035014321374952,0.4215547580250544,0.4651729831962504,0.46260150301466485
scarcity_mutable,14173,339,5,4.028948415999951,0.09066554144268638,0.3763300355100876,True,0.6035014321374952,0.4215547580250544,0.4651729831962504,0.46260150301466485
neutral_bottleneck_mutable,14003,0,72,7.001781779759688,0.095080240663403,0.9999999999999998,False,0.49182892603565914,0.47308871359467614,0.4288873030493865,0.4158107077946316
neutral_bottleneck_mutable,14003,5,79,7.025003623761758,0.09432407057972547,0.9929724521564699,False,0.4934518454900002,0.471118653744637,0.4271715641338956,0.41019593517366193
neutral_bottleneck_mutable,14003,10,85,6.725062191496221,0.09487421702248176,0.989235457768083,False,0.4946803463172914,0.4696896598309408,0.42856480632908694,0.4085386089357924
neutral_bottleneck_mutable,14003,15,90,6.455447625301987,0.09472282841374628,0.981025797698781,False,0.49710321089474224,0.4688343473908103,0.4238739954130831,0.4074286066067439
neutral_bottleneck_mutable,14003,20,91,6.405257692947721,0.09445779360474374,0.9786116865589178,False,0.4967507158624485,0.46864995702917994,0.4230543046629923,0.4063356581804206
neutral_bottleneck_mutable,14003,25,93,6.14874677481981,0.0939830956369296,0.9783616630456956,False,0.49835264733795964,0.4682932773742911,0.42349751694529153,0.40789754054038113
neutral_bottleneck_mutable,14003,30,99,5.682156061194366,0.09301865213725863,0.973763175410653,False,0.5028628641176479,0.46340344960921376,0.4229018009925191,0.4082250655993621
neutral_bottleneck_mutable,14003,35,99,5.440489394527698,0.09301865213725863,0.973763175410653,False,0.5028628641176479,0.46340344960921376,0.4229018009925191,0.4082250655993621
neutral_bottleneck_mutable,14003,40,99,5.19882272786103,0.09301865213725863,0.973763175410653,False,0.5028628641176479,0.46340344960921376,0.4229018009925191,0.4082250655993621
neutral_bottleneck_mutable,14003,45,99,4.957156061194364,0.09301865213725863,0.973763175410653,False,0.5028628641176479,0.46340344960921376,0.4229018009925191,0.4082250655993621
neutral_bottleneck_mutable,14003,50,100,4.7230372343517875,0.09299534059494723,0.9738786838295145,False,0.5029419665689701,0.4620335256868533,0.4221097764345192,0.4091447281386463
neutral_bottleneck_mutable,14003,55,100,4.528990576545186,0.0937385665443495,0.9738786838295145,False,0.5066925316359826,0.4637515716863294,0.4210746034275084,0.409138025814508
neutral_bottleneck_mutable,14003,60,96,4.51501516507339,0.09472396746249194,0.9444359676783941,False,0.5104824987966913,0.4570507754935334,0.4193081146635842,0.4073347936314788
neutral_bottleneck_mutable,14003,65,88,4.699557396690773,0.09384381192751098,0.9239744972969038,False,0.5156173063777827,0.45226311473001174,0.41349149307592553,0.4070763950245402
neutral_bottleneck_mutable,14003,70,84,4.697044800014774,0.09467527913007251,0.9072422079324807,False,0.519293086637068,0.4523841293995415,0.41194408195976734,0.40689407838697766
neutral_bottleneck_mutable,14003,75,83,4.558098971702303,0.09455028464446585,0.8989845567766264,False,0.5185173004347349,0.4459532172180531,0.40992172827433376,0.40744925451854164
neutral_bottleneck_mutable,14003,80,78,4.643812904900636,0.09412626337832126,0.8626252002095899,False,0.5207045784355389,0.44022665496812946,0.40875165566666394,0.40473098697904636
neutral_bottleneck_mutable,14003,85,75,4.674525239304213,0.0928331916748479,0.8445758098479165,False,0.5244115979578394,0.4377171316325314,0.4101969160479589,0.40125565775402944
neutral_bottleneck_mutable,14003,90,74,4.595070108237278,0.09313232618524961,0.8392078280756519,False,0.5249404876562169,0.43745120798344556,0.41141640361649995,0.4023657674108074
neutral_bottleneck_mutable,14003,95,72,4.6120348133830555,0.09319964165354176,0.8326589229874043,False,0.5264848431476228,0.4391450648853811,0.4099025415370315,0.39953124361723463
neutral_bottleneck_mutable,14003,100,71,4.567747626843789,0.09165963663534968,0.8055510055461246,False,0.5218929678515025,0.43122419302261583,0.4075900253559544,0.39314284189260623
neutral_bottleneck_mutable,14003,105,71,4.423811489088008,0.09011033214640712,0.8009854696477267,False,0.5229882007134381,0.42623939337854083,0.4054357042477622,0.391526554436979
neutral_bottleneck_mutable,14003,110,69,4.43710793280803,0.0903861085370607,0.7933283699791,False,0.5221522591107766,0.42359501514038533,0.40306120679783336,0.3912554430253158
neutral_bottleneck_mutable,14003,115,69,4.338919527010927,0.0903861085370607,0.7933283699791,False,0.5221522591107766,0.42359501514038533,0.40306120679783336,0.3912554430253158
neutral_bottleneck_mutable,14003,120,66,4.450665560640293,0.08855318146202747,0.773992527638959,False,0.5253401741068163,0.42428957345343143,0.39740809699824786,0.3965934104539507
neutral_bottleneck_mutable,14003,125,63,4.592210672142936,0.08724930189675381,0.7668152732087303,False,0.5265172161832149,0.4295147386275982,0.39904916816567,0.40104229660303686
neutral_bottleneck_mutable,14003,130,64,4.428619852148935,0.08711917577498776,0.765435241229355,False,0.5265948572778755,0.42774547933001095,0.39758114094617003,0.401977663137504
neutral_bottleneck_mutable,14003,135,63,4.410685541135767,0.08661967810444791,0.7584667564640634,False,0.5261375812138562,0.42774927297176185,0.39534094123543345,0.39950876142366015
neutral_bottleneck_mutable,14003,140,62,4.398757859420648,0.08733772217530308,0.7565616229048571,False,0.5307697393378639,0.42441617336849047,0.3978700939731945,0.39688817603744303
neutral_bottleneck_mutable,14003,145,61,4.40383183700062,0.08740365881946052,0.7493418705067122,False,0.531200553661193,0.42465519776761695,0.39624100613524404,0.39503942423527016
neutral_bottleneck_mutable,14003,150,60,4.438283694925721,0.08768493476675754,0.7473479005281861,False,0.5304519268647019,0.42292281570281276,0.39626617739838976,0.39632898232442165
neutral_bottleneck_mutable,14003,155,57,4.619410883798266,0.08901965150761647,0.7448280868755075,False,0.5308455928902757,0.42042830389831576,0.39551701627185615,0.39713038359957664
neutral_bottleneck_mutable,14003,160,57,4.576821378403999,0.08866795552310433,0.7345642626227802,False,0.5349680272791256,0.41669043115651033,0.392324544878385,0.3983444356575801
neutral_bottleneck_mutable,14003,165,56,4.619688890107834,0.08758144381030063,0.7266611543932755,False,0.5342961627078365,0.4190586545599784,0.3885318388052789,0.39956655658198015
neutral_bottleneck_mutable,14003,170,56,4.584867461536404,0.08758144381030063,0.7266611543932755,False,0.5342961627078365,0.4190586545599784,0.3885318388052789,0.39956655658198015
neutral_bottleneck_mutable,14003,175,56,4.606296032964975,0.08758144381030063,0.7266611543932755,False,0.5342961627078365,0.4190586545599784,0.3885318388052789,0.39956655658198015
neutral_bottleneck_mutable,14003,179,55,4.7094184800010925,0.08811287060837683,0.7266648112370832,False,0.5355922213221894,0.42033309814839226,0.3889836135776569,0.39996272352252843
neutral_bottleneck_mutable,14003,180,3,5.247357333333308,0.08280776590363996,0.25688521341031656,False,0.5519523927172655,0.4208857600039946,0.3531032511613384,0.34875597105753825
neutral_bottleneck_mutable,14003,185,3,7.422357333333307,0.08280776590363996,0.25688521341031656,False,0.5519523927172655,0.4208857600039946,0.3531032511613384,0.34875597105753825
neutral_bottleneck_mutable,14003,190,4,7.16926799999998,0.08895341055772661,0.2431147865896834,False,0.5220159640956463,0.3691122414561401,0.3638884779183287,0.3246582794100671
neutral_bottleneck_mutable,14003,195,5,6.879414399999983,0.09774128188224523,0.24666881599558974,False,0.5546548591656315,0.4322036238879571,0.35349202535067115,0.32536049503124387
neutral_bottleneck_mutable,14003,200,6,6.59034533333332,0.09431950528562248,0.25688521341031656,False,0.5504255074632948,0.42288933235616005,0.3500532267459371,0.34402603972776014
neutral_bottleneck_mutable,14003,205,6,7.390345333333319,0.09431950528562248,0.25688521341031656,False,0.5504255074632948,0.42288933235616005,0.3500532267459371,0.34402603972776014
neutral_bottleneck_mutable,14003,210,7,7.003867428571415,0.09955909729636096,0.25229750881881563,False,0.5342494262501032,0.3940348608098148,0.3592488923891516,0.3235403311114344
neutral_bottleneck_mutable,14003,215,8,6.642133999999988,0.1013424407726512,0.2530465320233488,False,0.5411070681078844,0.42031461339998216,0.34526297106234316,0.33089532024489277
neutral_bottleneck_mutable,14003,220,8,7.098383999999987,0.1013424407726512,0.2530465320233488,False,0.5411070681078844,0.42031461339998216,0.34526297106234316,0.33089532024489277
neutral_bottleneck_mutable,14003,225,9,6.7024524444444324,0.09582855118505798,0.25688521341031656,False,0.5450239273256435,0.4218783467299983,0.3451969350520938,0.33344750291858105
neutral_bottleneck_mutable,14003,230,9,7.0441191111110975,0.09582855118505798,0.25688521341031656,False,0.5450239273256435,0.4218783467299983,0.3451969350520938,0.33344750291858105
neutral_bottleneck_mutable,14003,235,9,7.385785777777763,0.09582855118505798,0.25688521341031656,False,0.5450239273256435,0.4218783467299983,0.3451969350520938,0.33344750291858105
neutral_bottleneck_mutable,14003,240,9,7.72745244444443,0.09582855118505798,0.25688521341031656,False,0.5450239273256435,0.4218783467299983,0.3451969350520938,0.33344750291858105
neutral_bottleneck_mutable,14003,245,9,8.069119111111096,0.09582855118505798,0.25688521341031656,False,0.5450239273256435,0.4218783467299983,0.3451969350520938,0.33344750291858105
neutral_bottleneck_mutable,14003,250,9,8.410785777777763,0.09582855118505798,0.25688521341031656,False,0.5450239273256435,0.4218783467299983,0.3451969350520938,0.33344750291858105
neutral_bottleneck_mutable,14003,255,10,7.854207199999986,0.09526916053163675,0.2546142123425221,False,0.5533110553933398,0.4444013150507137,0.3433433586125524,0.33576934539475917
neutral_bottleneck_mutable,14003,260,11,7.336097454545441,0.09986024059617943,0.25488537762250585,False,0.5418133820810509,0.4220795978903716,0.34419237249963186,0.32161542033877255
neutral_bottleneck_mutable,14003,265,11,7.511097454545439,0.09986024059617943,0.25488537762250585,False,0.5418133820810509,0.4220795978903716,0.34419237249963186,0.32161542033877255
neutral_bottleneck_mutable,14003,270,11,7.686097454545439,0.09986024059617943,0.25488537762250585,False,0.5418133820810509,0.4220795978903716,0.34419237249963186,0.32161542033877255
neutral_bottleneck_mutable,14003,275,12,7.177255999999985,0.09996645327452837,0.25688521341031656,False,0.5395527749193786,0.4206195882671963,0.3412754308867398,0.3369386975544117
neutral_bottleneck_mutable,14003,280,12,7.2897559999999855,0.09996645327452837,0.25688521341031656,False,0.5395527749193786,0.4206195882671963,0.3412754308867398,0.3369386975544117
neutral_bottleneck_mutable,14003,285,10,6.690755563519986,0.10442179239683369,0.2546142123425221,False,0.5218222328831936,0.4014878794480328,0.34430708548803857,0.326597841534887
neutral_bottleneck_mutable,14003,290,10,6.940755563519984,0.10442179239683369,0.2546142123425221,False,0.5218222328831936,0.4014878794480328,0.34430708548803857,0.326597841534887
neutral_bottleneck_mutable,14003,295,11,6.52659596683635,0.10218142224792645,0.25488537762250585,False,0.5251469974540839,0.418382119458902,0.34077997595783843,0.32394624757843316
neutral_bottleneck_mutable,14003,300,11,6.701595966836348,0.10218142224792645,0.25488537762250585,False,0.5251469974540839,0.418382119458902,0.34077997595783843,0.32394624757843316
neutral_bottleneck_mutable,14003,305,11,6.876595966836347,0.10218142224792645,0.25488537762250585,False,0.5251469974540839,0.418382119458902,0.34077997595783843,0.32394624757843316
neutral_bottleneck_mutable,14003,310,11,7.051595966836346,0.10218142224792645,0.25488537762250585,False,0.5251469974540839,0.418382119458902,0.34077997595783843,0.32394624757843316
neutral_bottleneck_mutable,14003,315,12,6.605212969599983,0.09839819241052007,0.25688521341031656,False,0.5263958337094181,0.4210621722486821,0.33672649695437773,0.32411952159242086
neutral_bottleneck_mutable,14003,320,12,6.717712969599982,0.09839819241052007,0.25688521341031656,False,0.5263958337094181,0.4210621722486821,0.33672649695437773,0.32411952159242086
neutral_bottleneck_mutable,14003,325,12,6.83021296959998,0.09839819241052007,0.25688521341031656,False,0.5263958337094181,0.4210621722486821,0.33672649695437773,0.32411952159242086
neutral_bottleneck_mutable,14003,330,12,6.94271296959998,0.09839819241052007,0.25688521341031656,False,0.5263958337094181,0.4210621722486821,0.33672649695437773,0.32411952159242086
neutral_bottleneck_mutable,14003,335,12,7.055212969599978,0.09839819241052007,0.25688521341031656,False,0.5263958337094181,0.4210621722486821,0.33672649695437773,0.32411952159242086
neutral_bottleneck_mutable,14003,339,12,7.145212969599977,0.09839819241052007,0.25688521341031656,False,0.5263958337094181,0.4210621722486821,0.33672649695437773,0.32411952159242086
neutral_bottleneck_mutable,14011,0,72,7.06167024118139,0.09998418464577391,0.9999999999999998,False,0.47966110584291943,0.493011064710453,0.43369225360583924,0.4373584706303876
neutral_bottleneck_mutable,14011,5,79,7.432366020058606,0.10044926314352283,0.9929724521564699,False,0.4861079850056898,0.48875130390464333,0.4363790974452746,0.4325287228362286
neutral_bottleneck_mutable,14011,10,86,7.216882739356159,0.10204398485512317,0.9887775553069339,False,0.48936905706154005,0.48738365153560076,0.43985303624136995,0.4363580144359291
neutral_bottleneck_mutable,14011,15,90,6.960410173162552,0.10213916169928013,0.9859869376037222,False,0.49170491492448765,0.48647704514132317,0.44005857650902747,0.4382739828215625
neutral_bottleneck_mutable,14011,20,92,6.756596908528581,0.10181612728349401,0.9841884217504646,False,0.4918258598673119,0.4842484932221064,0.44070493973051916,0.43937677714824375
neutral_bottleneck_mutable,14011,25,92,6.540292560702494,0.10181612728349401,0.9841884217504646,False,0.4918258598673119,0.4842484932221064,0.44070493973051916,0.43937677714824375
neutral_bottleneck_mutable,14011,30,92,6.3239882128764044,0.10181612728349401,0.9841884217504646,False,0.4918258598673119,0.4842484932221064,0.44070493973051916,0.43937677714824375
neutral_bottleneck_mutable,14011,35,93,6.009966834243326,0.10179215989470337,0.9840171098727284,False,0.4919312459395444,0.48251864503030234,0.4408716249026917,0.4381375954028781
neutral_bottleneck_mutable,14011,40,94,5.74991399558116,0.10160090495020038,0.9817293451745189,False,0.49159217495225765,0.48129945856866846,0.44198191152992006,0.43862722959687983
neutral_bottleneck_mutable,14011,45,94,5.522786336006693,0.10160090495020038,0.9817293451745189,False,0.49159217495225765,0.48129945856866846,0.44198191152992006,0.43862722959687983
neutral_bottleneck_mutable,14011,50,95,5.244020164048726,0.10116086585158746,0.9803522863820285,False,0.49177077441752626,0.48099135674334303,0.44155466456805653,0.43936123129966737
neutral_bottleneck_mutable,14011,55,95,5.016388585101358,0.10116086585158746,0.9803522863820285,False,0.49177077441752626,0.48099135674334303,0.44155466456805653,0.43936123129966737
neutral_bottleneck_mutable,14011,60,92,4.945401256354662,0.0999989980246711,0.9700948109336713,False,0.49530962607439116,0.4785971065986251,0.4435320771713111,0.4386300727128641
neutral_bottleneck_mutable,14011,65,91,4.775251819611306,0.10038064190075152,0.959456579013976,False,0.4981450462092191,0.4741814004899924,0.44189797238289263,0.4391195386056328
neutral_bottleneck_mutable,14011,70,88,4.720658131643509,0.10024405297704764,0.9483690631928724,False,0.4998890534690869,0.4691963273036536,0.4419172471405204,0.44198433089781375
neutral_bottleneck_mutable,14011,75,89,4.467866467243018,0.10078316858288977,0.9448342050128686,False,0.5018977182902548,0.46650364956558105,0.44168501820609085,0.43977378200000555
neutral_bottleneck_mutable,14011,80,86,4.418172385465848,0.1007327216407979,0.9331631161403716,False,0.5032448201843857,0.4629327704410104,0.43785246895774255,0.44039422849273574
neutral_bottleneck_mutable,14011,85,84,4.331462204167415,0.09897027553215232,0.9250804900904896,False,0.5053394512086931,0.46020959467273626,0.4423582566712102,0.44291966970744084
neutral_bottleneck_mutable,14011,90,83,4.182021989759794,0.09929163114660615,0.9209432164158915,False,0.5059338025122518,0.4598373448756392,0.4416305446652847,0.44161303779693467
neutral_bottleneck_mutable,14011,95,78,4.259025963462345,0.09803075082844272,0.9090965459036939,False,0.5057694575080238,0.45444781344681234,0.4408907373425268,0.43691570925862494
neutral_bottleneck_mutable,14011,100,77,4.156091235715102,0.09759851130987522,0.9046557503164298,False,0.5086138667041016,0.45411332479078953,0.4397261360297296,0.4358468041275507
neutral_bottleneck_mutable,14011,105,74,4.209647042568415,0.09743899221403458,0.8979691569608724,False,0.5068176283609356,0.44805540186890425,0.4341060696469826,0.4385147633101562
neutral_bottleneck_mutable,14011,110,71,4.2988236781699,0.09759353071826636,0.8882758473724054,False,0.5103770630344016,0.44701010081541603,0.4314776220576412,0.44012361911483977
neutral_bottleneck_mutable,14011,115,70,4.258264587858038,0.09821161408615584,0.8880405147137412,False,0.5096727389426181,0.44599580621460017,0.43057928918539723,0.4392841164692518
neutral_bottleneck_mutable,14011,120,71,4.077443959860038,0.0979413036793173,0.8854335444691973,False,0.5097263187337718,0.4444658430259443,0.43128164542258196,0.43795964986113484
neutral_bottleneck_mutable,14011,125,70,4.040216016429467,0.09733318190708817,0.8805268496435408,False,0.508218695366548,0.44484777146661003,0.43062202671796374,0.4344525100417605
neutral_bottleneck_mutable,14011,130,64,4.32651126796973,0.09644108000127491,0.8489900414598536,False,0.5129239351437356,0.44155802329176863,0.4279819478759194,0.4390376075372015
neutral_bottleneck_mutable,14011,135,62,4.38678582500101,0.0945565296134982,0.8375834642914001,False,0.511597339510241,0.4389061211663244,0.42875895478117926,0.4433572760234336
neutral_bottleneck_mutable,14011,140,62,4.386089050807464,0.09594443716880194,0.8281473678009894,False,0.5134907120210335,0.4379825118795999,0.425287805687188,0.44268055473497114
neutral_bottleneck_mutable,14011,145,61,4.424057723771519,0.09594994582280726,0.8167871677980885,False,0.5141652170456207,0.4363825425232811,0.4293579292818257,0.4423916584037626
neutral_bottleneck_mutable,14011,150,56,4.799241449108264,0.09528912358289776,0.7792341395711871,False,0.5140000676533599,0.42763609840148076,0.4276755211503584,0.43916539998177445
neutral_bottleneck_mutable,14011,155,54,5.082618984260422,0.09472324445055305,0.7707331714842015,False,0.5176858917118147,0.4284656614291294,0.42389360213066035,0.4440653007915774
neutral_bottleneck_mutable,14011,160,53,5.212857078303072,0.09401446937583074,0.7513790642037405,False,0.5233273662105756,0.42452484574745714,0.4208484472105202,0.44608797188846133
neutral_bottleneck_mutable,14011,165,53,5.260498587737033,0.09401446937583074,0.7513790642037405,False,0.5233273662105756,0.42452484574745714,0.4208484472105202,0.44608797188846133
neutral_bottleneck_mutable,14011,170,53,5.308140097170994,0.09401446937583074,0.7513790642037405,False,0.5233273662105756,0.42452484574745714,0.4208484472105202,0.44608797188846133
neutral_bottleneck_mutable,14011,175,53,5.355781606604954,0.09401446937583074,0.7513790642037405,False,0.5233273662105756,0.42452484574745714,0.4208484472105202,0.44608797188846133
neutral_bottleneck_mutable,14011,179,54,5.287618984260418,0.09371322112923043,0.7465962432992997,False,0.5232337761294286,0.4256625554000795,0.41893521112035675,0.4478831851056755
neutral_bottleneck_mutable,14011,180,5,4.565355199999965,0.0916678043544304,0.3763300355100876,False,0.4935642967325463,0.40851737344332556,0.4151483113563857,0.4637879373869497
neutral_bottleneck_mutable,14011,185,5,6.190355199999964,0.0916678043544304,0.3763300355100876,False,0.4935642967325463,0.40851737344332556,0.4151483113563857,0.4637879373869497
neutral_bottleneck_mutable,14011,190,6,6.493629333333303,0.09059373463809564,0.364936229672398,False,0.4748321569459813,0.3865213416434384,0.40040255977228073,0.46006092041014796
neutral_bottleneck_mutable,14011,195,6,7.751962666666636,0.09059373463809564,0.364936229672398,False,0.4748321569459813,0.3865213416434384,0.40040255977228073,0.46006092041014796
neutral_bottleneck_mutable,14011,200,8,6.657096999999976,0.09387698547646657,0.36467217988452516,False,0.4907486934632155,0.40388299389787863,0.41532916225248506,0.44985580075911535
neutral_bottleneck_mutable,14011,205,8,7.457096999999976,0.09387698547646657,0.36467217988452516,False,0.4907486934632155,0.40388299389787863,0.41532916225248506,0.44985580075911535
neutral_bottleneck_mutable,14011,210,8,8.257096999999975,0.09387698547646657,0.36467217988452516,False,0.4907486934632155,0.40388299389787863,0.41532916225248506,0.44985580075911535
neutral_bottleneck_mutable,14011,215,9,8.03797511111109,0.091688928117122,0.3561080115091399,False,0.48949271076458584,0.4022338952427338,0.4310867592309462,0.4561005698347219
neutral_bottleneck_mutable,14011,220,9,8.685197333333312,0.091688928117122,0.3561080115091399,False,0.48949271076458584,0.4022338952427338,0.4310867592309462,0.4561005698347219
neutral_bottleneck_mutable,14011,225,11,7.583343272727254,0.08947565437985945,0.3505138421523292,False,0.4969020278191142,0.39171124124843626,0.41377257878009704,0.45154348298756114
neutral_bottleneck_mutable,14011,230,11,8.008343272727254,0.08947565437985945,0.3505138421523292,False,0.4969020278191142,0.39171124124843626,0.41377257878009704,0.45154348298756114
neutral_bottleneck_mutable,14011,235,13,7.073982769230753,0.09434294740996653,0.35651775252002543,False,0.4917128455482041,0.3983370724557342,0.4144608524313318,0.4417788743868139
neutral_bottleneck_mutable,14011,240,14,6.8122697142857,0.09372482885043223,0.3536519186619184,False,0.4907272741578278,0.3945537296334323,0.42514239321189906,0.4469071910279669
neutral_bottleneck_mutable,14011,245,14,7.022983999999984,0.09372482885043223,0.3536519186619184,False,0.4907272741578278,0.3945537296334323,0.42514239321189906,0.4469071910279669
neutral_bottleneck_mutable,14011,250,14,7.233698285714269,0.09372482885043223,0.3536519186619184,False,0.4907272741578278,0.3945537296334323,0.42514239321189906,0.4469071910279669
neutral_bottleneck_mutable,14011,255,14,7.444412571428552,0.09372482885043223,0.3536519186619184,False,0.4907272741578278,0.3945537296334323,0.42514239321189906,0.4469071910279669
neutral_bottleneck_mutable,14011,260,14,7.655126857142839,0.09372482885043223,0.3536519186619184,False,0.4907272741578278,0.3945537296334323,0.42514239321189906,0.4469071910279669
neutral_bottleneck_mutable,14011,265,14,7.865841142857123,0.09372482885043223,0.3536519186619184,False,0.4907272741578278,0.3945537296334323,0.42514239321189906,0.4469071910279669
neutral_bottleneck_mutable,14011,270,14,8.076555428571407,0.09372482885043223,0.3536519186619184,False,0.4907272741578278,0.3945537296334323,0.42514239321189906,0.4469071910279669
neutral_bottleneck_mutable,14011,275,14,8.287269714285694,0.09372482885043223,0.3536519186619184,False,0.4907272741578278,0.3945537296334323,0.42514239321189906,0.4469071910279669
neutral_bottleneck_mutable,14011,280,11,8.050928087272705,0.0922498401182927,0.34329075456420893,False,0.48207308313808234,0.3824216949693064,0.4297684013701489,0.45399604333890164
neutral_bottleneck_mutable,14011,285,12,6.917006874154647,0.09706595603379414,0.3547404344508597,False,0.4740881708827078,0.38542540959904475,0.4208428599598714,0.4734250559205983
neutral_bottleneck_mutable,14011,290,12,7.267006874154646,0.09706595603379414,0.3547404344508597,False,0.4740881708827078,0.38542540959904475,0.4208428599598714,0.4734250559205983
neutral_bottleneck_mutable,14011,295,13,7.023390960758134,0.09820217370779294,0.35651775252002543,False,0.487464064414027,0.3889793704170747,0.41385301966431826,0.4662020702305536
neutral_bottleneck_mutable,14011,300,13,7.294544806911981,0.09820217370779294,0.35651775252002543,False,0.487464064414027,0.3889793704170747,0.41385301966431826,0.4662020702305536
neutral_bottleneck_mutable,14011,305,14,7.000648749275408,0.0994275411793458,0.36806645481390293,False,0.48877757929594384,0.40593719375399717,0.4195269073361847,0.4639747266237166
neutral_bottleneck_mutable,14011,310,14,7.172077320703978,0.0994275411793458,0.36806645481390293,False,0.48877757929594384,0.40593719375399717,0.4195269073361847,0.4639747266237166
neutral_bottleneck_mutable,14011,315,15,6.911938832657047,0.09792359626646932,0.36179741188141573,False,0.4900578953867542,0.40445583541478136,0.4268424042440298,0.4703157936437746
neutral_bottleneck_mutable,14011,320,16,6.621192655615981,0.09953099186494717,0.36097959066631075,False,0.48955917646376973,0.39390091267827965,0.4203241220654957,0.46083300667897387
neutral_bottleneck_mutable,14011,325,16,6.733692655615981,0.09953099186494717,0.36097959066631075,False,0.48955917646376973,0.39390091267827965,0.4203241220654957,0.46083300667897387
neutral_bottleneck_mutable,14011,330,16,6.84619265561598,0.09953099186494717,0.36097959066631075,False,0.48955917646376973,0.39390091267827965,0.4203241220654957,0.46083300667897387
neutral_bottleneck_mutable,14011,335,16,6.9586926556159785,0.09953099186494717,0.36097959066631075,False,0.48955917646376973,0.39390091267827965,0.4203241220654957,0.46083300667897387
neutral_bottleneck_mutable,14011,339,16,7.048692655615978,0.09953099186494717,0.36097959066631075,False,0.48955917646376973,0.39390091267827965,0.4203241220654957,0.46083300667897387
neutral_bottleneck_mutable,14029,0,72,6.980465545897274,0.09907661800314489,0.9999999999999998,False,0.4590050716718274,0.47255965706157466,0.4360478332650796,0.43910444770097273
neutral_bottleneck_mutable,14029,5,81,6.757073480191682,0.09858739439890511,0.9915238482205723,False,0.46005574737454125,0.47054758887815296,0.43257954722261616,0.4370512469345282
neutral_bottleneck_mutable,14029,10,87,6.908194849373863,0.09772424819355902,0.9883614319811516,False,0.46256407124862575,0.46817174016637264,0.4309095550956462,0.4352072935717071
neutral_bottleneck_mutable,14029,15,95,6.456767914689749,0.10021137652780006,0.9803522863820285,False,0.4725935598716443,0.46513311401698926,0.4263158746176693,0.43494186909534593
neutral_bottleneck_mutable,14029,20,96,6.269457832245062,0.10102502057230396,0.9803040301157923,False,0.4742704952377874,0.46258292925627065,0.42674286508658626,0.43382014116105544
neutral_bottleneck_mutable,14029,25,100,5.834629518955256,0.1015346004526716,0.9758967188907924,False,0.47638669684082663,0.4625347673783437,0.42880225671787947,0.43229759711054244
neutral_bottleneck_mutable,14029,30,100,5.635629518955258,0.1015346004526716,0.9758967188907924,False,0.47638669684082663,0.4625347673783437,0.42880225671787947,0.43229759711054244
neutral_bottleneck_mutable,14029,35,102,5.343852469563976,0.10215496656768987,0.9749504132895884,False,0.47720655754905167,0.46097885460231225,0.42965281878688716,0.4350117097489173
neutral_bottleneck_mutable,14029,40,102,5.086009332309074,0.10215496656768987,0.9749504132895884,False,0.47720655754905167,0.46097885460231225,0.42965281878688716,0.4350117097489173
neutral_bottleneck_mutable,14029,45,104,4.743201460533898,0.1018222307362807,0.9733646993498829,False,0.475943167588643,0.4589913173213956,0.4300123157828098,0.4338590925128575
neutral_bottleneck_mutable,14029,50,104,4.513506665935446,0.1018222307362807,0.9733646993498829,False,0.475943167588643,0.4589913173213956,0.4300123157828098,0.4338590925128575
neutral_bottleneck_mutable,14029,55,106,4.1998084269555305,0.10269937987098408,0.9715189965144388,False,0.47775933395700587,0.45852737909107116,0.42936551655655875,0.4349092734963572
neutral_bottleneck_mutable,14029,60,93,4.499889174809531,0.10128579847133479,0.9195009808404702,False,0.4879729386145939,0.4459022043736588,0.42672017637553394,0.4394304682567887
neutral_bottleneck_mutable,14029,65,90,4.430019463312418,0.09919109472630949,0.8970536073791793,False,0.49085042209960417,0.4382921098204019,0.4260019661599673,0.43675242838354883
neutral_bottleneck_mutable,14029,70,85,4.474162067036679,0.09849195794491086,0.8676807226009765,False,0.4957858971912779,0.4315248911528344,0.424147789849099,0.43628343096268374
neutral_bottleneck_mutable,14029,75,83,4.394117779495393,0.09816019465213219,0.8557531522000005,False,0.4961423617790849,0.42938528302796736,0.4252713171872486,0.43575072352983524
neutral_bottleneck_mutable,14029,80,80,4.4065671962264705,0.09807445758244462,0.8379665919903453,False,0.5008150271682099,0.42805209471340894,0.423159011349074,0.4367051327809402
neutral_bottleneck_mutable,14029,85,73,4.675814512439518,0.09750083266166618,0.8136532703069949,False,0.5060457006340404,0.4275920078619449,0.4180385729900104,0.4396833347761606
neutral_bottleneck_mutable,14029,90,72,4.6529661017222095,0.09806919625861764,0.7923645953377666,False,0.5135033170502494,0.4249942289924486,0.4161956192620826,0.44642779965026225
neutral_bottleneck_mutable,14029,95,70,4.688307262573161,0.09812636623426634,0.7844758014525947,False,0.5145813586208495,0.41901064539092286,0.41866252830653444,0.4486722798112219
neutral_bottleneck_mutable,14029,100,67,4.798969528858732,0.09860254658100227,0.7697162789449755,False,0.5197169018619743,0.4178438795992137,0.4166726792344415,0.4506385294800332
neutral_bottleneck_mutable,14029,105,63,5.040498768786273,0.09830459021310761,0.7469150094633996,False,0.5261172395903218,0.4122163443114804,0.4156070581997834,0.448624955734526
neutral_bottleneck_mutable,14029,110,59,5.372105488960112,0.09848242245352465,0.7254496374078236,False,0.5300902865359377,0.41083834589754165,0.4134291494494297,0.4470996566711144
neutral_bottleneck_mutable,14029,115,58,5.4528969629077,0.0986371156465128,0.7175216576786884,False,0.5303981931746967,0.40895178954652833,0.4149549132731765,0.4486819753021995
neutral_bottleneck_mutable,14029,120,58,5.4485524332525275,0.09846361256570309,0.7175216576786884,False,0.5313885522481744,0.4094788739501664,0.40983031254608204,0.4473623460966964
neutral_bottleneck_mutable,14029,125,58,5.475357593221808,0.09948974131800585,0.7130236415818053,False,0.5344726356124105,0.40881517918083654,0.410415106105385,0.4495384923110325
neutral_bottleneck_mutable,14029,130,57,5.573377525734471,0.09905004974087751,0.7123587226827356,False,0.5333997271884946,0.4065172765042634,0.41353821210316416,0.45386569499313756
neutral_bottleneck_mutable,14029,135,56,5.700439611519342,0.09845895955973086,0.7098475342540561,False,0.5286576556800656,0.40555965408902495,0.4134302351845904,0.45444203189264953
neutral_bottleneck_mutable,14029,140,58,5.5678665861773124,0.09585497067960644,0.6967898014473867,False,0.534701737499669,0.40420108767410834,0.4121369955044183,0.45369112924236626
neutral_bottleneck_mutable,14029,145,58,5.658750878418095,0.09481266712433395,0.6813931603630866,False,0.5322571842065702,0.40668849452903566,0.40413189977833813,0.45320301513542205
neutral_bottleneck_mutable,14029,150,56,5.880352695504454,0.09351451964827444,0.6636147181359424,False,0.5330136745418138,0.41024658245554685,0.4043723384486517,0.45225214432212735
neutral_bottleneck_mutable,14029,155,58,5.771066388728383,0.09542397810835031,0.6627962148335191,False,0.5355615415573629,0.4101182794520804,0.40551845828944766,0.4589913998822638
neutral_bottleneck_mutable,14029,160,58,5.8520521447031415,0.09605538669319343,0.6613093891385354,False,0.5348537526205979,0.40902052137060496,0.3996906044425242,0.45866265943795753
neutral_bottleneck_mutable,14029,165,58,5.956983177717715,0.09696171744387971,0.6497357016779404,False,0.5365187681771812,0.40732866732786094,0.4003691736925473,0.4617512221184452
neutral_bottleneck_mutable,14029,170,59,5.9006760730106365,0.0970908522285621,0.649898078035664,False,0.5337966894152811,0.4050200599529064,0.401021392689009,0.4641119042639778
neutral_bottleneck_mutable,14029,175,60,5.769374270321192,0.09712491148032039,0.6395857603474876,False,0.5334764024844069,0.4012336713961526,0.3979881299267142,0.4632626697023232
neutral_bottleneck_mutable,14029,179,61,5.649466495397894,0.09721038964771307,0.6390695205975135,False,0.5306919169457908,0.39974442119091924,0.3991992480265826,0.4626244727128972
neutral_bottleneck_mutable,14029,180,4,6.721711612159988,0.08396423718673499,0.32415304878624457,False,0.5554165578061534,0.34509859825422384,0.38341737561424577,0.5011845551426746
neutral_bottleneck_mutable,14029,185,4,8.896711612159988,0.08396423718673499,0.32415304878624457,False,0.5554165578061534,0.34509859825422384,0.38341737561424577,0.5011845551426746
neutral_bottleneck_mutable,14029,190,5,8.39436928972799,0.08049359785545665,0.3114994257528387,False,0.5692588538233966,0.3413628366661303,0.35578364951067226,0.5098589656718446
neutral_bottleneck_mutable,14029,195,7,7.115263778377136,0.0798579296674999,0.3160835933109164,False,0.5642777009800862,0.34334021261703324,0.35988253668007325,0.5088238652801393
neutral_bottleneck_mutable,14029,200,7,7.7188352069485635,0.0798579296674999,0.3160835933109164,False,0.5642777009800862,0.34334021261703324,0.35988253668007325,0.5088238652801393
neutral_bottleneck_mutable,14029,205,7,8.322406635519991,0.0798579296674999,0.3160835933109164,False,0.5642777009800862,0.34334021261703324,0.35988253668007325,0.5088238652801393
neutral_bottleneck_mutable,14029,210,7,8.92597806409142,0.0798579296674999,0.3160835933109164,False,0.5642777009800862,0.34334021261703324,0.35988253668007325,0.5088238652801393
neutral_bottleneck_mutable,14029,215,8,8.586480806079994,0.0791065360552254,0.308859355953937,False,0.5492946455569517,0.3384364032464667,0.3564625667697929,0.4970115778215404
neutral_bottleneck_mutable,14029,220,10,7.585184644863993,0.0870269974055469,0.319444822099771,False,0.5421685817679495,0.3416456093255805,0.36202960165921605,0.4885456244885321
neutral_bottleneck_mutable,14029,225,11,7.398804222603631,0.0890408186401142,0.3210453831717615,False,0.5540939249619139,0.3426300022568625,0.3695653562913534,0.505383377007056
neutral_bottleneck_mutable,14029,230,11,7.76471331351272,0.0890408186401142,0.3210453831717615,False,0.5540939249619139,0.3426300022568625,0.3695653562913534,0.505383377007056
neutral_bottleneck_mutable,14029,235,11,8.035167858967265,0.0890408186401142,0.3210453831717615,False,0.5540939249619139,0.3426300022568625,0.3695653562913534,0.505383377007056
neutral_bottleneck_mutable,14029,240,12,8.11932053738666,0.08894152786101707,0.32415304878624457,False,0.5409265418658157,0.3395689909329938,0.37891339044256367,0.5047612327216404
neutral_bottleneck_mutable,14029,245,12,9.010987204053327,0.08894152786101707,0.32415304878624457,False,0.5409265418658157,0.3395689909329938,0.37891339044256367,0.5047612327216404
neutral_bottleneck_mutable,14029,250,13,8.59783434220307,0.08729094301081242,0.32217139933197114,False,0.5355581657522708,0.34061351508981097,0.3867143632954531,0.4989146132367442
neutral_bottleneck_mutable,14029,255,15,7.6557897632426615,0.08418952688222071,0.3185770053765831,False,0.523406928324855,0.3424553267408772,0.39218443814432796,0.49230343094608986
neutral_bottleneck_mutable,14029,260,16,7.304177903039993,0.08513020588179103,0.32046045956803015,False,0.5318772186616268,0.345067371890233,0.38254634874135685,0.49600690915870316
neutral_bottleneck_mutable,14029,265,16,7.416677903039992,0.08513020588179103,0.32046045956803015,False,0.5318772186616268,0.345067371890233,0.38254634874135685,0.49600690915870316
neutral_bottleneck_mutable,14029,270,16,7.529177903039992,0.08513020588179103,0.32046045956803015,False,0.5318772186616268,0.345067371890233,0.38254634874135685,0.49600690915870316
neutral_bottleneck_mutable,14029,275,17,7.185402732272933,0.08744400077091626,0.3195071714560796,False,0.5254252320382476,0.33926183315715247,0.3772803221266803,0.48723147521663146
neutral_bottleneck_mutable,14029,280,18,6.854269247146658,0.08751521047752786,0.3227066875809314,False,0.5306002452053099,0.3390533292928126,0.3806782000463226,0.49613049249829555
neutral_bottleneck_mutable,14029,285,19,6.515623497296834,0.08633532057763854,0.32066590648122156,False,0.5258597290705392,0.3413600017884956,0.38473560977439436,0.49568566765934846
neutral_bottleneck_mutable,14029,290,19,6.519570865717885,0.08633532057763854,0.32066590648122156,False,0.5258597290705392,0.3413600017884956,0.38473560977439436,0.49568566765934846
neutral_bottleneck_mutable,14029,295,20,6.166920771711991,0.0849027914076881,0.32415304878624457,False,0.5470806836124666,0.33384590682107657,0.3705467712802632,0.5067844655587899
neutral_bottleneck_mutable,14029,300,20,6.08442077171199,0.0849027914076881,0.32415304878624457,False,0.5470806836124666,0.33384590682107657,0.3705467712802632,0.5067844655587899
neutral_bottleneck_mutable,14029,305,20,5.92192077171199,0.0849027914076881,0.32415304878624457,False,0.5470806836124666,0.33384590682107657,0.3705467712802632,0.5067844655587899
neutral_bottleneck_mutable,14029,310,20,5.969420771711989,0.0849027914076881,0.32415304878624457,False,0.5470806836124666,0.33384590682107657,0.3705467712802632,0.5067844655587899
neutral_bottleneck_mutable,14029,315,19,6.079218939823146,0.08457739551203222,0.323143920526734,False,0.54002388954689,0.33310428555712274,0.3775400416357921,0.5044772557430767
neutral_bottleneck_mutable,14029,320,19,6.0831663082441985,0.08457739551203222,0.323143920526734,False,0.54002388954689,0.33310428555712274,0.3775400416357921,0.5044772557430767
neutral_bottleneck_mutable,14029,325,18,6.280709648490899,0.08286365410036559,0.32270668758093146,False,0.548617562158438,0.3343517367809209,0.3753472024650921,0.5131568455046804
neutral_bottleneck_mutable,14029,330,18,6.350154092935342,0.08286365410036559,0.32270668758093146,False,0.548617562158438,0.3343517367809209,0.3753472024650921,0.5131568455046804
neutral_bottleneck_mutable,14029,335,18,6.386265204046452,0.08286365410036559,0.32270668758093146,False,0.548617562158438,0.3343517367809209,0.3753472024650921,0.5131568455046804
neutral_bottleneck_mutable,14029,339,17,6.81884266421423,0.08328470461806209,0.3229825495438108,False,0.5531752039095383,0.33324608571088,0.3691719768730313,0.5181216493921328
neutral_bottleneck_mutable,14041,0,72,7.084003923741621,0.10115802165957241,0.9999999999999998,False,0.47742759811920366,0.4775053966661162,0.4476605865896177,0.44394090801895364
neutral_bottleneck_mutable,14041,5,79,7.320547879865782,0.10070281128706485,0.9929724521564699,False,0.4744872662197216,0.4813865954104609,0.4500116284230917,0.44218895501121486
neutral_bottleneck_mutable,14041,10,92,6.764492201189095,0.10078148391393456,0.9855183080837088,False,0.47726660896295564,0.4754471102745696,0.45335066269151875,0.44931245977998996
neutral_bottleneck_mutable,14041,15,94,6.734901574530157,0.10179187047486504,0.9838761909843892,False,0.48043412407338065,0.4726990082204559,0.4512621293843746,0.45237153781813844
neutral_bottleneck_mutable,14041,20,96,6.528028625060777,0.10238738624422382,0.9836806243739823,False,0.4809870132131227,0.4729996098367965,0.4501049299195727,0.44909345562184994
neutral_bottleneck_mutable,14041,25,100,6.208355601743027,0.10323846674726087,0.9783437097439616,False,0.4861351593410738,0.4682412561443592,0.4484981525376685,0.4526152690848644
neutral_bottleneck_mutable,14041,30,103,5.853951896488239,0.10437990116356444,0.976306326595515,False,0.4864506460917667,0.4655182197873565,0.4469259187567456,0.4523694189948113
neutral_bottleneck_mutable,14041,35,103,5.620900853594967,0.10437990116356444,0.976306326595515,False,0.4864506460917667,0.4655182197873565,0.4469259187567456,0.4523694189948113
neutral_bottleneck_mutable,14041,40,103,5.3929882322357425,0.10437990116356444,0.976306326595515,False,0.4864506460917667,0.4655182197873565,0.4469259187567456,0.4523694189948113
neutral_bottleneck_mutable,14041,45,104,5.123014716368024,0.10425807936289305,0.9764815555882124,False,0.48694464066135557,0.4639489973252831,0.4467318680750529,0.45306602468157825
neutral_bottleneck_mutable,14041,50,105,4.8378096730120035,0.10444743483076939,0.9766748599445307,False,0.4866420921611837,0.46211604340742807,0.4452530128506929,0.45290892729099724
neutral_bottleneck_mutable,14041,55,104,4.613272304860345,0.10396191699808763,0.9764815555882124,False,0.48886053456131306,0.4606724971483672,0.4443609803193299,0.4531663159073691
neutral_bottleneck_mutable,14041,60,100,4.549024811626984,0.10297430562207145,0.9629305969393426,False,0.49267188230852127,0.4548479872550052,0.4435912991628366,0.45301554569800584
neutral_bottleneck_mutable,14041,65,97,4.40858228002782,0.10277713672466994,0.9489444880015535,False,0.4970347218342129,0.4518152652902884,0.44364761581615725,0.452086947858836
neutral_bottleneck_mutable,14041,70,92,4.4609334908988965,0.10125827768427713,0.9370543002626422,False,0.5013273983833259,0.4478540497088546,0.44426421444256964,0.45563779375135366
neutral_bottleneck_mutable,14041,75,91,4.321044000847731,0.10007873608836054,0.9218416179369174,False,0.5021073101704324,0.4421702810052449,0.4420303337408209,0.45718142787879196
neutral_bottleneck_mutable,14041,80,85,4.494965985372476,0.10064561104722411,0.9026978857370663,False,0.5103993907317608,0.4378834170951204,0.44246305319507434,0.46569911085890237
neutral_bottleneck_mutable,14041,85,82,4.568198814840627,0.0984250903405231,0.8789490440136378,False,0.5153179428119231,0.42695089828065264,0.4353106265047761,0.467858506191197
neutral_bottleneck_mutable,14041,90,79,4.538519948442329,0.09926711154780679,0.8752431874051552,False,0.5152560193019307,0.4244349276090908,0.43243915280170775,0.4682789057334373
neutral_bottleneck_mutable,14041,95,76,4.604463325785013,0.09779895780639711,0.8563575016003946,False,0.5175597652722265,0.42465189218331834,0.427674345548807,0.47108956947192293
neutral_bottleneck_mutable,14041,100,72,4.7919948682031634,0.09604375892431337,0.835032632536923,False,0.5258519749540125,0.4235563360955434,0.4267238951412631,0.47051585542362123
neutral_bottleneck_mutable,14041,105,71,4.849338320059559,0.09570140398478623,0.8183565130276979,False,0.5336589565804069,0.42026284412545706,0.42507972281255496,0.4711891731844425
neutral_bottleneck_mutable,14041,110,68,5.007215179263447,0.0942393522792764,0.8128939028854522,False,0.535951274378583,0.412344940313343,0.42404644096340893,0.4689611432844197
neutral_bottleneck_mutable,14041,115,67,5.0431484148793935,0.09375989143481181,0.8029427828601186,False,0.5393914385697395,0.40777055009822794,0.42446383136790383,0.4679505243491113
neutral_bottleneck_mutable,14041,120,67,5.015816799432701,0.09375989143481181,0.8029427828601186,False,0.5393914385697395,0.40777055009822794,0.42446383136790383,0.4679505243491113
neutral_bottleneck_mutable,14041,125,65,5.105965649047513,0.09461563902167022,0.7903111010481418,False,0.5412661763673123,0.40579687552513505,0.4245025941728993,0.46808743991657126
neutral_bottleneck_mutable,14041,130,63,5.1982436341771425,0.09379127545477021,0.7771058461860716,False,0.5414997204258392,0.40094319724710825,0.4202946209496169,0.4692709576212311
neutral_bottleneck_mutable,14041,135,63,5.1911123786907085,0.09379127545477021,0.7771058461860716,False,0.5414997204258392,0.40094319724710825,0.4202946209496169,0.4692709576212311
neutral_bottleneck_mutable,14041,140,62,5.26442910007386,0.09323278858890766,0.7702730681258293,False,0.5444085437080585,0.401266320077026,0.4189321205281514,0.4670803642799386
neutral_bottleneck_mutable,14041,145,60,5.419659647514535,0.09445851023258826,0.7669189447362947,False,0.5449244982785705,0.39912507951073095,0.4183147756298726,0.46677576124318304
neutral_bottleneck_mutable,14041,150,60,5.52511412308381,0.09417153079110452,0.7581530021543942,False,0.5465679195269718,0.39821171332344535,0.4140395733261088,0.4671829164894347
neutral_bottleneck_mutable,14041,155,58,5.756624954914287,0.09190965194354501,0.7433564111489084,False,0.5479526640509812,0.3970565010894334,0.4057609630212358,0.4651234605917716
neutral_bottleneck_mutable,14041,160,56,5.945144601504587,0.09073750425629383,0.7335793894638699,False,0.5501286952673102,0.39157424595071194,0.40587491281554916,0.46370832562318337
neutral_bottleneck_mutable,14041,165,58,5.792958930028189,0.09171971621001988,0.7321787198114517,False,0.5520519617905346,0.3877938228892531,0.403141588403863,0.4645022059206121
neutral_bottleneck_mutable,14041,170,58,5.8787026916908784,0.09171971621001988,0.7321787198114517,False,0.5520519617905346,0.3877938228892531,0.403141588403863,0.4645022059206121
neutral_bottleneck_mutable,14041,175,59,5.8950827657348706,0.09135196598743855,0.7343641552877223,False,0.5502635411088219,0.3880802768811425,0.4039236754299165,0.46342703008524117
neutral_bottleneck_mutable,14041,179,58,6.036856692490082,0.09097588295049881,0.7252199782208384,False,0.549983108016699,0.38267537438976096,0.39615046355642664,0.4640325279837125
neutral_bottleneck_mutable,14041,180,7,3.8001483564885983,0.06706608561055794,0.4086987501069862,False,0.5206900122619608,0.46309995778479124,0.4180085686449509,0.4207265447913559
neutral_bottleneck_mutable,14041,185,7,5.430514575080488,0.06706608561055794,0.4086987501069862,False,0.5206900122619608,0.46309995778479124,0.4180085686449509,0.4207265447913559
neutral_bottleneck_mutable,14041,190,8,6.17014569446333,0.07103528274510121,0.4051913109828057,False,0.5390387163546336,0.45737015724072094,0.40719685265463196,0.40975910900457124
neutral_bottleneck_mutable,14041,195,8,7.724841135731234,0.07103528274510121,0.4051913109828057,False,0.5390387163546336,0.45737015724072094,0.40719685265463196,0.40975910900457124
neutral_bottleneck_mutable,14041,200,8,9.31703657699914,0.07103528274510121,0.4051913109828057,False,0.5390387163546336,0.45737015724072094,0.40719685265463196,0.40975910900457124
neutral_bottleneck_mutable,14041,205,13,6.752053313857038,0.06998895729329134,0.41579895561471386,False,0.5245293213893178,0.4542374133859254,0.4132986552633416,0.4083236471251676
neutral_bottleneck_mutable,14041,210,14,7.192726791234806,0.06942060381893553,0.4143740332119379,False,0.5307641014924068,0.45045800804005437,0.411566869345991,0.412625361943101
neutral_bottleneck_mutable,14041,215,15,7.449058353957432,0.07041917415743433,0.40895658021901043,False,0.530063009140478,0.4529185124685782,0.42163481288293164,0.4092412031464542
neutral_bottleneck_mutable,14041,220,15,7.946823820433819,0.07041917415743433,0.40895658021901043,False,0.530063009140478,0.4529185124685782,0.42163481288293164,0.4092412031464542
neutral_bottleneck_mutable,14041,225,17,7.857419945386994,0.07348010029906912,0.4120767583423435,False,0.5297964328985312,0.4545336013170444,0.41383473249586533,0.4149825716435117
neutral_bottleneck_mutable,14041,230,19,7.350806384252573,0.0740683184021018,0.41744246428971105,False,0.5178174303888986,0.4552673376656888,0.4094023064318692,0.41642866451246785
neutral_bottleneck_mutable,14041,235,19,7.56450447700086,0.0740683184021018,0.41744246428971105,False,0.5178174303888986,0.4552673376656888,0.4094023064318692,0.41642866451246785
neutral_bottleneck_mutable,14041,240,20,7.424542441261686,0.07506245815105705,0.4166907367356443,False,0.5162765887866078,0.4491641367593373,0.40957868757657956,0.4122652921433533
neutral_bottleneck_mutable,14041,245,20,7.649427452865398,0.07506245815105705,0.4166907367356443,False,0.5162765887866078,0.4491641367593373,0.40957868757657956,0.4122652921433533
neutral_bottleneck_mutable,14041,250,20,7.874312464469105,0.07506245815105705,0.4166907367356443,False,0.5162765887866078,0.4491641367593373,0.40957868757657956,0.4122652921433533
neutral_bottleneck_mutable,14041,255,20,8.151501552722685,0.07506245815105705,0.4166907367356443,False,0.5162765887866078,0.4491641367593373,0.40957868757657956,0.4122652921433533
neutral_bottleneck_mutable,14041,260,22,7.5887605130239955,0.07503927594432294,0.4169619020156282,False,0.5122888847139667,0.4517119556100223,0.4114051963830883,0.40946772384482416
neutral_bottleneck_mutable,14041,265,23,7.61061796885538,0.07654472999378915,0.4152154586952278,False,0.5111197943450293,0.4522814491730542,0.42089875537824617,0.4080978468825543
neutral_bottleneck_mutable,14041,270,23,8.142039718075996,0.07654472999378915,0.4152154586952278,False,0.5111197943450293,0.4522814491730542,0.42089875537824617,0.4080978468825543
neutral_bottleneck_mutable,14041,275,29,6.759191339054302,0.07747911657376311,0.40950482892828094,False,0.523059295372455,0.4595357361044467,0.4281805558931561,0.409463932807733
neutral_bottleneck_mutable,14041,280,29,6.902863132059328,0.07747911657376311,0.40950482892828094,False,0.523059295372455,0.4595357361044467,0.4281805558931561,0.409463932807733
neutral_bottleneck_mutable,14041,285,28,7.0285016319238895,0.07878083644431363,0.4086987501069862,False,0.5220418714294962,0.45881235104993595,0.42795263172730647,0.40968072667316724
neutral_bottleneck_mutable,14041,290,28,6.870526427601596,0.07984941474154664,0.41297568951749786,False,0.5243817197013464,0.4550856569734623,0.4224547354125568,0.41201391064863035
neutral_bottleneck_mutable,14041,295,27,6.72526643814189,0.080878263157549,0.4059541214811053,False,0.5243481285790422,0.4561450667825963,0.43663782202078005,0.4148795501675224
neutral_bottleneck_mutable,14041,300,26,6.798808765543177,0.08181872438871049,0.40333153066139676,False,0.5257289509829568,0.4587385407550976,0.4361234772868002,0.41334696755868544
neutral_bottleneck_mutable,14041,305,25,6.8865688120507365,0.0800218819227448,0.4008589551634655,False,0.5366454642365884,0.4568118776471051,0.4368425978205161,0.41341600814651785
neutral_bottleneck_mutable,14041,310,25,7.143568812050737,0.0800218819227448,0.4008589551634655,False,0.5366454642365884,0.4568118776471051,0.4368425978205161,0.41341600814651785
neutral_bottleneck_mutable,14041,315,25,7.2599504382160225,0.0800218819227448,0.4008589551634655,False,0.5366454642365884,0.4568118776471051,0.4368425978205161,0.41341600814651785
neutral_bottleneck_mutable,14041,320,25,7.454950438216022,0.0800218819227448,0.4008589551634655,False,0.5366454642365884,0.4568118776471051,0.4368425978205161,0.41341600814651785
neutral_bottleneck_mutable,14041,325,26,7.297911386159738,0.08039330898875963,0.4033315306613968,False,0.5368987003831194,0.4584213037707178,0.4296629041299335,0.41188793603231627
neutral_bottleneck_mutable,14041,330,27,7.114173080153411,0.07970020619959162,0.3982452066278929,False,0.5391548410574593,0.4583208195058955,0.433019793868659,0.4139459569621753
neutral_bottleneck_mutable,14041,335,27,7.252136043116373,0.07970020619959162,0.3982452066278929,False,0.5391548410574593,0.4583208195058955,0.433019793868659,0.4139459569621753
neutral_bottleneck_mutable,14041,339,27,7.32581218588665,0.08036559700267773,0.4059541214811053,False,0.5354297869762475,0.448862412135881,0.42872210294732577,0.4129069265805367
neutral_bottleneck_mutable,14057,0,72,6.9875585876320265,0.09705841422764383,0.9999999999999998,False,0.47893779041722584,0.47640496325863,0.44314137186454905,0.44074245233944964
neutral_bottleneck_mutable,14057,5,79,7.0966083487933735,0.09637777477615152,0.9929724521564699,False,0.4828673325373729,0.47704523827228523,0.439126021770871,0.4344355289372957
neutral_bottleneck_mutable,14057,10,88,7.22764909094418,0.09720883568296303,0.9865949726306101,False,0.48764443027357446,0.47587580180510786,0.43694015163634015,0.429044784690822
neutral_bottleneck_mutable,14057,15,91,6.993913213982655,0.0978808015491776,0.9857359293893846,False,0.48969696601261475,0.4734045917427014,0.4377014281079937,0.42994418806580587
neutral_bottleneck_mutable,14057,20,96,6.622426243096655,0.09843268691272249,0.9769274358576022,False,0.4912931287666646,0.46811776956182816,0.4429943710784847,0.4331007290911459
neutral_bottleneck_mutable,14057,25,97,6.266421402859968,0.09829480128346466,0.9748596470409416,False,0.49171339371308176,0.4678938737212934,0.4428648856013762,0.43143595839003274
neutral_bottleneck_mutable,14057,30,96,6.003062298425353,0.09871164466403677,0.9659700076302267,False,0.4928236657245979,0.4675385279949031,0.44319632673719833,0.4311696359819484
neutral_bottleneck_mutable,14057,35,96,5.724174728964225,0.09924333922345287,0.9613189389693444,False,0.4928618369906874,0.46824564328907176,0.44011286986307513,0.4295618837034138
neutral_bottleneck_mutable,14057,40,96,5.473533463835984,0.09890285255429118,0.9600444645666519,False,0.492134127177585,0.4686268804627967,0.44098012558652905,0.4297799380063299
neutral_bottleneck_mutable,14057,45,95,5.358681669769719,0.09896797529006313,0.9537211676965242,False,0.4913047573276295,0.46826726119447243,0.43791509868808576,0.42915700731420575
neutral_bottleneck_mutable,14057,50,94,5.207556463829707,0.09926331050201258,0.9500648891472038,False,0.4910918752616326,0.46853943904397294,0.43645856731054833,0.42916146653654236
neutral_bottleneck_mutable,14057,55,96,4.899900225648322,0.09984795028349869,0.9451386218746712,False,0.49140612874269723,0.4659824972958919,0.4391501139362836,0.4298678433543359
neutral_bottleneck_mutable,14057,60,95,4.705387393953948,0.0996370575326446,0.9414045785932514,False,0.49256019620397845,0.46458794524471264,0.43854653598317445,0.4283772087966113
neutral_bottleneck_mutable,14057,65,93,4.595672578907972,0.09979270352631367,0.9337752670093672,False,0.49423902492711336,0.46230036453047263,0.4384221129475362,0.4270128917077216
neutral_bottleneck_mutable,14057,70,89,4.635299594389751,0.09893714294402967,0.9214716544959854,False,0.49784182827390117,0.45918381548650833,0.4392999359703727,0.4289634854003711
neutral_bottleneck_mutable,14057,75,89,4.3925934861795675,0.09989098144552508,0.9155620302834682,False,0.4998168919457828,0.4586570887459047,0.4346088702758515,0.4290042296677173
neutral_bottleneck_mutable,14057,80,85,4.3949141030780465,0.09902251256646054,0.9053862767607678,False,0.5040456145595271,0.45700698274729956,0.43440954271669124,0.4267924005239906
neutral_bottleneck_mutable,14057,85,83,4.325102270861415,0.10010302057532516,0.8852772764367909,False,0.5080636522017259,0.45649543973754175,0.43492736776005136,0.43042300602000316
neutral_bottleneck_mutable,14057,90,80,4.354937047924011,0.10102377631732178,0.8684478813781816,False,0.5068662593392543,0.45391063043593805,0.42982996594047307,0.4272796399087431
neutral_bottleneck_mutable,14057,95,78,4.301577822320104,0.10170249975009707,0.8561433538129727,False,0.5076213747248424,0.45471424090147294,0.4347840300716446,0.4286650044911418
neutral_bottleneck_mutable,14057,100,74,4.405515292726527,0.10240781236690502,0.835046109150193,False,0.5085325556972292,0.45245957862184927,0.4331930462456247,0.42973738040970083
neutral_bottleneck_mutable,14057,105,73,4.327505579009183,0.10180637869269463,0.8339577888408367,False,0.5076649139945205,0.4515408981294996,0.43598859077739316,0.43224982831888004
neutral_bottleneck_mutable,14057,110,75,4.115283139861401,0.10383664116196538,0.8274130328654841,False,0.5076657946705103,0.4460646277531619,0.434199947647361,0.43223520226582735
neutral_bottleneck_mutable,14057,115,72,4.1466497284178105,0.10324993362227758,0.8147810302973707,False,0.5096524539979419,0.44215582025593886,0.43651401787519584,0.4300779211159755
neutral_bottleneck_mutable,14057,120,71,4.067529897931403,0.10317308442027943,0.8089019514401694,False,0.5077909728965584,0.4411964912938371,0.4385207336081966,0.43095467675710886
neutral_bottleneck_mutable,14057,125,69,4.0495131253861905,0.10299918936057595,0.7970110222512663,False,0.5040075461541823,0.4380352497833263,0.43963921603092043,0.4300687011952438
neutral_bottleneck_mutable,14057,130,65,4.2067943664903416,0.10436080069586481,0.7711678288251684,False,0.5031458198677848,0.4368310599714925,0.43610609743833234,0.4285710667531588
neutral_bottleneck_mutable,14057,135,63,4.2895837472572955,0.10581554837904406,0.7518449966873167,False,0.5038171536031792,0.431002001487009,0.42929678507298974,0.42670152383409676
neutral_bottleneck_mutable,14057,140,62,4.315729100765075,0.10583932801536908,0.7446047855706429,False,0.506063668350419,0.43164684698175637,0.4284085668745967,0.4247936847706398
neutral_bottleneck_mutable,14057,145,62,4.291397297059025,0.10583932801536908,0.7446047855706429,False,0.506063668350419,0.43164684698175637,0.4284085668745967,0.4247936847706398
neutral_bottleneck_mutable,14057,150,59,4.539034925218382,0.106740967945017,0.7217993431738022,False,0.5058423008565651,0.4287443414811285,0.423800288115904,0.42128718965095835
neutral_bottleneck_mutable,14057,155,58,4.682210393848656,0.10571015770827324,0.7082195816684558,False,0.5029151212289783,0.42411915849035686,0.43177096036920287,0.4243415756900328
neutral_bottleneck_mutable,14057,160,58,4.695679845059431,0.10448132115758693,0.6966458942078606,False,0.5004891537321625,0.4231813177398615,0.43179727459481404,0.42596090500828965
neutral_bottleneck_mutable,14057,165,56,4.847955847685439,0.10429202350770335,0.679412192475173,False,0.5044851561186923,0.42043394948116886,0.44071602177726765,0.42616136648509617
neutral_bottleneck_mutable,14057,170,54,5.021908188755146,0.10343760821760022,0.661211280999701,False,0.5091700061076935,0.41430064723408616,0.4381090944533097,0.430296772156198
neutral_bottleneck_mutable,14057,175,53,5.115351232021031,0.10406032130302147,0.6406790676132066,False,0.515728749211983,0.41299730146746305,0.4423231173016638,0.4306991525161689
neutral_bottleneck_mutable,14057,179,54,5.100241607099905,0.10521181044486334,0.6373255352903446,False,0.5144564078287217,0.4082752448003679,0.44461513604544256,0.43257497991692906
neutral_bottleneck_mutable,14057,180,5,5.490921914077168,0.0902134889362281,0.3763300355100876,False,0.54744550146775,0.333435983512754,0.4967132322171393,0.48013398744863134
neutral_bottleneck_mutable,14057,185,5,7.665921914077165,0.0902134889362281,0.3763300355100876,False,0.54744550146775,0.333435983512754,0.4967132322171393,0.48013398744863134
neutral_bottleneck_mutable,14057,190,6,7.906601595064306,0.08923221851065238,0.364936229672398,False,0.5302619580207697,0.3386332738352131,0.4743540949771081,0.48712822090489816
neutral_bottleneck_mutable,14057,195,7,7.934229938626548,0.08854604573645194,0.3623911717089513,False,0.5428783798555579,0.34642971302002806,0.4924120804312923,0.49832118101504286
neutral_bottleneck_mutable,14057,200,8,8.019326196298229,0.08767980397943365,0.36467217988452516,False,0.5326499786721036,0.331583896116142,0.5038752426840455,0.5024771637665064
neutral_bottleneck_mutable,14057,205,10,7.429460957038583,0.08742738527873786,0.3763300355100876,False,0.5366822348609436,0.34288058146591927,0.49228665658578336,0.48987596137008466
neutral_bottleneck_mutable,14057,210,10,8.534460957038583,0.08742738527873786,0.3763300355100876,False,0.5366822348609436,0.34288058146591927,0.49228665658578336,0.48987596137008466
neutral_bottleneck_mutable,14057,215,11,8.464964506398712,0.08993695667420185,0.3727592135447766,False,0.5445959224159561,0.34973191532088155,0.49901174137917326,0.4713987118672488
neutral_bottleneck_mutable,14057,220,12,8.378300797532154,0.09106917630557682,0.37155739329484166,False,0.5562008546136675,0.3595466831065617,0.5041160110023583,0.47799931417740943
neutral_bottleneck_mutable,14057,225,13,8.260739197721986,0.09286335198439051,0.37204109914523953,False,0.5471219287575239,0.35306213511148127,0.49073173017743077,0.48078899687329096
neutral_bottleneck_mutable,14057,230,14,8.094257826456131,0.09294781611715376,0.3737417379188547,False,0.5411504036706632,0.34483028123747744,0.4989122090453106,0.48533994123693924
neutral_bottleneck_mutable,14057,235,15,7.934640638025718,0.09225106158443876,0.3710331046121327,False,0.533487864113047,0.34770965184894853,0.4916806270358482,0.4877386499732964
neutral_bottleneck_mutable,14057,240,16,7.737475598149112,0.0911170848191345,0.3746039253181906,False,0.5367748675757915,0.348915866685762,0.4834686282063215,0.49107216498905804
neutral_bottleneck_mutable,14057,245,17,7.536447621787399,0.09186579649210871,0.37394110554396176,False,0.5431713485749126,0.35289698975784517,0.4864220093592324,0.48136264683617197
neutral_bottleneck_mutable,14057,250,17,7.770271151199162,0.09186579649210871,0.37394110554396176,False,0.5431713485749126,0.35289698975784517,0.4864220093592324,0.48136264683617197
neutral_bottleneck_mutable,14057,255,17,8.004094680610928,0.09186579649210871,0.37394110554396176,False,0.5431713485749126,0.35289698975784517,0.4864220093592324,0.48136264683617197
neutral_bottleneck_mutable,14057,260,18,7.761089420576988,0.09137003729829155,0.37411651421948683,False,0.5403779455788285,0.3554607967250405,0.4824979833654726,0.4894777862826278
neutral_bottleneck_mutable,14057,265,20,7.120480478519288,0.09102215092890062,0.3763300355100876,False,0.5431576029078203,0.35444268828726644,0.49270731918564364,0.4914714790326335
neutral_bottleneck_mutable,14057,270,20,7.232980478519286,0.09102215092890062,0.3763300355100876,False,0.5431576029078203,0.35444268828726644,0.49270731918564364,0.4914714790326335
neutral_bottleneck_mutable,14057,275,20,7.345480478519285,0.09102215092890062,0.3763300355100876,False,0.5431576029078203,0.35444268828726644,0.49270731918564364,0.4914714790326335
neutral_bottleneck_mutable,14057,280,21,7.086409979542175,0.09330640609638585,0.3753154010519877,False,0.5356605925541817,0.35021674948449677,0.48318601879389755,0.49264459586334874
neutral_bottleneck_mutable,14057,285,21,7.166171884304079,0.09330640609638585,0.3753154010519877,False,0.5356605925541817,0.35021674948449677,0.48318601879389755,0.49264459586334874
neutral_bottleneck_mutable,14057,290,20,6.949243278519283,0.09602766585937197,0.37337596413551605,False,0.5397967779993272,0.35562195054440604,0.49270768869926745,0.4811037847627214
neutral_bottleneck_mutable,14057,295,21,6.7254697890659845,0.09714326430349945,0.37250199974287196,False,0.5373439937274235,0.3464549958472985,0.49475169869234054,0.4865971814712676
neutral_bottleneck_mutable,14057,300,21,6.805231693827888,0.09714326430349945,0.37250199974287196,False,0.5373439937274235,0.3464549958472985,0.49475169869234054,0.4865971814712676
neutral_bottleneck_mutable,14057,305,21,6.884993598589792,0.09714326430349945,0.37250199974287196,False,0.5373439937274235,0.3464549958472985,0.49475169869234054,0.4865971814712676
neutral_bottleneck_mutable,14057,310,21,6.9647555033516975,0.09714326430349945,0.37250199974287196,False,0.5373439937274235,0.3464549958472985,0.49475169869234054,0.4865971814712676
neutral_bottleneck_mutable,14057,315,21,7.0445174081136,0.09714326430349945,0.37250199974287196,False,0.5373439937274235,0.3464549958472985,0.49475169869234054,0.4865971814712676
neutral_bottleneck_mutable,14057,320,21,7.124279312875504,0.09714326430349945,0.37250199974287196,False,0.5373439937274235,0.3464549958472985,0.49475169869234054,0.4865971814712676
neutral_bottleneck_mutable,14057,325,21,7.204041217637408,0.09714326430349945,0.37250199974287196,False,0.5373439937274235,0.3464549958472985,0.49475169869234054,0.4865971814712676
neutral_bottleneck_mutable,14057,330,21,7.283803122399312,0.09714326430349945,0.37250199974287196,False,0.5373439937274235,0.3464549958472985,0.49475169869234054,0.4865971814712676
neutral_bottleneck_mutable,14057,335,22,7.007948435017522,0.09609545781204279,0.37489931658408276,False,0.5384157556057961,0.34979572061586006,0.49127521034881627,0.4910634049381856
neutral_bottleneck_mutable,14057,339,23,6.7415158943645865,0.09596576315853575,0.3749816813259236,False,0.5440862393666068,0.3529107521504159,0.49375612705987854,0.49550400087373586
neutral_bottleneck_mutable,14071,0,72,7.053466945555926,0.0989971481544388,0.9999999999999998,False,0.4714242046808089,0.4703354470927203,0.4240426362597484,0.44715836365023914
neutral_bottleneck_mutable,14071,5,77,7.23401923086093,0.10154249469489193,0.9946500823575938,False,0.47590922640921013,0.46619295726886156,0.42406573463442554,0.44001137031634174
neutral_bottleneck_mutable,14071,10,86,6.994989875847434,0.10265054154291019,0.9873548862062541,False,0.48189720743211323,0.46853414506483304,0.42355736578254,0.44467153243277907
neutral_bottleneck_mutable,14071,15,94,6.60904756096853,0.1025644620439217,0.9804277542951737,False,0.48520254484066994,0.46585388481798534,0.42058861561470634,0.44167568190171425
neutral_bottleneck_mutable,14071,20,98,6.229604730432954,0.10278791794538654,0.9769770951650852,False,0.48667061613054396,0.4641659061852179,0.41762677440578905,0.4445623680762094
neutral_bottleneck_mutable,14071,25,99,6.151329098211967,0.10251710640902653,0.9744022472810272,False,0.4879461640034989,0.46396198733667837,0.4182134186715085,0.4446406247862258
neutral_bottleneck_mutable,14071,30,101,5.853730092012498,0.10241584427417226,0.9703809116953016,False,0.4872446679742566,0.46408511991125356,0.41743281827611917,0.44711929618523966
neutral_bottleneck_mutable,14071,35,102,5.570314480925552,0.10199709764322873,0.9705729369028757,False,0.48675212855069744,0.4636989252963029,0.41693258829444974,0.4470821923693019
neutral_bottleneck_mutable,14071,40,103,5.227587762920565,0.10182722722714031,0.967413385255404,False,0.4880948795899254,0.4635151163166397,0.41738706754100796,0.44785421315277313
neutral_bottleneck_mutable,14071,45,103,4.924556358079555,0.10182722722714031,0.967413385255404,False,0.4880948795899254,0.4635151163166397,0.41738706754100796,0.44785421315277313
neutral_bottleneck_mutable,14071,50,103,4.626882203180732,0.10182722722714031,0.967413385255404,False,0.4880948795899254,0.4635151163166397,0.41738706754100796,0.44785421315277313
neutral_bottleneck_mutable,14071,55,104,4.307761247140187,0.10313774207033863,0.9657337049712965,False,0.4882364577468396,0.46314410692056257,0.41716133082447754,0.4519843733498288
neutral_bottleneck_mutable,14071,60,88,4.77724056480204,0.10262540717492348,0.9048082632257403,False,0.5035036639361206,0.45253148842576985,0.41232137920197115,0.44502513985065933
neutral_bottleneck_mutable,14071,65,87,4.592870916121603,0.10281850709224682,0.8835432601971974,False,0.5110315152178692,0.4512955803139131,0.4102545045772764,0.4492774927294992
neutral_bottleneck_mutable,14071,70,80,4.763866760325941,0.10273920346881653,0.8620234139495901,False,0.5141671156902489,0.44382967362261416,0.41167100728196965,0.4496011471828368
neutral_bottleneck_mutable,14071,75,74,4.957622868562335,0.10133865653359507,0.8393699788949315,False,0.5132793515835362,0.43872313852815,0.4087329677233588,0.4522130566856176
neutral_bottleneck_mutable,14071,80,72,4.929084614911288,0.10117898385755639,0.8221220274373452,False,0.5192642079975598,0.4394288536484734,0.40879245035173284,0.4526980032432075
neutral_bottleneck_mutable,14071,85,71,4.851043553149474,0.09945280970581714,0.8060069449349215,False,0.5232096697232971,0.4409024427203849,0.40462081531165933,0.4558008470048248
neutral_bottleneck_mutable,14071,90,69,4.8496795981683,0.09881816624396299,0.7984953952746193,False,0.5269285226191412,0.443514619797957,0.40157664600997833,0.45671915423618153
neutral_bottleneck_mutable,14071,95,69,4.705041917008877,0.09923342827545031,0.7900165839354097,False,0.5305832761161375,0.44033351222559186,0.39918660620143276,0.4606717647013182
neutral_bottleneck_mutable,14071,100,68,4.652069004023715,0.09917289363006082,0.7836613459456493,False,0.5293201821503604,0.43813604942838796,0.3999943552704752,0.46040356196687166
neutral_bottleneck_mutable,14071,105,66,4.671834427175542,0.09802970692391191,0.7705302058660103,False,0.5311924171302576,0.43480337306855876,0.394826935214542,0.4571235187664946
neutral_bottleneck_mutable,14071,110,61,4.967227413009605,0.09341220678306397,0.7389792434694958,False,0.5361377478041593,0.4312450980999094,0.38668869212125023,0.45789315584071927
neutral_bottleneck_mutable,14071,115,61,4.887195431685012,0.09352362564953083,0.7389792434694958,False,0.536695699508188,0.43070076729760387,0.38632692403710966,0.45746126320689817
neutral_bottleneck_mutable,14071,120,61,4.808097071029275,0.09352362564953083,0.7389792434694958,False,0.536695699508188,0.43070076729760387,0.38632692403710966,0.45746126320689817
neutral_bottleneck_mutable,14071,125,59,4.896901546331962,0.09462981850209401,0.736092579129766,False,0.5365645734587852,0.42950436241360707,0.38832808480947434,0.4564422298783859
neutral_bottleneck_mutable,14071,130,59,4.844146798887892,0.09536491738174668,0.740470370561208,False,0.5370019958195866,0.43105715620565793,0.3845015638842109,0.4564920031419583
neutral_bottleneck_mutable,14071,135,59,4.789316290413317,0.09534268491836097,0.7285247385968049,False,0.5409131548811819,0.43102287103141335,0.3857935114491399,0.4540795855081968
neutral_bottleneck_mutable,14071,140,57,4.905441914638344,0.09456646446863212,0.7182561298654186,False,0.5450301015995322,0.4317097770788691,0.3836032208381058,0.4597185644094506
neutral_bottleneck_mutable,14071,145,54,5.1501706378305006,0.09300488959460475,0.7087388347764495,False,0.5503901575626521,0.4294923499838925,0.38312817628688406,0.45104903987356126
neutral_bottleneck_mutable,14071,150,52,5.3319016623624425,0.09008500596869387,0.6912989991101329,False,0.5545956797937319,0.43368380595788353,0.3785080200609207,0.4563298395851048
neutral_bottleneck_mutable,14071,155,52,5.3492093546701325,0.09008500596869387,0.6912989991101329,False,0.5545956797937319,0.43368380595788353,0.3785080200609207,0.4563298395851048
neutral_bottleneck_mutable,14071,160,51,5.477121840398954,0.08943748113551671,0.680639655379915,False,0.5576208848255143,0.43339548548507817,0.3758810612440751,0.44957980503934647
neutral_bottleneck_mutable,14071,165,51,5.486989003309961,0.08790968452062878,0.6755242645246362,False,0.5601172090415109,0.4349013461935099,0.3787610110182591,0.44529498318489286
neutral_bottleneck_mutable,14071,170,51,5.505126258211921,0.08790968452062878,0.6755242645246362,False,0.5601172090415109,0.4349013461935099,0.3787610110182591,0.44529498318489286
neutral_bottleneck_mutable,14071,175,52,5.412623830169384,0.08724755011670847,0.6706367653978389,False,0.560770754550325,0.43466076082223715,0.380186014958418,0.44497886021035743
neutral_bottleneck_mutable,14071,179,51,5.495812532721722,0.0877687899939133,0.6611302006824644,False,0.5619636800563715,0.4338419838405451,0.3794893929383297,0.4438658316880996
neutral_bottleneck_mutable,14071,180,4,4.470725141062017,0.06787553307865522,0.2431147865896834,False,0.5535188749684747,0.39972820897539213,0.41024938400993827,0.4849744465863549
neutral_bottleneck_mutable,14071,185,4,6.633225141062015,0.06787553307865522,0.2431147865896834,False,0.5535188749684747,0.39972820897539213,0.41024938400993827,0.4849744465863549
neutral_bottleneck_mutable,14071,190,4,8.133225141062015,0.06787553307865522,0.2431147865896834,False,0.5535188749684747,0.39972820897539213,0.41024938400993827,0.4849744465863549
neutral_bottleneck_mutable,14071,195,5,7.696580112849612,0.06361652664627691,0.22219890746389762,False,0.5388337092153026,0.3972626666490694,0.41646248270601716,0.4773208898497339
neutral_bottleneck_mutable,14071,200,6,7.290483427374678,0.06476284660655397,0.23649362296723983,False,0.5207883405764692,0.39946482443604664,0.4383850723032472,0.4788104288884918
neutral_bottleneck_mutable,14071,205,7,6.885414366321151,0.0718771944349606,0.25229750881881563,False,0.5256466076871712,0.4063377148623597,0.40727455188388983,0.49620041954643007
neutral_bottleneck_mutable,14071,210,7,7.488985794892579,0.0718771944349606,0.25229750881881563,False,0.5256466076871712,0.4063377148623597,0.40727455188388983,0.49620041954643007
neutral_bottleneck_mutable,14071,215,7,8.092557223464008,0.0718771944349606,0.25229750881881563,False,0.5256466076871712,0.4063377148623597,0.40727455188388983,0.49620041954643007
neutral_bottleneck_mutable,14071,220,8,7.565987570531006,0.07340137606216496,0.2530465320233488,False,0.5136816202138945,0.3929328058079422,0.4152670912534019,0.49389165307644567
neutral_bottleneck_mutable,14071,225,8,8.022237570531004,0.07340137606216496,0.2530465320233488,False,0.5136816202138945,0.3929328058079422,0.4152670912534019,0.49389165307644567
neutral_bottleneck_mutable,14071,230,9,7.53643339602756,0.07437411842707853,0.25688521341031656,False,0.5170135246923371,0.4000598494371214,0.39546862031310326,0.4999561007033658
neutral_bottleneck_mutable,14071,235,9,7.878100062694226,0.07437411842707853,0.25688521341031656,False,0.5170135246923371,0.4000598494371214,0.39546862031310326,0.4999561007033658
neutral_bottleneck_mutable,14071,240,9,8.219766729360892,0.07437411842707853,0.25688521341031656,False,0.5170135246923371,0.4000598494371214,0.39546862031310326,0.4999561007033658
neutral_bottleneck_mutable,14071,245,9,8.56143339602756,0.07437411842707853,0.25688521341031656,False,0.5170135246923371,0.4000598494371214,0.39546862031310326,0.4999561007033658
neutral_bottleneck_mutable,14071,250,9,8.903100062694225,0.07437411842707853,0.25688521341031656,False,0.5170135246923371,0.4000598494371214,0.39546862031310326,0.4999561007033658
neutral_bottleneck_mutable,14071,255,10,8.274290056424801,0.0719485054173121,0.2546142123425221,False,0.5185448547535207,0.39954587208091785,0.401577339776502,0.4928332491323304
neutral_bottleneck_mutable,14071,260,10,8.5242900564248,0.0719485054173121,0.2546142123425221,False,0.5185448547535207,0.39954587208091785,0.401577339776502,0.4928332491323304
neutral_bottleneck_mutable,14071,265,10,8.7742900564248,0.0719485054173121,0.2546142123425221,False,0.5185448547535207,0.39954587208091785,0.401577339776502,0.4928332491323304
neutral_bottleneck_mutable,14071,270,10,9.0242900564248,0.0719485054173121,0.2546142123425221,False,0.5185448547535207,0.39954587208091785,0.401577339776502,0.4928332491323304
neutral_bottleneck_mutable,14071,275,10,9.2742900564248,0.0719485054173121,0.2546142123425221,False,0.5185448547535207,0.39954587208091785,0.401577339776502,0.4928332491323304
neutral_bottleneck_mutable,14071,280,10,9.5242900564248,0.0719485054173121,0.2546142123425221,False,0.5185448547535207,0.39954587208091785,0.401577339776502,0.4928332491323304
neutral_bottleneck_mutable,14071,285,10,9.7742900564248,0.0719485054173121,0.2546142123425221,False,0.5185448547535207,0.39954587208091785,0.401577339776502,0.4928332491323304
neutral_bottleneck_mutable,14071,290,10,8.836311917544801,0.06911410955558565,0.2546142123425221,False,0.5175541543741004,0.39847979956164015,0.40961037030287645,0.4931286646385282
neutral_bottleneck_mutable,14071,295,11,8.228919925040728,0.06915924863120865,0.25488537762250585,False,0.5113104763029955,0.38926507198461097,0.41074318200256066,0.4968783093260934
neutral_bottleneck_mutable,14071,300,11,8.403919925040727,0.06915924863120865,0.25488537762250585,False,0.5113104763029955,0.38926507198461097,0.41074318200256066,0.4968783093260934
neutral_bottleneck_mutable,14071,305,11,8.578919925040726,0.06915924863120865,0.25488537762250585,False,0.5113104763029955,0.38926507198461097,0.41074318200256066,0.4968783093260934
neutral_bottleneck_mutable,14071,310,9,8.472818804027558,0.07147285628616704,0.25688521341031656,False,0.511139453016807,0.3942237545496618,0.3952346303903822,0.5045359448306217
neutral_bottleneck_mutable,14071,315,9,8.814485470694223,0.07147285628616704,0.25688521341031656,False,0.511139453016807,0.3942237545496618,0.3952346303903822,0.5045359448306217
neutral_bottleneck_mutable,14071,320,10,8.2175369236248,0.07088942330611304,0.2546142123425221,False,0.5227568231796147,0.3959770457587184,0.3997229809947154,0.5000069850409874
neutral_bottleneck_mutable,14071,325,11,7.697760839658909,0.07334880031397031,0.25488537762250585,False,0.532287606158979,0.40226677881065115,0.38649763416025523,0.5069027827718844
neutral_bottleneck_mutable,14071,330,11,7.872760839658909,0.07334880031397031,0.25488537762250585,False,0.532287606158979,0.40226677881065115,0.38649763416025523,0.5069027827718844
neutral_bottleneck_mutable,14071,335,11,8.047760839658906,0.07334880031397031,0.25488537762250585,False,0.532287606158979,0.40226677881065115,0.38649763416025523,0.5069027827718844
neutral_bottleneck_mutable,14071,339,12,7.505447436353999,0.07243641903065298,0.251961761119364,False,0.5322721546020812,0.3992234719543227,0.3900022140117354,0.4978270738017174
neutral_bottleneck_mutable,14087,0,72,6.951310958926473,0.10284199910174317,0.9999999999999998,False,0.46965868035735714,0.4723617652377703,0.4301976807398822,0.43405516492840124
neutral_bottleneck_mutable,14087,5,77,6.928706006355857,0.10200554473574167,0.9946500823575938,False,0.4720873727762113,0.4712061955284427,0.4294273753874294,0.4331396670435105
neutral_bottleneck_mutable,14087,10,85,7.3995888557602925,0.1033375951706265,0.989235457768083,False,0.47339259028550595,0.4624099134598628,0.43076278781172606,0.4302583896984523
neutral_bottleneck_mutable,14087,15,94,7.124769364983779,0.10608341118885437,0.9812730092256983,False,0.4771360390429973,0.4581693947125385,0.43166838392171936,0.4219324718989517
neutral_bottleneck_mutable,14087,20,97,6.780305329114016,0.10799666595151701,0.9756787600663986,False,0.4821109953231855,0.45665614159838497,0.43565952520129037,0.4193974816187876
neutral_bottleneck_mutable,14087,25,100,6.507886119143646,0.10885131171960877,0.9746732234642078,False,0.48297237588791525,0.45581961453045905,0.4301821918998246,0.4237423023645042
neutral_bottleneck_mutable,14087,30,101,6.340220069731159,0.10871886990814882,0.9748017294323781,False,0.4829090904082155,0.45504093415675617,0.4311393220512853,0.4251304204361653
neutral_bottleneck_mutable,14087,35,101,6.075583595649846,0.10871886990814882,0.9748017294323781,False,0.4829090904082155,0.45504093415675617,0.4311393220512853,0.4251304204361653
neutral_bottleneck_mutable,14087,40,102,5.77891424060399,0.10906603393937704,0.9723927178619493,False,0.485001037333602,0.4547992530573892,0.4327961475545552,0.4246761563168832
neutral_bottleneck_mutable,14087,45,102,5.507385143088645,0.10906603393937704,0.9723927178619493,False,0.485001037333602,0.4547992530573892,0.4327961475545552,0.4246761563168832
neutral_bottleneck_mutable,14087,50,104,5.1201359215765425,0.10889844303415763,0.9696797524625976,False,0.48514112444923424,0.4535198973184277,0.43075329732766693,0.42680907826788117
neutral_bottleneck_mutable,14087,55,102,4.981353568928605,0.1079455075297137,0.9660367757288855,False,0.4798636136971583,0.4551939999352937,0.4329631664872767,0.4295048240009659
neutral_bottleneck_mutable,14087,60,96,5.04554897818828,0.10805478704617393,0.9526758445139027,False,0.4804324035911953,0.44743049733088475,0.4356354110256682,0.4308271727467116
neutral_bottleneck_mutable,14087,65,96,4.830991401864835,0.10805478704617393,0.9526758445139027,False,0.4804324035911953,0.44743049733088475,0.4356354110256682,0.4308271727467116
neutral_bottleneck_mutable,14087,70,93,4.767985454322296,0.10813423383600283,0.9415556258627672,False,0.479258342882517,0.4424510836604366,0.43603771042254375,0.4309589174065097
neutral_bottleneck_mutable,14087,75,87,4.908316373004814,0.10820753925303914,0.9215294510366169,False,0.4807085206537476,0.4352898092640821,0.43922976519795576,0.4312609918181518
neutral_bottleneck_mutable,14087,80,84,4.8974795646578695,0.10827052607727215,0.905082315430696,False,0.48273067139934395,0.4281563751351315,0.43681632284298433,0.43336581684743614
neutral_bottleneck_mutable,14087,85,84,4.728705266798848,0.10738371061756495,0.905082315430696,False,0.4789961846831287,0.4242290974013816,0.43699829580654415,0.43728718950511064
neutral_bottleneck_mutable,14087,90,83,4.597980538105634,0.10717342126505319,0.9007040998927267,False,0.4768027932940383,0.42138876608258974,0.4378629641798735,0.4367916134371531
neutral_bottleneck_mutable,14087,95,80,4.60082537436878,0.10738885366148827,0.8911776571579744,False,0.4817022989983504,0.4212189052869916,0.4347948070973834,0.43687813301158507
neutral_bottleneck_mutable,14087,100,79,4.484979968900383,0.10849038863864907,0.8832447095478159,False,0.48469437081096894,0.41276990171931166,0.432809064384421,0.4339389755693266
neutral_bottleneck_mutable,14087,105,76,4.518719725872894,0.10864216769003915,0.8746021074056427,False,0.48687982822206494,0.4085452177233823,0.4334085105791356,0.4345030725535116
neutral_bottleneck_mutable,14087,110,73,4.578276635938259,0.10796929086008847,0.8595120947209484,False,0.4931535423077764,0.406831306986219,0.43089432816131307,0.43405400716736947
neutral_bottleneck_mutable,14087,115,71,4.574208306194505,0.10742941445034172,0.8535337606124631,False,0.49168156012118547,0.404707488775216,0.43513521818241946,0.4361153335488708
neutral_bottleneck_mutable,14087,120,68,4.698177926644186,0.1070098581425662,0.8400891746640677,False,0.48979087629695733,0.4021653898091473,0.43352113171125634,0.44078990293016757
neutral_bottleneck_mutable,14087,125,67,4.7098512788769265,0.1051728440041159,0.835319571547529,False,0.4882513701510944,0.3998317516515963,0.42996840253327623,0.4437276795596786
neutral_bottleneck_mutable,14087,130,66,4.735876848806496,0.10532324403029192,0.8344745517619212,False,0.48987795891879593,0.3982798912949361,0.428313167633265,0.444211364937783
neutral_bottleneck_mutable,14087,135,64,4.832974135846534,0.10504133494752886,0.8227424372188745,False,0.489299271679423,0.3954011878001643,0.43082915796149507,0.44530517811251225
neutral_bottleneck_mutable,14087,140,62,4.973229312373026,0.10561450476256626,0.8189723333799704,False,0.48890132091040295,0.394335286864881,0.4350008286027099,0.44479677297500675
neutral_bottleneck_mutable,14087,145,63,4.87551888952503,0.10646595231379652,0.8086584473274462,False,0.4900995352049008,0.3971006952614877,0.4282684749858427,0.4467583399290917
neutral_bottleneck_mutable,14087,150,61,5.022986929721744,0.10742650428317142,0.8031849207862464,False,0.4931157668597475,0.3979761590995471,0.4263329631404388,0.4476440778630561
neutral_bottleneck_mutable,14087,155,61,5.001308275232724,0.10870366436429187,0.7978709363799146,False,0.49442425360159925,0.3932356071639206,0.42320963099304526,0.44532111854601175
neutral_bottleneck_mutable,14087,160,61,4.97371195631692,0.10870366436429187,0.7978709363799146,False,0.49442425360159925,0.3932356071639206,0.42320963099304526,0.44532111854601175
neutral_bottleneck_mutable,14087,165,62,4.855489584160369,0.10723021899517218,0.7971063072084156,False,0.4917373047781823,0.3881077224095088,0.42405645222628197,0.4468130348535815
neutral_bottleneck_mutable,14087,170,61,4.894168557931275,0.10707755681891672,0.7958652061723988,False,0.4944967036401685,0.38920357739625616,0.4220089930216399,0.44713140295864284
neutral_bottleneck_mutable,14087,175,59,5.036624109715222,0.10680794367977241,0.7999482917191977,False,0.49489052892300806,0.39336613901749823,0.4227644060517611,0.4467126959706587
neutral_bottleneck_mutable,14087,179,59,5.021755151738784,0.10680794367977241,0.7999482917191977,False,0.49489052892300806,0.39336613901749823,0.4227644060517611,0.4467126959706587
neutral_bottleneck_mutable,14087,180,3,5.266157692148556,0.08858265827654546,0.25688521341031656,False,0.6115404509169197,0.3825684667251384,0.41787616261591315,0.3743944572643669
neutral_bottleneck_mutable,14087,185,3,6.875315249798356,0.08858265827654546,0.25688521341031656,False,0.6115404509169197,0.3825684667251384,0.41787616261591315,0.3743944572643669
neutral_bottleneck_mutable,14087,190,4,6.523354605586116,0.08148946095423053,0.2431147865896834,False,0.5852833639942775,0.3897736189252609,0.3995547051825858,0.37259022758747484
neutral_bottleneck_mutable,14087,195,4,7.723972773823466,0.08148946095423053,0.2431147865896834,False,0.5852833639942775,0.3897736189252609,0.3995547051825858,0.37259022758747484
neutral_bottleneck_mutable,14087,200,5,7.116672753648652,0.08502222998532775,0.24666881599558974,False,0.6129609029921823,0.39617736325255415,0.43946415096240876,0.3655833353903429
neutral_bottleneck_mutable,14087,205,5,7.8474145555334704,0.08502222998532775,0.24666881599558974,False,0.6129609029921823,0.39617736325255415,0.43946415096240876,0.3655833353903429
neutral_bottleneck_mutable,14087,210,6,7.244090908436127,0.08218563150006643,0.23649362296723977,False,0.5933189416547444,0.40346261386008053,0.4274533828256936,0.3723566562544596
neutral_bottleneck_mutable,14087,215,6,7.852836353927692,0.08218563150006643,0.23649362296723977,False,0.5933189416547444,0.40346261386008053,0.4274533828256936,0.3723566562544596
neutral_bottleneck_mutable,14087,220,7,7.057201850283392,0.08472348007687808,0.25229750881881563,False,0.5949593940089594,0.3856907756284197,0.4107927055470682,0.35764339010978713
neutral_bottleneck_mutable,14087,225,8,6.445418337833406,0.08890218598085292,0.25304653202334887,False,0.6137459386755798,0.387751762376996,0.4404860798843397,0.35725949771989896
neutral_bottleneck_mutable,14087,230,8,6.544650326102365,0.08890218598085292,0.25304653202334887,False,0.6137459386755798,0.387751762376996,0.4404860798843397,0.35725949771989896
neutral_bottleneck_mutable,14087,235,8,6.643354221713901,0.08890218598085292,0.25304653202334887,False,0.6137459386755798,0.387751762376996,0.4404860798843397,0.35725949771989896
neutral_bottleneck_mutable,14087,240,9,6.0944186138216345,0.08917254839549228,0.2480569952470584,False,0.5962197149824866,0.39717425328678735,0.43100159169388863,0.3543112648713278
neutral_bottleneck_mutable,14087,245,9,6.118266521031888,0.08917254839549228,0.2480569952470584,False,0.5962197149824866,0.39717425328678735,0.43100159169388863,0.3543112648713278
neutral_bottleneck_mutable,14087,250,9,6.26914804888561,0.08917254839549228,0.2480569952470584,False,0.5962197149824866,0.39717425328678735,0.43100159169388863,0.3543112648713278
neutral_bottleneck_mutable,14087,255,10,5.834980511291988,0.09064503197299745,0.24666881599558974,False,0.6116494000546953,0.40089825660101,0.4504649188383216,0.35406250997435584
neutral_bottleneck_mutable,14087,260,10,5.913696360486277,0.09064503197299745,0.24666881599558974,False,0.6116494000546953,0.40089825660101,0.4504649188383216,0.35406250997435584
neutral_bottleneck_mutable,14087,265,10,5.934613369202095,0.09064503197299745,0.24666881599558974,False,0.6116494000546953,0.40089825660101,0.4504649188383216,0.35406250997435584
neutral_bottleneck_mutable,14087,270,11,5.414502592767141,0.08876940701134943,0.2422912511715282,False,0.599898171137123,0.4014488945489499,0.4426110398270601,0.3563813302952998
neutral_bottleneck_mutable,14087,275,11,5.433789728398311,0.08876940701134943,0.2422912511715282,False,0.599898171137123,0.4014488945489499,0.4426110398270601,0.3563813302952998
neutral_bottleneck_mutable,14087,280,10,6.030436139668863,0.08557473723598127,0.2205803226336682,False,0.5994077774374104,0.4136878093799995,0.4557892796222346,0.36508308400065453
neutral_bottleneck_mutable,14087,285,10,6.223059773316334,0.08557473723598127,0.2205803226336682,False,0.5994077774374104,0.4136878093799995,0.4557892796222346,0.36508308400065453
neutral_bottleneck_mutable,14087,290,10,6.415683406963801,0.08557473723598127,0.2205803226336682,False,0.5994077774374104,0.4136878093799995,0.4557892796222346,0.36508308400065453
neutral_bottleneck_mutable,14087,295,10,6.60830704061127,0.08557473723598127,0.2205803226336682,False,0.5994077774374104,0.4136878093799995,0.4557892796222346,0.36508308400065453
neutral_bottleneck_mutable,14087,300,10,6.74355430790621,0.08557473723598127,0.2205803226336682,False,0.5994077774374104,0.4136878093799995,0.4557892796222346,0.36508308400065453
neutral_bottleneck_mutable,14087,305,11,6.209859912302144,0.09066227731959571,0.2422912511715282,False,0.5983118010471256,0.396084252557678,0.43842064343610476,0.3642961398498995
neutral_bottleneck_mutable,14087,310,10,6.346055321149685,0.0883648048076563,0.2205803226336682,False,0.5946389138713386,0.408835026082751,0.4516579175879579,0.37119757257583874
neutral_bottleneck_mutable,14087,315,10,6.536723283128363,0.0883648048076563,0.2205803226336682,False,0.5946389138713386,0.408835026082751,0.4516579175879579,0.37119757257583874
neutral_bottleneck_mutable,14087,320,10,6.6680592070857205,0.0883648048076563,0.2205803226336682,False,0.5946389138713386,0.408835026082751,0.4516579175879579,0.37119757257583874
neutral_bottleneck_mutable,14087,325,10,6.799395131043077,0.0883648048076563,0.2205803226336682,False,0.5946389138713386,0.408835026082751,0.4516579175879579,0.37119757257583874
neutral_bottleneck_mutable,14087,330,10,6.930731055000434,0.0883648048076563,0.2205803226336682,False,0.5946389138713386,0.408835026082751,0.4516579175879579,0.37119757257583874
neutral_bottleneck_mutable,14087,335,11,6.335019419166458,0.09164348795255124,0.2422912511715282,False,0.5967709718444106,0.3923187404391186,0.4346673621751545,0.37059550418431114
neutral_bottleneck_mutable,14087,339,11,6.25978731753735,0.09164348795255124,0.2422912511715282,False,0.5967709718444106,0.3923187404391186,0.4346673621751545,0.37059550418431114
neutral_bottleneck_mutable,14101,0,72,6.974675534846759,0.10748523179283752,0.9999999999999998,False,0.4635790676047157,0.46846026335506985,0.4373955853918646,0.4536886996108195
neutral_bottleneck_mutable,14101,5,77,7.2980578707727854,0.10810365593835239,0.9946500823575938,False,0.46121361733867144,0.46573377695731927,0.4358102540477019,0.4488288967664729
neutral_bottleneck_mutable,14101,10,87,6.95200624322247,0.11020686727576852,0.9869551153988704,False,0.4609775726924467,0.4596122696024195,0.4428822643793856,0.4496079814060849
neutral_bottleneck_mutable,14101,15,90,6.741050479559497,0.1098841349776771,0.9846274982408504,False,0.46213001770326934,0.46178754696584645,0.4425916759926138,0.4470465640269748
neutral_bottleneck_mutable,14101,20,92,6.623038512612552,0.11075151887339212,0.9828585354172206,False,0.4649121162335555,0.45784465111087336,0.44106925558982285,0.44741817438615034
neutral_bottleneck_mutable,14101,25,95,6.278732033266889,0.11174758693846695,0.9777765065365872,False,0.46434558984675944,0.44988006830059996,0.4372784534791069,0.44806301828425216
neutral_bottleneck_mutable,14101,30,96,6.0075473245870255,0.11175536504010188,0.9756529614549098,False,0.46583942890485264,0.4495738257752209,0.43570980287647076,0.4474874673625495
neutral_bottleneck_mutable,14101,35,98,5.673974930207698,0.11135599808611302,0.9757286304440805,False,0.46589680403374883,0.4501645411456781,0.4347267315874028,0.4459185817095774
neutral_bottleneck_mutable,14101,40,100,5.323545431603544,0.11535540932682317,0.9726551884029299,False,0.4619374570327295,0.44195799772948385,0.4381934224295822,0.4436233410869992
neutral_bottleneck_mutable,14101,45,102,4.973328854513276,0.11644698920233335,0.9704142521155984,False,0.4655619844440494,0.44214459977506493,0.4370519779639099,0.4463843874487002
neutral_bottleneck_mutable,14101,50,102,4.721858266277981,0.11644698920233335,0.9704142521155984,False,0.4655619844440494,0.44214459977506493,0.4370519779639099,0.4463843874487002
neutral_bottleneck_mutable,14101,55,102,4.470387678042686,0.11644698920233335,0.9704142521155984,False,0.4655619844440494,0.44214459977506493,0.4370519779639099,0.4463843874487002
neutral_bottleneck_mutable,14101,60,98,4.387189215921979,0.1141998373070296,0.9519719695359667,False,0.4702708319779858,0.43306702907745315,0.44018776468166254,0.44620636713019174
neutral_bottleneck_mutable,14101,65,95,4.286176496424777,0.11340508735829061,0.9456090030625139,False,0.4731464684227505,0.42831294555637967,0.44068461361741684,0.44436863510628016
neutral_bottleneck_mutable,14101,70,91,4.24414689187202,0.11245745528846038,0.9374346040666254,False,0.47106900429240267,0.422359142852444,0.43551445073967754,0.4438598555899841
neutral_bottleneck_mutable,14101,75,87,4.230392542425091,0.112945380094352,0.9185307736386948,False,0.47049191462665146,0.41445118315553836,0.4335484892751344,0.4450605431685117
neutral_bottleneck_mutable,14101,80,83,4.244094255313047,0.11470922876920747,0.8997972652446096,False,0.47029256706276873,0.40220707163135616,0.4332442938527943,0.4488102257459943
neutral_bottleneck_mutable,14101,85,81,4.224731150505962,0.11563542205768834,0.8948007875948227,False,0.4710273568450791,0.3993373165086543,0.43322918276425587,0.44925405695784854
neutral_bottleneck_mutable,14101,90,76,4.392129252512933,0.11499150422889637,0.8754345826052087,False,0.4768918348459639,0.39674791270837867,0.43066505165031993,0.453299331640357
neutral_bottleneck_mutable,14101,95,77,4.232556145337439,0.11565732634399226,0.8720637537041569,False,0.48058672226933097,0.3964267842026691,0.42963525984179385,0.4521922920748793
neutral_bottleneck_mutable,14101,100,74,4.344405394472742,0.11956999738368612,0.8437153547006357,False,0.4849416956768827,0.3819137998598719,0.4390267365714284,0.44853734144067964
neutral_bottleneck_mutable,14101,105,74,4.305389580389508,0.12089769069327186,0.8385715812261285,False,0.48884403271913035,0.38152642840899204,0.43846873941461023,0.44689457551182027
neutral_bottleneck_mutable,14101,110,73,4.325531903408542,0.12038076933877123,0.8330911023316994,False,0.48844750611091803,0.3777336782224412,0.4362981238805275,0.4472018066728042
neutral_bottleneck_mutable,14101,115,71,4.430017309138361,0.12090570581009302,0.8020090194594112,False,0.49061008661072586,0.36081779920553175,0.4357258708734796,0.45042619932539524
neutral_bottleneck_mutable,14101,120,68,4.5690121904238765,0.12216127214841457,0.783323584546502,False,0.49337572476012365,0.3556417206513565,0.43437862001230215,0.45157069694134117
neutral_bottleneck_mutable,14101,125,63,4.896159189663866,0.12401389501492412,0.7544749943663386,False,0.4985368469068159,0.3482340668572426,0.4354745320458766,0.45180384150777125
neutral_bottleneck_mutable,14101,130,61,5.0772627696528465,0.1250027204945,0.7380720390146335,False,0.503822708187149,0.34574933166264815,0.43557129516746845,0.4463185571086272
neutral_bottleneck_mutable,14101,135,59,5.264312355064806,0.1254754525564533,0.7282064150804246,False,0.5079312359239935,0.3419881815575388,0.4380049698006531,0.44996326045148816
neutral_bottleneck_mutable,14101,140,58,5.391583257738338,0.12582859866758608,0.7147371203320886,False,0.5117970749418317,0.33898693533473273,0.44269484894456973,0.4487301725224734
neutral_bottleneck_mutable,14101,145,58,5.395031533600406,0.12582859866758608,0.7147371203320886,False,0.5117970749418317,0.33898693533473273,0.44269484894456973,0.4487301725224734
neutral_bottleneck_mutable,14101,150,57,5.48951531489164,0.1261324513927018,0.7198884907883573,False,0.5101136176702199,0.3375572186587769,0.4454318112834914,0.4497112259035554
neutral_bottleneck_mutable,14101,155,57,5.500041630681114,0.12902293311172,0.7075237138427469,False,0.507992168097531,0.3300763929360212,0.449926956787947,0.4464116385716518
neutral_bottleneck_mutable,14101,160,57,5.503988999102166,0.12902293311172,0.7075237138427469,False,0.507992168097531,0.3300763929360212,0.449926956787947,0.4464116385716518
neutral_bottleneck_mutable,14101,165,59,5.317328355064804,0.12842913728965988,0.7126620138158124,False,0.5096083958567841,0.33350399179606866,0.45256287566837794,0.4409994660138527
neutral_bottleneck_mutable,14101,170,60,5.2075395491470555,0.12776225068343294,0.7131632007436256,False,0.5113019874438091,0.33527620827705457,0.4527493064534806,0.4421822521529977
neutral_bottleneck_mutable,14101,175,60,5.182539549147054,0.12776225068343294,0.7131632007436256,False,0.5113019874438091,0.33527620827705457,0.4527493064534806,0.4421822521529977
neutral_bottleneck_mutable,14101,179,60,5.162539549147055,0.12776225068343294,0.7131632007436256,False,0.5113019874438091,0.33527620827705457,0.4527493064534806,0.4421822521529977
neutral_bottleneck_mutable,14101,180,5,5.210404692479973,0.06641446337512347,0.24666881599558974,False,0.5862630196929087,0.38536182089775456,0.4515468812337803,0.3994202138071092
neutral_bottleneck_mutable,14101,185,6,5.218670577066644,0.07187947376687179,0.23649362296723983,False,0.5729499281576622,0.4053808459619039,0.4727702551433197,0.39765644094285846
neutral_bottleneck_mutable,14101,190,6,6.0186705770666435,0.07187947376687179,0.23649362296723983,False,0.5729499281576622,0.4053808459619039,0.4727702551433197,0.39765644094285846
neutral_bottleneck_mutable,14101,195,7,5.844574780342836,0.07646926842178614,0.25229750881881563,False,0.5717912166464905,0.3930894501784276,0.46454938070071095,0.4249562736794824
neutral_bottleneck_mutable,14101,200,7,6.448146208914266,0.07646926842178614,0.25229750881881563,False,0.5717912166464905,0.3930894501784276,0.46454938070071095,0.4249562736794824
neutral_bottleneck_mutable,14101,205,7,7.051717637485692,0.07646926842178614,0.25229750881881563,False,0.5717912166464905,0.3930894501784276,0.46454938070071095,0.4249562736794824
neutral_bottleneck_mutable,14101,210,7,7.655289066057118,0.07646926842178614,0.25229750881881563,False,0.5717912166464905,0.3930894501784276,0.46454938070071095,0.4249562736794824
neutral_bottleneck_mutable,14101,215,7,8.258860494628546,0.07646926842178614,0.25229750881881563,False,0.5717912166464905,0.3930894501784276,0.46454938070071095,0.4249562736794824
neutral_bottleneck_mutable,14101,220,8,7.6971279327999795,0.07675357812205436,0.2431147865896834,False,0.5591172668764626,0.37935645287238406,0.46483071866034104,0.41780425277351924
neutral_bottleneck_mutable,14101,225,10,6.488202346239982,0.08370490318608628,0.2546142123425221,False,0.5751779833769987,0.3754715994289824,0.4456075870637294,0.4303241383585603
neutral_bottleneck_mutable,14101,230,10,6.738202346239982,0.08370490318608628,0.2546142123425221,False,0.5751779833769987,0.3754715994289824,0.4456075870637294,0.4303241383585603
neutral_bottleneck_mutable,14101,235,10,6.98820234623998,0.08370490318608628,0.2546142123425221,False,0.5751779833769987,0.3754715994289824,0.4456075870637294,0.4303241383585603
neutral_bottleneck_mutable,14101,240,10,7.238202346239978,0.08370490318608628,0.2546142123425221,False,0.5751779833769987,0.3754715994289824,0.4456075870637294,0.4303241383585603
neutral_bottleneck_mutable,14101,245,10,7.488202346239978,0.08370490318608628,0.2546142123425221,False,0.5751779833769987,0.3754715994289824,0.4456075870637294,0.4303241383585603
neutral_bottleneck_mutable,14101,250,10,7.738202346239977,0.08370490318608628,0.2546142123425221,False,0.5751779833769987,0.3754715994289824,0.4456075870637294,0.4303241383585603
neutral_bottleneck_mutable,14101,255,10,7.988202346239977,0.08370490318608628,0.2546142123425221,False,0.5751779833769987,0.3754715994289824,0.4456075870637294,0.4303241383585603
neutral_bottleneck_mutable,14101,260,10,8.238202346239976,0.08370490318608628,0.2546142123425221,False,0.5751779833769987,0.3754715994289824,0.4456075870637294,0.4303241383585603
neutral_bottleneck_mutable,14101,265,11,7.982002132945434,0.08176859682507485,0.25488537762250585,False,0.5673176043545657,0.37135840168194534,0.4482807441599706,0.43731666658530466
neutral_bottleneck_mutable,14101,270,12,7.730168621866646,0.08171628873388141,0.251961761119364,False,0.5670254629661802,0.3752776730329838,0.4614506893358791,0.43456968176106336
neutral_bottleneck_mutable,14101,275,14,7.239073104457125,0.08130188320416237,0.25229750881881563,False,0.5614817091255405,0.3854106842824452,0.4646597092111207,0.421589958044766
neutral_bottleneck_mutable,14101,280,15,7.749801564159984,0.08050047639323796,0.25374639561933415,False,0.5651501259840663,0.38721612888303913,0.4621323320251228,0.41308540974896685
neutral_bottleneck_mutable,14101,285,16,7.100191466399986,0.09019430036600593,0.24396419966081848,False,0.5755258535533478,0.4084520560636051,0.45771582660189286,0.39450318543756513
neutral_bottleneck_mutable,14101,290,17,6.774886086023516,0.08975695801449259,0.25098606963114095,False,0.5763602065353749,0.4049453737356626,0.4552296576903416,0.4031118256501603
neutral_bottleneck_mutable,14101,295,17,6.846944909552925,0.08975695801449259,0.25098606963114095,False,0.5763602065353749,0.4049453737356626,0.4552296576903416,0.4031118256501603
neutral_bottleneck_mutable,14101,300,17,6.980768438964691,0.08975695801449259,0.25098606963114095,False,0.5763602065353749,0.4049453737356626,0.4552296576903416,0.4031118256501603
neutral_bottleneck_mutable,14101,305,18,7.056559081244429,0.08784845508842762,0.2499191293129068,False,0.5748484588968794,0.4070731647066238,0.4519926585437017,0.40032363182921
neutral_bottleneck_mutable,14101,310,18,7.2676701923555385,0.08784845508842762,0.2499191293129068,False,0.5748484588968794,0.4070731647066238,0.4519926585437017,0.40032363182921
neutral_bottleneck_mutable,14101,315,18,7.30378130346665,0.08784845508842762,0.2499191293129068,False,0.5748484588968794,0.4070731647066238,0.4519926585437017,0.40032363182921
neutral_bottleneck_mutable,14101,320,19,6.935424392757878,0.08713168623161376,0.2478844282994303,False,0.5727275738641293,0.41179721863793717,0.4568465642317717,0.3976156063273468
neutral_bottleneck_mutable,14101,325,19,6.93937176117893,0.08713168623161376,0.2478844282994303,False,0.5727275738641293,0.41179721863793717,0.4568465642317717,0.3976156063273468
neutral_bottleneck_mutable,14101,330,20,6.5961531731199825,0.08694329972832168,0.2452035674930409,False,0.5675763990499302,0.40575712874218245,0.45538783883513323,0.3961840485539275
neutral_bottleneck_mutable,14101,335,20,6.833653173119982,0.08694329972832168,0.2452035674930409,False,0.5675763990499302,0.40575712874218245,0.45538783883513323,0.3961840485539275
neutral_bottleneck_mutable,14101,339,20,6.86615317311998,0.08694329972832168,0.2452035674930409,False,0.5675763990499302,0.40575712874218245,0.45538783883513323,0.3961840485539275
neutral_bottleneck_mutable,14119,0,72,6.958089482729336,0.10496927326366896,0.9999999999999998,False,0.45702597022770064,0.49848294355795897,0.42519602146945473,0.44666923545826737
neutral_bottleneck_mutable,14119,5,76,7.342795299427793,0.10525401624098323,0.9955816892608756,False,0.45797265220334443,0.4969366992292961,0.4295512829435152,0.448083425983051
neutral_bottleneck_mutable,14119,10,87,6.98313152593692,0.10788355840475372,0.9883614319811516,False,0.4681422612816055,0.4901903016909305,0.420532076471592,0.4438962395544684
neutral_bottleneck_mutable,14119,15,90,6.843916030627911,0.10764536306396999,0.987346376966594,False,0.46785957753349966,0.4885139706225487,0.4210721292784156,0.44594294416369124
neutral_bottleneck_mutable,14119,20,92,6.631276551701217,0.1071530532945914,0.9855183080837088,False,0.4681700629624386,0.4865095011864646,0.42103601423014697,0.44680479686413654
neutral_bottleneck_mutable,14119,25,94,6.44715364634587,0.10719814317385282,0.9851777818637344,False,0.46839058016085333,0.4853046751949907,0.42190646613511235,0.4460349863846553
neutral_bottleneck_mutable,14119,30,95,6.341078344805388,0.10691761019485933,0.9850523136603937,False,0.4684382927825876,0.4845124250770648,0.42248452725311636,0.44728523723629215
neutral_bottleneck_mutable,14119,35,97,6.092087038726925,0.10680474764298208,0.9823623280826098,False,0.46959187341828335,0.48327995543114766,0.4215751417569033,0.449760185830705
neutral_bottleneck_mutable,14119,40,101,5.863588542143678,0.10672396604143712,0.9800092200750911,False,0.4721239926153063,0.482486507140471,0.4218015618308792,0.44842978843889714
neutral_bottleneck_mutable,14119,45,102,5.618798458397171,0.10690208326319575,0.9781283843561203,False,0.4726366674743258,0.48127739854523244,0.422592763043768,0.45030479422696074
neutral_bottleneck_mutable,14119,50,102,5.441347478005015,0.10690208326319575,0.9781283843561203,False,0.4726366674743258,0.48127739854523244,0.422592763043768,0.45030479422696074
neutral_bottleneck_mutable,14119,55,102,5.244288654475601,0.10690208326319575,0.9781283843561203,False,0.4726366674743258,0.48127739854523244,0.422592763043768,0.45030479422696074
neutral_bottleneck_mutable,14119,60,88,5.849573213142175,0.10913126687386947,0.9220967118213629,False,0.4859168173676236,0.468806468272555,0.4167715656900167,0.4477731171267793
neutral_bottleneck_mutable,14119,65,87,5.778399823142455,0.10931235283371195,0.9142637010450051,False,0.4867335173515447,0.46871433052471084,0.41722363298419357,0.4475931269458087
neutral_bottleneck_mutable,14119,70,89,5.512031287790937,0.11183043503127653,0.9079305413381319,False,0.48918086185926346,0.46431023230179425,0.4154667767704776,0.441533003250159
neutral_bottleneck_mutable,14119,75,88,5.4293270978794705,0.1093589119350975,0.8986050318739092,False,0.49443100670705936,0.45944125643710465,0.4156810919417673,0.44598185378347777
neutral_bottleneck_mutable,14119,80,88,5.350349825152197,0.1093589119350975,0.8986050318739092,False,0.49443100670705936,0.45944125643710465,0.4156810919417673,0.44598185378347777
neutral_bottleneck_mutable,14119,85,85,5.396597466039921,0.10901769789191572,0.8800069158027701,False,0.49449136855308345,0.45647092562993663,0.42132383604081136,0.4455267404893847
neutral_bottleneck_mutable,14119,90,85,5.318550407216392,0.10915367611256611,0.877632756907149,False,0.4972418718887942,0.45645471134311705,0.42163485065467377,0.447271193305749
neutral_bottleneck_mutable,14119,95,83,5.340123091727629,0.10997329408887027,0.868181351884942,False,0.4994054649764722,0.4514494288472547,0.4245910651422953,0.4455856281856929
neutral_bottleneck_mutable,14119,100,82,5.301648983090161,0.10904691293686788,0.8569199842361168,False,0.503738317588398,0.4488016915782881,0.4220107115159211,0.4443280736092067
neutral_bottleneck_mutable,14119,105,81,5.255466871770286,0.10770747047314042,0.8486882524568984,False,0.503920817019287,0.4461161197929717,0.42057303659306605,0.4424266235570656
neutral_bottleneck_mutable,14119,110,80,5.229860207667414,0.10820071018036159,0.8435478743834041,False,0.5064668821397195,0.4440349029793901,0.421042799838734,0.44338352456660035
neutral_bottleneck_mutable,14119,115,77,5.355904111862248,0.10889721731051583,0.8283770000610281,False,0.5074760819854748,0.4387748600226069,0.4237034807401206,0.44840241029578043
neutral_bottleneck_mutable,14119,120,79,5.194552109030293,0.10958080469382322,0.8250519992883367,False,0.5098668070644631,0.43842299133986695,0.4224582903740997,0.4530665965309577
neutral_bottleneck_mutable,14119,125,77,5.275506709264846,0.1086876956480728,0.8223680592850932,False,0.5130302584292599,0.43653650671038363,0.41842817485835315,0.4521088283330548
neutral_bottleneck_mutable,14119,130,74,5.464294819099908,0.10870788353699759,0.8054566851227014,False,0.5188042084058572,0.43210452366019464,0.4225099389983998,0.4518529583771114
neutral_bottleneck_mutable,14119,135,75,5.326160221511907,0.11085921436118727,0.8007834622872286,False,0.5199771580009233,0.4272355217556758,0.41825863816062303,0.4497671759333315
neutral_bottleneck_mutable,14119,140,75,5.2796588881785755,0.1134962808788419,0.7880331516464761,False,0.5183830597268407,0.42450497948418087,0.4141750777192959,0.44308568815869326
neutral_bottleneck_mutable,14119,145,75,5.300274888178573,0.11327749199790989,0.7834048739940992,False,0.5164641729537075,0.42347501656087816,0.4153766862305197,0.4441327286463853
neutral_bottleneck_mutable,14119,150,73,5.418846802923191,0.11326796056574548,0.7708892129868835,False,0.5193782964900103,0.42266202201673003,0.4166911968531467,0.44683974873420584
neutral_bottleneck_mutable,14119,155,71,5.533943895963281,0.11195514598285095,0.762414459674622,False,0.5187507530587785,0.41913598792531886,0.40928274025247435,0.44584506288916154
neutral_bottleneck_mutable,14119,160,72,5.43586945296379,0.11131203290181141,0.7601597502331475,False,0.5187438981387547,0.4203171758205533,0.4107087717163111,0.4475582870985375
neutral_bottleneck_mutable,14119,165,71,5.506580290329477,0.11001674869540029,0.7472225886786373,False,0.524885259578491,0.4164507150051377,0.4128269414392393,0.4450452274324929
neutral_bottleneck_mutable,14119,170,68,5.740432361961662,0.11029014806478585,0.7354159913676085,False,0.5298522948344272,0.4128335885894444,0.4130368418905851,0.4439820794819654
neutral_bottleneck_mutable,14119,175,69,5.658759429179607,0.11017234279385277,0.7339916260555224,False,0.5306407085158792,0.4136402849699438,0.4105327742540414,0.44552888613243447
neutral_bottleneck_mutable,14119,179,70,5.562848580191327,0.11038592205531136,0.7346354469905447,False,0.5298183341146242,0.41102097333476806,0.4091588800008478,0.44705055995089465
neutral_bottleneck_mutable,14119,180,8,6.092557839999984,0.0753528906367968,0.4457104420810863,False,0.4630365521989885,0.3660234642667943,0.45308491324267725,0.5069936231466372
neutral_bottleneck_mutable,14119,185,8,7.5800578399999825,0.0753528906367968,0.4457104420810863,False,0.4630365521989885,0.3660234642667943,0.45308491324267725,0.5069936231466372
neutral_bottleneck_mutable,14119,190,9,7.741718079999984,0.07297063571180323,0.44173641597924546,False,0.46699356002997383,0.3725821194482276,0.45994421487606857,0.5127877666308843
neutral_bottleneck_mutable,14119,195,11,7.573223883636351,0.08023332384751751,0.4428188172021357,False,0.4631723899439962,0.3584356762396328,0.4814583283598919,0.49066363473693003
neutral_bottleneck_mutable,14119,200,13,7.154266363076912,0.07909227000194878,0.45014530880276815,False,0.4698682866662349,0.37675404927812817,0.47446050771057496,0.49762683139594327
neutral_bottleneck_mutable,14119,205,14,7.141818765714274,0.08132671526627817,0.44626707545798827,False,0.4732989600940369,0.3672326950305772,0.4608116247638475,0.49956021342597395
neutral_bottleneck_mutable,14119,210,14,7.548961622857132,0.08132671526627817,0.44626707545798827,False,0.4732989600940369,0.3672326950305772,0.4608116247638475,0.49956021342597395
neutral_bottleneck_mutable,14119,215,14,8.35253305142856,0.08132671526627817,0.44626707545798827,False,0.4732989600940369,0.3672326950305772,0.4608116247638475,0.49956021342597395
neutral_bottleneck_mutable,14119,220,17,7.384144865882342,0.08115044680819154,0.44301537921963935,False,0.48049537573962053,0.36450731673396636,0.4645298366110651,0.5001512746173471
neutral_bottleneck_mutable,14119,225,18,7.2986368177777665,0.08067062046497601,0.4437674373281446,False,0.4820215435106573,0.37303338157359733,0.4673761011507344,0.5016866820489345
neutral_bottleneck_mutable,14119,230,18,7.487525706666656,0.08067062046497601,0.4437674373281446,False,0.4820215435106573,0.37303338157359733,0.4673761011507344,0.5016866820489345
neutral_bottleneck_mutable,14119,235,18,7.676414595555546,0.08067062046497601,0.4437674373281446,False,0.4820215435106573,0.37303338157359733,0.4673761011507344,0.5016866820489345
neutral_bottleneck_mutable,14119,240,18,7.865303484444433,0.08067062046497601,0.4437674373281446,False,0.4820215435106573,0.37303338157359733,0.4673761011507344,0.5016866820489345
neutral_bottleneck_mutable,14119,245,18,8.229192373333321,0.08067062046497601,0.4437674373281446,False,0.4820215435106573,0.37303338157359733,0.4673761011507344,0.5016866820489345
neutral_bottleneck_mutable,14119,250,18,8.476414595555543,0.08067062046497601,0.4437674373281446,False,0.4820215435106573,0.37303338157359733,0.4673761011507344,0.5016866820489345
neutral_bottleneck_mutable,14119,255,21,7.650022034285705,0.08387603273028682,0.4416131156670637,False,0.47855989329424903,0.37085909312566645,0.46714728200320366,0.4993514089541097
neutral_bottleneck_mutable,14119,260,21,8.199173272380943,0.08754249143315937,0.4165675654330623,False,0.4780970787757394,0.3713412191550236,0.4748494648209032,0.48965682183212894
neutral_bottleneck_mutable,14119,265,21,8.490839939047609,0.08754249143315937,0.4165675654330623,False,0.4780970787757394,0.3713412191550236,0.4748494648209032,0.48965682183212894
neutral_bottleneck_mutable,14119,270,22,8.30080175999999,0.08674393684800666,0.41696190201562816,False,0.47993708110194505,0.3666568552398766,0.47744905727361675,0.48658658754175776
neutral_bottleneck_mutable,14119,275,25,7.435705548799991,0.08697399163423722,0.418071624889162,False,0.4827943788588181,0.37318316545759617,0.48364531049792575,0.486513590903313
neutral_bottleneck_mutable,14119,280,25,7.52070554879999,0.08697399163423722,0.418071624889162,False,0.4827943788588181,0.37318316545759617,0.48364531049792575,0.486513590903313
neutral_bottleneck_mutable,14119,285,25,7.351729548799989,0.08688816205682941,0.4157083677895047,False,0.4834152399478509,0.3703194179016812,0.48245633324822973,0.48883889569123434
neutral_bottleneck_mutable,14119,290,25,7.103249548799989,0.08987828383259558,0.4138250771149153,False,0.4809864457724952,0.36870194417616453,0.48924897787923444,0.4815749354495102
neutral_bottleneck_mutable,14119,295,25,7.192249548799989,0.08987828383259558,0.4138250771149153,False,0.4809864457724952,0.36870194417616453,0.48924897787923444,0.4815749354495102
neutral_bottleneck_mutable,14119,300,25,7.167249548799988,0.08987828383259558,0.4138250771149153,False,0.4809864457724952,0.36870194417616453,0.48924897787923444,0.4815749354495102
neutral_bottleneck_mutable,14119,305,25,7.362249548799987,0.08987828383259558,0.4138250771149153,False,0.4809864457724952,0.36870194417616453,0.48924897787923444,0.4815749354495102
neutral_bottleneck_mutable,14119,310,25,7.447249548799987,0.08987828383259558,0.4138250771149153,False,0.4809864457724952,0.36870194417616453,0.48924897787923444,0.4815749354495102
neutral_bottleneck_mutable,14119,315,25,7.532249548799985,0.08987828383259558,0.4138250771149153,False,0.4809864457724952,0.36870194417616453,0.48924897787923444,0.4815749354495102
neutral_bottleneck_mutable,14119,320,25,7.617249548799984,0.08987828383259558,0.4138250771149153,False,0.4809864457724952,0.36870194417616453,0.48924897787923444,0.4815749354495102
neutral_bottleneck_mutable,14119,325,25,7.702249548799984,0.08987828383259558,0.4138250771149153,False,0.4809864457724952,0.36870194417616453,0.48924897787923444,0.4815749354495102
neutral_bottleneck_mutable,14119,330,25,7.797124102143985,0.0911597785036346,0.4138250771149153,False,0.477780635189002,0.3717681835957242,0.4879173696506512,0.48199809374144664
neutral_bottleneck_mutable,14119,335,28,7.012967948342842,0.09062889143785206,0.4160555427428213,False,0.48014174437498597,0.3623633306724347,0.4833873350742465,0.4796253006586831
neutral_bottleneck_mutable,14119,339,27,7.279401769128377,0.08885159738323281,0.4175153765981257,False,0.4832690284850362,0.3602948326850039,0.4758483466666194,0.48440053750662165
neutral_bottleneck_mutable,14137,0,72,6.973627477536157,0.10142822611318889,0.9999999999999998,False,0.4592815447631256,0.47575420395544327,0.4341119826798667,0.4308224667497793
neutral_bottleneck_mutable,14137,5,75,6.965615711768044,0.1021210515814325,0.9965791624790418,False,0.46219969076650813,0.47294193267374823,0.436627686375251,0.43071790487372863
neutral_bottleneck_mutable,14137,10,85,6.96555673725935,0.1036083424526116,0.989235457768083,False,0.46404846980081416,0.46572749968501614,0.43952564890384266,0.4298614654539024
neutral_bottleneck_mutable,14137,15,93,6.646574941434613,0.10347525660574602,0.9827015233925297,False,0.4677501571452741,0.4631388104128826,0.44100360329117544,0.43285568068155655
neutral_bottleneck_mutable,14137,20,98,6.246927061790925,0.10333203087291881,0.977787849894364,False,0.473258246062294,0.4633274656425164,0.4400328487737312,0.4322401535947115
neutral_bottleneck_mutable,14137,25,102,5.937782006960849,0.10368677221431205,0.9757293737157585,False,0.4747008842816913,0.4605447596843683,0.43940566739522147,0.42646957716313677
neutral_bottleneck_mutable,14137,30,104,5.719899643368238,0.10466080034539976,0.9729522418576798,False,0.47552899167486906,0.45970679680006027,0.4363716137449457,0.42357858453658886
neutral_bottleneck_mutable,14137,35,107,5.383346123628279,0.10430579366920058,0.9713956025195961,False,0.4783416778069202,0.46106871013300166,0.43721549866509873,0.4230137753672149
neutral_bottleneck_mutable,14137,40,110,5.105395951778934,0.10429675899353054,0.9675458053218754,False,0.479178239493273,0.46090875205890564,0.4372800236464987,0.41876528460552676
neutral_bottleneck_mutable,14137,45,113,4.870082494299505,0.10513870067782169,0.9628437697561497,False,0.47897483949048875,0.4590667550233473,0.4375485129083438,0.41516154856940946
neutral_bottleneck_mutable,14137,50,114,4.608672487105737,0.1046415739674147,0.9603254695673478,False,0.4787715119871494,0.45791144925053795,0.4377851273586833,0.4151991388345733
neutral_bottleneck_mutable,14137,55,115,4.381294661430877,0.10504252912847269,0.9568048928397789,False,0.479875255892985,0.4595784399336081,0.4397824091975516,0.4149843408493739
neutral_bottleneck_mutable,14137,60,95,5.035209018906382,0.10295842042354819,0.8772399489956553,False,0.49293235591470214,0.43917885362603004,0.44377514823605874,0.42159435924182725
neutral_bottleneck_mutable,14137,65,94,4.914754593410434,0.10294229709819296,0.8727700404601558,False,0.49483492063357937,0.43974015759882046,0.44421046131611736,0.4206978663812336
neutral_bottleneck_mutable,14137,70,89,5.018402209959995,0.10304894466418016,0.8470716953197419,False,0.49898770715646146,0.4362036026389953,0.446987710978353,0.41906721926308543
neutral_bottleneck_mutable,14137,75,90,4.7924672369622074,0.10298746919075642,0.8349883950996246,False,0.5049317467143587,0.43852562991659705,0.44836824915116763,0.42091135044014905
neutral_bottleneck_mutable,14137,80,87,4.7571978632878,0.103895247783722,0.827209873722402,False,0.5063614638669661,0.4372229816625709,0.4487213098968946,0.4173386248348646
neutral_bottleneck_mutable,14137,85,88,4.580303252676152,0.10223532585604352,0.8217558614556076,False,0.5106222228562125,0.4385748349557344,0.44764302904316433,0.4149238468050788
neutral_bottleneck_mutable,14137,90,84,4.628230960073402,0.0999846478829077,0.7945979807722823,False,0.5208427346548931,0.4379409654095565,0.4478140442749092,0.4132360070563011
neutral_bottleneck_mutable,14137,95,80,4.754736467895577,0.10041726668368277,0.7721103672001783,False,0.522986481116631,0.43230840998448644,0.44893887435462154,0.4084727940972819
neutral_bottleneck_mutable,14137,100,79,4.787722154145631,0.09852421493266479,0.7741789859347528,False,0.5284568777157107,0.4331401596010134,0.4498383102174781,0.41300407696826763
neutral_bottleneck_mutable,14137,105,80,4.758960724080626,0.09826991263036194,0.772312690303957,False,0.528762202878125,0.43431630681768424,0.44950116895556536,0.411482937024639
neutral_bottleneck_mutable,14137,110,79,4.816276273179368,0.09708060657514944,0.7561315977747127,False,0.5348358441057226,0.43139938212825846,0.4484476187010761,0.41080176029142373
neutral_bottleneck_mutable,14137,115,79,4.72045189928838,0.09375787173534446,0.7398046323531273,False,0.5421528404238241,0.42916201274086513,0.44686064679302917,0.4134334478592591
neutral_bottleneck_mutable,14137,120,77,4.749239605306751,0.09133846348129575,0.7264869153181575,False,0.5451098207106232,0.4298739705950788,0.4506793451187086,0.40910776088041945
neutral_bottleneck_mutable,14137,125,75,4.77213231993244,0.09229293531660589,0.7020797837605468,False,0.5526809256150135,0.4326110596271037,0.44871894189923617,0.414546603557871
neutral_bottleneck_mutable,14137,130,75,4.68352778801498,0.09229293531660589,0.7020797837605468,False,0.5526809256150135,0.4326110596271037,0.44871894189923617,0.414546603557871
neutral_bottleneck_mutable,14137,135,75,4.588670066855728,0.09229293531660589,0.7020797837605468,False,0.5526809256150135,0.4326110596271037,0.44871894189923617,0.414546603557871
neutral_bottleneck_mutable,14137,140,75,4.449247827029948,0.09186650270735687,0.6966138609983533,False,0.5522379039661461,0.43157875126374895,0.44921309037402807,0.41386880500059925
neutral_bottleneck_mutable,14137,145,71,4.603113463608605,0.09252667705899188,0.6744082478286819,False,0.550784724180207,0.42685233716328874,0.4457341155100591,0.4139028240928234
neutral_bottleneck_mutable,14137,150,71,4.506812684853533,0.09252667705899188,0.6744082478286819,False,0.550784724180207,0.42685233716328874,0.4457341155100591,0.4139028240928234
neutral_bottleneck_mutable,14137,155,69,4.54932588192745,0.0913349537878613,0.6724779837243218,False,0.550682900365289,0.426602302658166,0.44536217374118975,0.4121248912161087
neutral_bottleneck_mutable,14137,160,67,4.651601129172976,0.09153619082069392,0.6627847267197043,False,0.5508917367382924,0.4262352532014858,0.44709939282673233,0.4124612229913272
neutral_bottleneck_mutable,14137,165,64,4.831341021817297,0.09245904030884614,0.6618737793294394,False,0.5526402753385744,0.4252421655579698,0.44881424432632794,0.41598851845026197
neutral_bottleneck_mutable,14137,170,63,4.8778892899086665,0.0919038536509188,0.6584067483242481,False,0.5527990213280851,0.42558496644032334,0.4490381136971675,0.41205097412425684
neutral_bottleneck_mutable,14137,175,63,4.840929118765131,0.09232656633015585,0.6625477790166165,False,0.5499655614915309,0.4227668777650235,0.45105292214298903,0.4147366338521382
neutral_bottleneck_mutable,14137,179,63,4.8013861691954896,0.09232656633015585,0.6625477790166165,False,0.5499655614915309,0.4227668777650235,0.45105292214298903,0.4147366338521382
neutral_bottleneck_mutable,14137,180,6,6.073257535999975,0.08247345382172089,0.31091072154135735,False,0.5948504996395207,0.4745378232410747,0.46714656847736796,0.4496700123628514
neutral_bottleneck_mutable,14137,185,6,7.406590869333308,0.08247345382172089,0.31091072154135735,False,0.5948504996395207,0.4745378232410747,0.46714656847736796,0.4496700123628514
neutral_bottleneck_mutable,14137,190,8,7.036818151999981,0.08728161842941543,0.308859355953937,False,0.5812853250531711,0.48122230070781336,0.5008246789724619,0.43355976552677955
neutral_bottleneck_mutable,14137,195,10,6.5269545215999845,0.08583666328033468,0.29926447148699253,False,0.5986611270448782,0.49182848625532805,0.4824076456507281,0.4196675306579241
neutral_bottleneck_mutable,14137,200,10,6.991954521599983,0.08583666328033468,0.29926447148699253,False,0.5986611270448782,0.49182848625532805,0.4824076456507281,0.4196675306579241
neutral_bottleneck_mutable,14137,205,12,6.762878767999986,0.09022064506610256,0.31753188516380093,False,0.5820743003411675,0.48242628456193865,0.48214017144988247,0.4330614806891188
neutral_bottleneck_mutable,14137,210,13,6.73419578584614,0.09126084301104614,0.31151483079652853,False,0.5936773259638698,0.4893668495145946,0.48433401810709825,0.4255255043161978
neutral_bottleneck_mutable,14137,215,14,6.684967515428559,0.09062783171622366,0.3042803703218022,False,0.5977421985468122,0.49279239870902675,0.4954390868669108,0.42555677428535427
neutral_bottleneck_mutable,14137,220,15,6.582636347733319,0.08986963287559716,0.30620249485488377,False,0.5999238675799994,0.4884439595694587,0.4857392852266193,0.423972684676643
neutral_bottleneck_mutable,14137,225,15,6.844303014399985,0.08986963287559716,0.30620249485488377,False,0.5999238675799994,0.4884439595694587,0.4857392852266193,0.423972684676643
neutral_bottleneck_mutable,14137,230,16,6.6996590759999854,0.09294784468657818,0.31382522867076973,False,0.5938207687290226,0.4840800200977521,0.4833273700821646,0.440580684954056
neutral_bottleneck_mutable,14137,235,17,6.50879677741175,0.09409065605038924,0.3081895488287135,False,0.5985199256211926,0.48910392687967114,0.49471921601630386,0.4422088155575044
neutral_bottleneck_mutable,14137,240,18,6.269974734222208,0.09525237777981893,0.30208250337809917,False,0.6061593019399665,0.4954057374127177,0.49643648059096684,0.43504176871491324
neutral_bottleneck_mutable,14137,245,18,6.389419178666652,0.09525237777981893,0.30208250337809917,False,0.6061593019399665,0.4954057374127177,0.49643648059096684,0.43504176871491324
neutral_bottleneck_mutable,14137,250,18,6.692196956444429,0.09525237777981893,0.30208250337809917,False,0.6061593019399665,0.4954057374127177,0.49643648059096684,0.43504176871491324
neutral_bottleneck_mutable,14137,255,19,6.626291853473667,0.09458962781543019,0.3067147685183366,False,0.6009628954765787,0.4928284619042585,0.493737715341128,0.42860084632551465
neutral_bottleneck_mutable,14137,260,21,6.260216438857126,0.09650457843983101,0.3036605012338109,False,0.5981547219706675,0.4954636559776483,0.500948793558324,0.4234480721426334
neutral_bottleneck_mutable,14137,265,21,6.389978343619031,0.09650457843983101,0.3036605012338109,False,0.5981547219706675,0.4954636559776483,0.500948793558324,0.4234480721426334
neutral_bottleneck_mutable,14137,270,21,6.469740248380935,0.09650457843983101,0.3036605012338109,False,0.5981547219706675,0.4954636559776483,0.500948793558324,0.4234480721426334
neutral_bottleneck_mutable,14137,275,21,6.649502153142839,0.09650457843983101,0.3036605012338109,False,0.5981547219706675,0.4954636559776483,0.500948793558324,0.4234480721426334
neutral_bottleneck_mutable,14137,280,21,6.850692629333315,0.09650457843983101,0.3036605012338109,False,0.5981547219706675,0.4954636559776483,0.500948793558324,0.4234480721426334
neutral_bottleneck_mutable,14137,285,21,6.58576729721903,0.0990004571846053,0.30851654917098076,False,0.5872610995852023,0.4859616537305162,0.4941363206217081,0.4290816879600608
neutral_bottleneck_mutable,14137,290,23,6.387874488765202,0.0969683848838063,0.3050353298779006,False,0.5801737159852741,0.48003608353953003,0.4914602956632205,0.4214760298975967
neutral_bottleneck_mutable,14137,295,24,6.261088051733317,0.09687443780015845,0.30223819233149335,False,0.5746170727118692,0.4762737689911642,0.49140407798490887,0.41742245157339036
neutral_bottleneck_mutable,14137,300,24,6.261088051733316,0.09687443780015845,0.30223819233149335,False,0.5746170727118692,0.4762737689911642,0.49140407798490887,0.41742245157339036
neutral_bottleneck_mutable,14137,305,24,5.900470882632152,0.09836403666085652,0.30844899539588105,False,0.576762858171166,0.47572577410330247,0.4918025560118813,0.4309732125624312
neutral_bottleneck_mutable,14137,310,23,5.909616183059636,0.09689441837758012,0.3050353298779006,False,0.578164049781372,0.47980263207634644,0.49319671076494204,0.4198472388059267
neutral_bottleneck_mutable,14137,315,23,5.932442270016156,0.09689441837758012,0.3050353298779006,False,0.578164049781372,0.47980263207634644,0.49319671076494204,0.4198472388059267
neutral_bottleneck_mutable,14137,320,22,6.030970651081592,0.097825057376278,0.3072169629563464,False,0.5866634905411428,0.4770224708076583,0.49182753339068946,0.4232336325708069
neutral_bottleneck_mutable,14137,325,22,6.055970651081591,0.097825057376278,0.3072169629563464,False,0.5866634905411428,0.4770224708076583,0.49182753339068946,0.4232336325708069
neutral_bottleneck_mutable,14137,330,22,6.130970651081591,0.097825057376278,0.3072169629563464,False,0.5866634905411428,0.4770224708076583,0.49182753339068946,0.4232336325708069
neutral_bottleneck_mutable,14137,335,22,6.180970651081589,0.097825057376278,0.3072169629563464,False,0.5866634905411428,0.4770224708076583,0.49182753339068946,0.4232336325708069
neutral_bottleneck_mutable,14137,339,22,6.1959706510815895,0.097825057376278,0.3072169629563464,False,0.5866634905411428,0.4770224708076583,0.49182753339068946,0.4232336325708069
neutral_bottleneck_mutable,14153,0,72,7.0321222372333425,0.10150183473613084,0.9999999999999998,False,0.4724715695673924,0.4802038487282836,0.41141437762858074,0.4408483206591092
neutral_bottleneck_mutable,14153,5,83,7.292106031739611,0.10018919149337302,0.9902841912915913,False,0.47262993017677707,0.4759362694801534,0.4112183239166124,0.43197762026452624
neutral_bottleneck_mutable,14153,10,90,7.2296088959376394,0.10072351669856804,0.987346376966594,False,0.47591141964101374,0.47175651909503097,0.40924661697412174,0.4308839478094979
neutral_bottleneck_mutable,14153,15,99,6.73238314878968,0.10083993925175341,0.9803117218507792,False,0.47964887726160155,0.46802100349339143,0.4057667705096213,0.4253451000693164
neutral_bottleneck_mutable,14153,20,100,6.500859317301782,0.100414426866001,0.9783437097439616,False,0.480257299986297,0.4678293064797239,0.40575370709534586,0.42485635890589335
neutral_bottleneck_mutable,14153,25,100,6.331859317301781,0.100414426866001,0.9783437097439616,False,0.480257299986297,0.4678293064797239,0.40575370709534586,0.42485635890589335
neutral_bottleneck_mutable,14153,30,101,6.0891676408928515,0.10040116725625278,0.9772244926533376,False,0.4811311750977272,0.4661609911864389,0.40525330822578576,0.42495278046153584
neutral_bottleneck_mutable,14153,35,102,5.8341758012762535,0.10018776521345485,0.9773494239299505,False,0.4817832429773126,0.46650713321507536,0.40566376351148753,0.42368383199196413
neutral_bottleneck_mutable,14153,40,106,5.444439610879941,0.10068328391112502,0.9768855260814499,False,0.48619893939871944,0.4645341512952823,0.409325583828565,0.4255563628757597
neutral_bottleneck_mutable,14153,45,106,5.27227614064089,0.10068328391112502,0.9768855260814499,False,0.48619893939871944,0.4645341512952823,0.409325583828565,0.4255563628757597
neutral_bottleneck_mutable,14153,50,107,5.009965148672283,0.10071739357208473,0.9759694171984172,False,0.4870452875778024,0.4658899740303146,0.4096746563203752,0.42446618062664254
neutral_bottleneck_mutable,14153,55,107,4.794778232784431,0.10071739357208473,0.9759694171984172,False,0.4870452875778024,0.4658899740303146,0.4096746563203752,0.42446618062664254
neutral_bottleneck_mutable,14153,60,105,4.677250199123182,0.099931233582903,0.965082876785715,False,0.49342376428210377,0.46257114914598674,0.41433698743015074,0.42246724202864805
neutral_bottleneck_mutable,14153,65,104,4.507512220268596,0.09977478852505625,0.950978615032622,False,0.4959162522405257,0.45800382648471594,0.41237947918111345,0.4194234340891674
neutral_bottleneck_mutable,14153,70,98,4.572055580693204,0.097920761463263,0.9333743292292422,False,0.5012788347663167,0.4523497726378987,0.41451635348888427,0.4209009056322579
neutral_bottleneck_mutable,14153,75,95,4.5547628516624625,0.09745559532894188,0.918482281567907,False,0.506594941307239,0.4487467322042964,0.41192122329340125,0.42146194289046945
neutral_bottleneck_mutable,14153,80,93,4.526263128042302,0.09862757432204969,0.9047045705327894,False,0.5083216331544762,0.445914689848217,0.4135010630199703,0.4189531801931531
neutral_bottleneck_mutable,14153,85,89,4.61547720121274,0.09696467628797603,0.8874522407756711,False,0.5094492453795176,0.44188343857191914,0.4156120074446887,0.41334308724884
neutral_bottleneck_mutable,14153,90,86,4.651656638464348,0.09723418208330116,0.8775486769738096,False,0.5109251250121072,0.44146612759843995,0.4198690428555991,0.4141272363711481
neutral_bottleneck_mutable,14153,95,85,4.623459657740398,0.09722824067269317,0.8714450327316899,False,0.5133946145645878,0.4412287755629026,0.4198747961046697,0.4135111597182876
neutral_bottleneck_mutable,14153,100,84,4.694347642901484,0.0984452403582952,0.8652288132614268,False,0.5166796299091834,0.4408498591894417,0.4216512770214059,0.41646273727924776
neutral_bottleneck_mutable,14153,105,86,4.676118627950285,0.09795032714113755,0.8603621285401483,False,0.518218507094344,0.4407485043293663,0.42145996431830757,0.4185386242579232
neutral_bottleneck_mutable,14153,110,81,4.911996089445541,0.09628057022012451,0.8366825839833337,False,0.52725111808885,0.4341765505651554,0.42341756996589774,0.4167572805046116
neutral_bottleneck_mutable,14153,115,79,4.976899787912516,0.09625273973251446,0.8260047496148395,False,0.5294604203358847,0.4322220110879158,0.4241685146737215,0.4158544103538272
neutral_bottleneck_mutable,14153,120,77,5.090250018078133,0.09515804184672326,0.8146277138705376,False,0.5327124108916916,0.42983553923701917,0.42371648550792906,0.4132786155594978
neutral_bottleneck_mutable,14153,125,76,5.161149837971989,0.09509831895608974,0.805492737209444,False,0.5376084580802964,0.4298377509593581,0.42654776013001583,0.41180090299759636
neutral_bottleneck_mutable,14153,130,76,5.169155451519392,0.09509831895608974,0.805492737209444,False,0.5376084580802964,0.4298377509593581,0.42654776013001583,0.41180090299759636
neutral_bottleneck_mutable,14153,135,77,5.078517069032126,0.09488626123253838,0.8044089932402354,False,0.5376156770092841,0.4300831124852004,0.4264424912686243,0.41394549356667276
neutral_bottleneck_mutable,14153,140,78,4.998600183531714,0.09469606454800875,0.8010992051246328,False,0.5388830313822869,0.42974644971462994,0.424946052516397,0.4138302530304991
neutral_bottleneck_mutable,14153,145,76,5.1176361883614945,0.09472347952363874,0.7951737076124822,False,0.5393929090798881,0.42634822825702967,0.42427976367144954,0.4164508292443882
neutral_bottleneck_mutable,14153,150,77,5.080292251751685,0.0953473146923708,0.7852473318619142,False,0.5443593180489827,0.42597407655384284,0.42679235366273777,0.4139270873612446
neutral_bottleneck_mutable,14153,155,77,5.116076253659834,0.09513764855799402,0.7812477578296552,False,0.5456915222054504,0.42346495975712517,0.42909289450683913,0.41337652157381677
neutral_bottleneck_mutable,14153,160,77,5.09703168413941,0.09513764855799402,0.7812477578296552,False,0.5456915222054504,0.42346495975712517,0.42909289450683913,0.41337652157381677
neutral_bottleneck_mutable,14153,165,75,5.230876856132803,0.09562125481901693,0.7720142567757543,False,0.5482799871169232,0.4203575118355452,0.4281063139192767,0.4060084549444874
neutral_bottleneck_mutable,14153,170,76,5.164752229608595,0.09542380670372602,0.768577582222572,False,0.5495475919693501,0.4202606637747978,0.4268176562311537,0.40486795572713175
neutral_bottleneck_mutable,14153,175,76,5.179010966450702,0.09512191833924058,0.7608797140330265,False,0.5492656395531522,0.4167986989626829,0.4263046226573844,0.4063798865257136
neutral_bottleneck_mutable,14153,179,75,5.224741390709436,0.09491720933740457,0.7544257869310047,False,0.5515619545048278,0.4165617064265176,0.4245912999912827,0.4065169479739476
neutral_bottleneck_mutable,14153,180,9,6.2643604870419,0.09277711584811467,0.4417364159792455,False,0.5535816902418202,0.4237648317164214,0.4319490555315185,0.4162338165189456
neutral_bottleneck_mutable,14153,185,11,6.381249545707237,0.09468907165565389,0.431696131505912,False,0.5747602435616384,0.4238892156890852,0.4364082654908518,0.3990032304819543
neutral_bottleneck_mutable,14153,190,12,7.240728750231633,0.09577298760115707,0.4357786966474209,False,0.5634513703071619,0.4292837658078692,0.43294305173118336,0.3840264447287476
neutral_bottleneck_mutable,14153,195,13,7.2979803848292,0.09586981966454358,0.42521045889613396,False,0.5726097465950871,0.42518890469815857,0.4376354682500378,0.3716762937152747
neutral_bottleneck_mutable,14153,200,14,7.417053214484256,0.10134963778269485,0.43185253930600365,False,0.5663208999440636,0.4133067031874682,0.4286969649073996,0.38936780073537686
neutral_bottleneck_mutable,14153,205,15,7.652583000185304,0.09993833260821114,0.43056678347142674,False,0.5691303851228093,0.4134617662226334,0.42309980079163695,0.3995311797926513
neutral_bottleneck_mutable,14153,210,17,7.286690882516446,0.09888828966154606,0.4383416166626203,False,0.5726751923640343,0.4260590537929254,0.4268156751070559,0.41389451926548965
neutral_bottleneck_mutable,14153,215,18,7.229930277932198,0.09833807778393155,0.4393533282465156,False,0.5711214417543935,0.4259317354691714,0.4220458484002877,0.4034434269694934
neutral_bottleneck_mutable,14153,220,19,7.2990524828245515,0.09700216354673637,0.4336512643151822,False,0.5700070278011072,0.4229341118394924,0.42653480171527886,0.3981804959870177
neutral_bottleneck_mutable,14153,225,19,7.592473535456129,0.09700216354673637,0.4336512643151822,False,0.5700070278011072,0.4229341118394924,0.42653480171527886,0.3981804959870177
neutral_bottleneck_mutable,14153,230,20,7.491599858683323,0.09591551836290836,0.43208909675984186,False,0.5707886153075623,0.4236980372437419,0.422640150725545,0.4055635827591738
neutral_bottleneck_mutable,14153,235,22,7.02736350789393,0.100380765491561,0.43818349871665535,False,0.5645342465237063,0.4237401198920543,0.4204897259511597,0.42294630587875237
neutral_bottleneck_mutable,14153,240,24,6.582999882236102,0.0985936998791288,0.43595314196723745,False,0.573276717592038,0.42595555727637624,0.41494464269160464,0.4282824626437289
neutral_bottleneck_mutable,14153,245,26,6.326305298842583,0.10179954423084484,0.4337556912848138,False,0.5710962512948781,0.41591469022732613,0.41371969737179615,0.42559075958848774
neutral_bottleneck_mutable,14153,250,27,6.378479176663227,0.10124933561795091,0.4352514613406921,False,0.5698180680453969,0.41886697087693714,0.410964499790338,0.42005809580443293
neutral_bottleneck_mutable,14153,255,27,6.492368065552113,0.10124933561795091,0.4352514613406921,False,0.5698180680453969,0.41886697087693714,0.410964499790338,0.42005809580443293
neutral_bottleneck_mutable,14153,260,27,6.703414442251629,0.10124933561795091,0.4352514613406921,False,0.5698180680453969,0.41886697087693714,0.410964499790338,0.42005809580443293
neutral_bottleneck_mutable,14153,265,30,6.62001473705603,0.10197133005599449,0.43244965641566996,False,0.5671785307063034,0.4239150568352582,0.41182424060616923,0.4235863748497507
neutral_bottleneck_mutable,14153,270,32,6.651368712517993,0.10236316781540289,0.4272160699171741,False,0.5647284907847596,0.4211384892254635,0.41239298362446625,0.4188409902549466
neutral_bottleneck_mutable,14153,275,33,6.602539357593204,0.10260812306132173,0.4246650801271538,False,0.560489906567105,0.41855872992886994,0.40941128197639803,0.4218345328789701
neutral_bottleneck_mutable,14153,280,32,6.567755626038164,0.10211802613491414,0.42162745332386914,False,0.5621837788103746,0.41367435201697406,0.40597380012197193,0.4189086360950544
neutral_bottleneck_mutable,14153,285,32,6.557339928702589,0.10211802613491414,0.42162745332386914,False,0.5621837788103746,0.41367435201697406,0.40597380012197193,0.4189086360950544
neutral_bottleneck_mutable,14153,290,31,6.664179797090257,0.10305981575840079,0.41862960167706625,False,0.5587081532379877,0.41191947540139057,0.40589941958099396,0.4181787525567983
neutral_bottleneck_mutable,14153,295,30,6.727294046326597,0.10351192697741857,0.41568336375660314,False,0.5615077485827211,0.41018590357140977,0.40785705379685383,0.42310686661702906
neutral_bottleneck_mutable,14153,300,30,6.991337523202748,0.1017918258854157,0.4216445547894617,False,0.5576614811044707,0.41309207661497366,0.40333453432278676,0.4262466575929517
neutral_bottleneck_mutable,14153,305,30,7.21633752320275,0.1017918258854157,0.4216445547894617,False,0.5576614811044707,0.41309207661497366,0.40333453432278676,0.4262466575929517
neutral_bottleneck_mutable,14153,310,29,7.501732749826809,0.10112270764901465,0.41896950281646633,False,0.5602384690857655,0.41683398509793046,0.4050688372731671,0.4187263881959728
neutral_bottleneck_mutable,14153,315,31,7.3759757982250775,0.09881208885912471,0.430908286745245,False,0.5631037879503192,0.4200645345405333,0.4090246711295017,0.41746374269789244
neutral_bottleneck_mutable,14153,320,33,7.2309166589387095,0.09725363982146192,0.4386072983266346,False,0.5661200226583932,0.41811108152025356,0.41545277332299535,0.41695637777641287
neutral_bottleneck_mutable,14153,325,33,7.3225833256053745,0.09725363982146192,0.4386072983266346,False,0.5661200226583932,0.41811108152025356,0.41545277332299535,0.41695637777641287
neutral_bottleneck_mutable,14153,330,33,7.41424999227204,0.09725363982146192,0.4386072983266346,False,0.5661200226583932,0.41811108152025356,0.41545277332299535,0.41695637777641287
neutral_bottleneck_mutable,14153,335,34,7.2817720513228625,0.09994048492901716,0.4412646098248684,False,0.5639098518553711,0.4132516313647903,0.4117960901322766,0.4253875330556123
neutral_bottleneck_mutable,14153,339,33,7.565322054068709,0.09925164412423462,0.4430108534114978,False,0.5623747245808095,0.4141004347750542,0.4084606914710915,0.4325003882337986
neutral_bottleneck_mutable,14173,0,72,6.980386614725606,0.09971507075084893,0.9999999999999998,False,0.4637104754680456,0.47885240656363465,0.4323991354272159,0.4177157794618539
neutral_bottleneck_mutable,14173,5,78,6.92930878855497,0.10261527343149918,0.993781296139378,False,0.47192239643647993,0.478160410889003,0.4334989637362972,0.41628512691050845
neutral_bottleneck_mutable,14173,10,90,6.786231847793966,0.10389110027152915,0.9859869376037222,False,0.47149736570741396,0.46481874906536885,0.43102548803488216,0.4122031269173024
neutral_bottleneck_mutable,14173,15,97,6.343975743253878,0.10429775255421951,0.9811009925912852,False,0.4758921010121664,0.45856438376613706,0.42750463397973504,0.4138906301318234
neutral_bottleneck_mutable,14173,20,99,6.195159111646498,0.10380355112059872,0.9790758678845322,False,0.47792312708923707,0.4574263692476417,0.42836311479004996,0.41349026582128895
neutral_bottleneck_mutable,14173,25,100,6.0110067875446624,0.10390110493961119,0.9765294000424627,False,0.4794053124441771,0.45624036251154954,0.42725060927046377,0.4128268778387952
neutral_bottleneck_mutable,14173,30,102,5.666084367214996,0.10505234428210773,0.9728132627559604,False,0.48143170346020997,0.4564820622299483,0.42690991542815127,0.4130097492848578
neutral_bottleneck_mutable,14173,35,103,5.354994358495295,0.10542641937894297,0.9710428081176864,False,0.4832491409364376,0.4554885094861084,0.425496878579628,0.414033542929804
neutral_bottleneck_mutable,14173,40,104,5.025184380722228,0.10586786275902856,0.9712686478649782,False,0.4817757890037347,0.45422235167806463,0.423775726359948,0.4151086292323738
neutral_bottleneck_mutable,14173,45,106,4.667764047775449,0.10554975324996574,0.9694624931707588,False,0.48225049500191863,0.4544327632165641,0.4253327468588156,0.41365534344187976
neutral_bottleneck_mutable,14173,50,106,4.409036256197204,0.10554975324996574,0.9694624931707588,False,0.48225049500191863,0.4544327632165641,0.4253327468588156,0.41365534344187976
neutral_bottleneck_mutable,14173,55,105,4.222766237784114,0.10520705720203548,0.9691811314823094,False,0.4838651835530192,0.4529213042844008,0.4253618142245832,0.41495940922759683
neutral_bottleneck_mutable,14173,60,91,4.623465645684377,0.10191905399499927,0.9104599996783925,False,0.4953828894582988,0.4270045885820134,0.41801398645772586,0.41688710194537426
neutral_bottleneck_mutable,14173,65,85,4.772685960803468,0.10207269570786781,0.8843251349554219,False,0.49767606901833444,0.41983075221624244,0.4179978979139713,0.4155137344237069
neutral_bottleneck_mutable,14173,70,83,4.70193571384893,0.10190977544232092,0.8669473550342032,False,0.5004795487694667,0.41617277228495353,0.4205987378318307,0.4078097110751347
neutral_bottleneck_mutable,14173,75,82,4.600242616860162,0.10005881708785061,0.8556709386432956,False,0.5053552576366724,0.4145303190885181,0.42146308002984156,0.40994555938688937
neutral_bottleneck_mutable,14173,80,81,4.50759349183268,0.0990190340526597,0.8451322105255793,False,0.5048620545758199,0.4132381128052248,0.41846438422418475,0.40629649619741826
neutral_bottleneck_mutable,14173,85,78,4.485156836274327,0.09925167938383506,0.8417592108407314,False,0.5041752280597958,0.41036536864717293,0.4144260140546929,0.4046172856127907
neutral_bottleneck_mutable,14173,90,73,4.649028673198867,0.09897318126142642,0.8230288833196233,False,0.5119358853992613,0.4106283159966673,0.4116530035284054,0.4051934133278643
neutral_bottleneck_mutable,14173,95,72,4.596414476321227,0.09861395186256898,0.8246058570343696,False,0.5120459460477611,0.4109257077336568,0.41517666666379643,0.40581836475819966
neutral_bottleneck_mutable,14173,100,70,4.622641877600721,0.09997189906394204,0.8176382420548148,False,0.5119205050817945,0.40901181321150754,0.4106336779040691,0.40875379453498434
neutral_bottleneck_mutable,14173,105,69,4.598762933417676,0.09988110610463771,0.8079453670618266,False,0.5140687676004445,0.40572434104091776,0.41389007498523955,0.4086062265296649
neutral_bottleneck_mutable,14173,110,69,4.527521272172832,0.09872250941230856,0.7995041678844161,False,0.5113516136642291,0.40256154619462636,0.41352970889915647,0.40664030107117277
neutral_bottleneck_mutable,14173,115,66,4.620332907338108,0.09919345371609423,0.7893132554855087,False,0.5154891518892135,0.39922789281791826,0.41058010512130644,0.4070270772816079
neutral_bottleneck_mutable,14173,120,64,4.744751969763415,0.09912844386620238,0.7812347418211093,False,0.5191054692016586,0.40035146615552064,0.41126017237458845,0.4085606147374642
neutral_bottleneck_mutable,14173,125,63,4.791016491448158,0.09856410920372453,0.7745170427794962,False,0.5204811047209587,0.39762501724384236,0.41242533307625207,0.4107489460337549
neutral_bottleneck_mutable,14173,130,60,5.021550244851412,0.09972484270688317,0.7564892271636073,False,0.5239041103844543,0.39240491415971307,0.4109299526611979,0.4150099510675597
neutral_bottleneck_mutable,14173,135,57,5.310552134181458,0.10139760600897559,0.7339228874599699,False,0.5231151452499585,0.39166750923128385,0.4078741386960418,0.41361619748201284
neutral_bottleneck_mutable,14173,140,57,5.307427816892275,0.10063222574555285,0.724695579479022,False,0.5230978238706621,0.3904330584022534,0.40480913717965766,0.417688900810791
neutral_bottleneck_mutable,14173,145,56,5.421621170765353,0.10073776637334517,0.7144314315030492,False,0.5254413639381883,0.387547116225388,0.40321617289128525,0.41645788222069074
neutral_bottleneck_mutable,14173,150,58,5.238764181381346,0.10162016753953265,0.7195589482818412,False,0.5244919787216882,0.39025432978897,0.40606398071929367,0.41493694304546325
neutral_bottleneck_mutable,14173,155,57,5.401603718893394,0.10116469540502558,0.7206865753208705,False,0.5259683243818022,0.3890812103211307,0.40443747726151996,0.41839686330814413
neutral_bottleneck_mutable,14173,160,57,5.511423665594887,0.10007504583883767,0.7134945716864053,False,0.5291007199932545,0.38903495649847325,0.40761459310749626,0.41662152420646176
neutral_bottleneck_mutable,14173,165,54,5.822920570437553,0.09758450010125104,0.7045071081650675,False,0.5352423494477522,0.389702696334263,0.39891987394642636,0.4195696650813615
neutral_bottleneck_mutable,14173,170,54,5.947920570437553,0.09758450010125104,0.7045071081650675,False,0.5352423494477522,0.389702696334263,0.39891987394642636,0.4195696650813615
neutral_bottleneck_mutable,14173,175,56,5.757813646545611,0.09740920944511164,0.7027413727087378,False,0.532878941878885,0.3872769696348363,0.40097604092953604,0.41838346747777744
neutral_bottleneck_mutable,14173,179,56,5.806393513798871,0.09740920944511164,0.7027413727087378,False,0.532878941878885,0.3872769696348363,0.40097604092953604,0.41838346747777744
neutral_bottleneck_mutable,14173,180,5,6.305340782191868,0.09318484268560104,0.3114994257528387,False,0.5479571137825074,0.33509378019320096,0.3262084504354713,0.3909680113651569
neutral_bottleneck_mutable,14173,185,5,8.316394006948471,0.09318484268560104,0.3114994257528387,False,0.5479571137825074,0.33509378019320096,0.3262084504354713,0.3909680113651569
neutral_bottleneck_mutable,14173,190,8,6.587331832836859,0.10581352236590114,0.30885935595393693,False,0.5514167348648668,0.33040028405603467,0.35540556456552996,0.37496665207716573
neutral_bottleneck_mutable,14173,195,9,6.646014136541933,0.10526646746761818,0.32009100608844615,False,0.5512029061739393,0.33887796580971663,0.33826816620550154,0.3915859752631469
neutral_bottleneck_mutable,14173,200,11,6.211738838988854,0.11265261367027729,0.3138222955836413,False,0.5854694218827601,0.32563514651118647,0.3493464206317797,0.35284956622906527
neutral_bottleneck_mutable,14173,205,11,6.970368539121876,0.11265261367027729,0.3138222955836413,False,0.5854694218827601,0.32563514651118647,0.3493464206317797,0.35284956622906527
neutral_bottleneck_mutable,14173,210,12,6.835428804981601,0.11364101067017984,0.30598726925040476,False,0.6001304213544543,0.3213995193892289,0.36147306371785054,0.3425146237862242
neutral_bottleneck_mutable,14173,215,13,7.054466035769376,0.11195595200713096,0.31151483079652853,False,0.5945410079007066,0.3165894360009454,0.37287903637578196,0.34870532219926653
neutral_bottleneck_mutable,14173,220,13,7.3233961688031135,0.11195595200713096,0.31151483079652853,False,0.5945410079007066,0.3165894360009454,0.37287903637578196,0.34870532219926653
neutral_bottleneck_mutable,14173,225,15,7.048689207148635,0.11478729593465149,0.3114994257528387,False,0.6017776409509866,0.3191543904530024,0.3617147625599968,0.3460028730394614
neutral_bottleneck_mutable,14173,230,15,7.203921297301233,0.11478729593465149,0.3114994257528387,False,0.6017776409509866,0.3191543904530024,0.3617147625599968,0.3460028730394614
neutral_bottleneck_mutable,14173,235,16,6.820339332643772,0.11340613191816604,0.31382522867076973,False,0.5976289429230647,0.3207862087621677,0.3503879147091979,0.3495732282302498
neutral_bottleneck_mutable,14173,240,16,6.928630725323501,0.11340613191816604,0.31382522867076973,False,0.5976289429230647,0.3207862087621677,0.3503879147091979,0.3495732282302498
neutral_bottleneck_mutable,14173,245,16,7.106437769181268,0.11340613191816604,0.31382522867076973,False,0.5976289429230647,0.3207862087621677,0.3503879147091979,0.3495732282302498
neutral_bottleneck_mutable,14173,250,16,7.317502951503325,0.11340613191816604,0.31382522867076973,False,0.5976289429230647,0.3207862087621677,0.3503879147091979,0.3495732282302498
neutral_bottleneck_mutable,14173,255,17,7.006479771710408,0.11498670089796242,0.3167376263463892,False,0.5922361432333529,0.3258584501495366,0.3473001275626806,0.3650376478851646
neutral_bottleneck_mutable,14173,260,18,6.840683183493721,0.11471541441562624,0.3200910060884461,False,0.5884728986620495,0.31890421537104774,0.3565309674192382,0.3663824836920694
neutral_bottleneck_mutable,14173,265,19,6.664662815690763,0.11545620555410155,0.32066590648122156,False,0.5797927901291087,0.3248411372464468,0.3484245352048365,0.36456652856330274
neutral_bottleneck_mutable,14173,270,19,6.750940835039188,0.11545620555410155,0.32066590648122156,False,0.5797927901291087,0.3248411372464468,0.3484245352048365,0.36456652856330274
neutral_bottleneck_mutable,14173,275,21,6.358512596230325,0.11843078606098043,0.31357196318794117,False,0.5971322113132855,0.3190275674079076,0.35883961261502956,0.346185990458313
neutral_bottleneck_mutable,14173,280,21,6.202730059494319,0.12010356551273033,0.31357196318794117,False,0.5974052327283765,0.31772284148935104,0.3633910145358894,0.3441622805492213
neutral_bottleneck_mutable,14173,285,20,6.239520226987715,0.12050773494843778,0.3114994257528387,False,0.6022804453053536,0.31475951688103426,0.3731782505862024,0.34294336700624656
neutral_bottleneck_mutable,14173,290,20,6.4523772861782165,0.12050773494843778,0.3114994257528387,False,0.6022804453053536,0.31475951688103426,0.3731782505862024,0.34294336700624656
neutral_bottleneck_mutable,14173,295,22,6.1064495643319665,0.118909002929485,0.3138222955836413,False,0.5923402260015896,0.31919082191881587,0.3576133556160941,0.3411067059333824
neutral_bottleneck_mutable,14173,300,22,6.615888743793767,0.118909002929485,0.3138222955836413,False,0.5923402260015896,0.31919082191881587,0.3576133556160941,0.3411067059333824
neutral_bottleneck_mutable,14173,305,24,6.201736185287633,0.12061700422897964,0.3159004841869543,False,0.584561117048145,0.3316700887503424,0.3448239989034785,0.3483610386858799
neutral_bottleneck_mutable,14173,310,24,6.253656880748923,0.12061700422897964,0.3159004841869543,False,0.584561117048145,0.3316700887503424,0.3448239989034785,0.3483610386858799
neutral_bottleneck_mutable,14173,315,24,6.071880670420914,0.11951035590571349,0.31091072154135735,False,0.580066353659734,0.331210864449317,0.3439428736483939,0.33905874829033245
neutral_bottleneck_mutable,14173,320,24,6.014777297255546,0.11812907123594685,0.31091072154135735,False,0.5831167382168397,0.33020645523653586,0.3387083612027155,0.3349428671356994
neutral_bottleneck_mutable,14173,325,25,5.783416800128498,0.1170889925102152,0.3083802783357515,False,0.5875139243272216,0.3283665730185427,0.34222222126727,0.33065458307936074
neutral_bottleneck_mutable,14173,330,26,5.570762577656548,0.11566296811249203,0.30640431444102817,False,0.5825228935092908,0.3293885065986825,0.3399950907191541,0.3313801591318234
neutral_bottleneck_mutable,14173,335,26,5.521609952282251,0.11566296811249203,0.30640431444102817,False,0.5825228935092908,0.3293885065986825,0.3399950907191541,0.3313801591318234
neutral_bottleneck_mutable,14173,339,26,5.559364771869715,0.11566296811249203,0.30640431444102817,False,0.5825228935092908,0.3293885065986825,0.3399950907191541,0.3313801591318234
